rxn_label,exp0,exp1,exp2,exp3,exp4,exp5,exp6,exp7,exp8,exp9,exp10,exp11,exp12,exp13,exp14,exp15,exp16,exp17,exp18,exp19,exp20,exp21,exp22,exp23,exp24,exp25,exp26,exp27,exp28,exp29,exp30,exp31,exp32,exp33,exp34,exp35,exp36,exp37,exp38,exp39,exp40,exp41,exp42,exp43,exp44,exp45,exp46,exp47,exp48,exp49,exp50,exp51,exp52,exp53,exp54,exp55,exp56,exp57,exp58,exp59,exp60,exp61,exp62,exp63,exp64,exp65,exp66,exp67,exp68,exp69,exp70,exp71,exp72,exp73,exp74,exp75,exp76,exp77,exp78,exp79,exp80,exp81,exp82,exp83,exp84,exp85,exp86,exp87,exp88,exp89,exp90,exp91,exp92,exp93,exp94,exp95,exp96,exp97,exp98,exp99,exp100,exp101,exp102,exp103,mean_abs_sens,max_abs_sens,mean_rel_change
r0 H + O2 <=> O + OH,0.044911165366472265,0.04393453664120887,0.044413491687956844,0.045045296561761476,0.04487647687785054,0.04135638428691549,0.04329145997283365,0.037436867674493675,0.04014207895102584,0.03374911340857642,0.036087937429732916,0.06629889128958114,0.0618314935125698,0.057935041570433186,0.057001277631245816,0.05241863392299529,0.05175601469135704,0.04925609644672331,0.04613571894896885,0.0454341680507874,0.09593667396542661,0.0903216684693132,0.08455510396853146,0.0799649702258027,0.07140268010579674,0.06650650941021562,0.06033348548155303,0.05592724437815288,0.05641537680943292,0.05596905825935885,0.052458060432573,0.05370368891337122,0.05003466630494692,0.04816528942394945,0.04916224625376419,0.04166557868530181,0.04736516562671765,0.03692046866578783,0.08028656873669694,0.0765548557575797,0.07246658828186082,0.06818785041772349,0.0671898250433888,0.06173732175877301,0.058995334540559934,0.05885405103828553,0.05710943629445489,0.08998915336474449,0.08804451157841486,0.08281637271881515,0.08172915180154362,0.0818473431042675,0.0800360550040382,0.07936840050903901,0.0755246434561383,0.0671718780899383,0.058983900610162246,0.057089775760059844,0.056139578217557995,0.054320858612087415,0.053513771835230865,0.05164211404875126,0.04844110300229877,0.04997760386334211,0.04507591604407316,0.07841798398777325,0.07070397664321315,0.0668679561097001,0.06693424237333047,0.06330791223279643,0.05854238665046236,0.05661378378993173,0.09147595587565134,0.09195393147556397,0.08260071109203064,0.0807353676642698,0.07938069909225792,0.07518089095703086,0.06994359840734633,0.060892524215519654,0.06401167129686441,0.06155030082929293,0.053997715920824994,0.06229302019294342,0.05980697908415764,0.05109526089268429,0.0539811731111152,0.057671700788893554,0.04600711132906684,0.0690653780244815,0.07109747618672317,0.07098457363585371,0.06417175225115823,0.06361635495002116,0.05914016664306915,0.06316601511574745,0.060222077860787475,0.08696913248292543,0.07833693626738507,0.07496627786554247,0.07379183873206471,0.06436392726280735,0.06516235581955365,0.06558283603307956,0.06228671150901187,0.09593667396542661,-0.06228671150901187
r75 N2H2 + M <=> H + NNH + M,0.014227984662009252,0.011603543301569765,0.012851405813381261,0.011803876589771885,0.01233869944422435,0.010546660868027842,0.00989582107075945,0.008382179476468608,0.011938051296682874,0.005631956895841704,0.01015478244470939,0.01681184316142596,0.01580261812603595,0.016171639484991885,0.015425081484383233,0.014580047597260597,0.014303438386436643,0.012216048603162765,0.012088412910294659,0.012243680554162932,0.019395840408322377,0.019107211404947207,0.018633571767735238,0.018833245043017612,0.016890243322541566,0.016375053850435015,0.014875961884319935,0.013235931625902048,0.01858228955209536,0.016615585511919002,0.017149882327166098,0.017366259562841345,0.011968126178568458,0.015409119451683998,0.017643873344148676,0.006859778773366544,0.01309323143157473,0.0065991870834717125,0.019942174831313008,0.019377120899873305,0.01991893753175201,0.0192163119385635,0.01912598347855513,0.017931304266342814,0.01643112135357356,0.016267497693695718,0.016011257487257954,0.01920571182605865,0.027413722083899545,0.022458165645248072,0.022870179339742034,0.020331274032615212,0.02238897896060703,0.021118038652573057,0.0214154413428251,0.017705054700208694,0.018451306143991878,0.017655312736272483,0.0178741537011179,0.01712300764385044,0.016615631542568062,0.01713452673791939,0.015065183894757646,0.012968591312323113,0.013198409038332613,0.019447228004189857,0.020684516004551855,0.019675823615693044,0.020386166906438317,0.019809105011129955,0.018790458383994013,0.01806595803995722,0.022155682677995794,0.021731644190783134,0.02161254128609116,0.022382965787838723,0.020330645454276756,0.021518855556070422,0.02080709908274302,0.021184981941555846,0.025772616335574823,0.020086563440874478,0.02239427676895392,0.025387248777423252,0.022223180489306597,0.010292727606825274,0.013172700556741301,0.0168512663765715,0.008412757853471677,0.02293812956594284,0.02662880581369304,0.02715364153530564,0.027826801424859313,0.0326118761341492,0.021691234454803733,0.024210109511643377,0.018502421170038478,0.023662558515497516,0.023486343888529482,0.027077734174227007,0.020498653407302378,0.020393768129548455,0.02490458503271646,0.029631651253067933,0.018050595073768008,0.0326118761341492,-0.018050595073768008
r161 NH2 + NH3 <=> H2 + N2H3,0.01068190800098189,0.010308780773898883,0.0107038659726115,0.00976802241689389,0.009947744515713185,0.0063665834397947495,0.009509285514461566,0.00859396170288118,0.004699263171499769,0.000914462042912324,0.0021623750361985414,0.017780609543488004,0.016773737886773003,0.01587888539151102,0.015608773021207249,0.01440589358827939,0.013151887747555508,0.011144252381088746,0.009560488329364859,0.009267684898642234,0.016066508017877672,0.016021170099562915,0.017210030687651603,0.015520788921900225,0.015171374161755383,0.013705106841842632,0.012594614334064324,0.011270728928613333,0.013542998989601835,0.012410113118580847,0.01062644914861288,0.011888588813731971,0.0067934552099195656,0.008534168073418301,0.007162517223216293,0.005219507170293874,0.009134874824832892,0.002587596837832673,0.018250533647556064,0.017675125255305284,0.016975651488684584,0.016026043734579755,0.015964602122677918,0.013942883615716349,0.013687230228698872,0.011388620906456932,0.00950394712032009,0.018648096690660452,0.0188276874094246,0.016591965421015296,0.014947969071183955,0.014911223063832954,0.01568465713997923,0.01599354915906019,0.015805605493218588,0.011264461130208325,0.017767293286542626,0.01571094948824712,0.014657970285057128,0.012506770316140763,0.012247285557513886,0.012114670974484987,0.009861194290076545,0.009400881393523441,0.006052748389425709,0.018436311612137338,0.01776844057080644,0.01672842745513348,0.01739264568677247,0.015557969837799494,0.014434359534406726,0.01151732957444418,0.01543143991898783,0.016080840234202302,0.015868146728001693,0.016551836921939962,0.016398300690057096,0.015514373907392827,0.014077319575704118,0.022635371590982438,0.01581584227990593,0.013944904920882675,0.01362471417443403,0.018495186751736357,0.014161468701041586,0.0026560955143428307,0.004926325975988487,0.02181347517364682,0.008003587307476983,0.022451694432274957,0.021753127586745333,0.02166286643113114,0.019565499651308525,0.019940071102149175,0.020052884252554325,0.022060251696608465,0.010991991956968598,0.021573927639323323,0.02152269503612122,0.031862315888258566,0.01578524175274052,0.026692286849898276,0.023777049208211668,0.018788004658045705,0.01418666630999252,0.031862315888258566,-0.014169080501474977
r157 H + NH3 <=> H2 + NH2,0.01578301320157699,0.0153706059706822,0.01499443129277045,0.014787098350887904,0.011562024435028599,0.01136196863134617,0.010689075806474786,0.010242177317070942,0.010465503249972268,0.007760462338969979,0.009170956069163003,0.014202938618399974,0.015245730439543595,0.015457414965367868,0.015155920673604264,0.01605092298405928,0.014974483737567665,0.015408432215024847,0.013606889955708539,0.013141964247489736,0.006385839701021155,0.007658913369829497,0.008441253131361062,0.009432032597051759,0.010657477990226968,0.01226999578229184,0.012449684252841093,0.01378109216139224,0.011342224258581404,0.011423904769186118,0.013102827137707104,0.010202450980340493,0.01220954352507831,0.01050927322638173,0.0037014257691909804,0.013565488876751177,0.0033990561036645306,0.013571482190524585,0.013257387430543688,0.013231283797227524,0.013097564872065514,0.013399394851278192,0.014041692273621753,0.013497679905909745,0.012911615273550016,0.0111149155461198,0.013078582573726263,0.00653045700818369,0.002995832488387163,0.010425890237195881,0.008645715431129223,0.012204908659268736,0.012449898044836245,0.012376878099956863,0.011281921735729087,0.014507937109448707,0.014804776506253035,0.01462379734223131,0.01402222338262783,0.01321749518370174,0.012662946144602713,0.010293307244377263,0.011309541916962854,0.008474903775898381,0.004954922297477138,0.01265645191650276,0.01321438674741476,0.014096126537457648,0.012820071898303453,0.013188905598807834,0.010995286455149014,0.011424820607790386,0.00688082025998161,0.006219166627375478,0.009730516172993703,0.009871915574635912,0.010091411638600958,0.010760525418814906,0.010419738678563396,0.012304431215118277,0.01196701785763966,0.011848314233553403,0.015360930591887085,0.010528483895065723,0.005162425320015153,0.015562262136156723,0.012760596084454848,0.0096740985437968,0.011360535754477425,0.016174776883809302,0.008955595432507082,0.013332252040646872,0.012772417989764879,0.0127186086478382,0.013695094948408426,0.009882197410060063,0.017523464829411278,0.0051521575929554,0.006518121423823775,0.0067866504188755505,0.016106789342583992,0.01182279972953239,0.007326691911031749,0.004042757423367785,0.011487106396592454,0.017523464829411278,0.011487106396592454
r156 NH3 + M <=> H + NH2 + M,0.008277579323265014,0.007435855604046073,0.00991781407223693,0.009213045012104109,0.010860050937383844,0.015547334440606568,0.014450609546503837,0.015538654410466987,0.02097299750643469,0.01775795743981927,0.024398757966543023,0.009194461109872471,0.007038597098736324,0.005496903047586443,0.0031869393812494766,0.0018805873456775202,0.000638546309649567,0.003498219782661396,0.0063359700128059575,0.006841807447143071,0.0282449938835555,0.025624694048349383,0.022828301768862816,0.019753145835736806,0.014401035260366216,0.010229795218565122,0.007185132113938514,0.002387873296004266,0.008173996733767494,0.01191910400809533,0.01206995913682017,0.011861638684171078,0.01391200772005869,0.020187088812646824,0.022059414857440608,0.01579905297326314,0.025291565496228817,0.018111221946444274,0.012891251517420804,0.012140786089280563,0.008148755701140688,0.00498688228000649,0.003932684936589119,0.0012730846740957049,0.0029868203099351572,0.005769007020134652,0.007733186791249597,0.02182281622576998,0.010640430286737,0.015298751280619874,0.01497548152579195,0.01405046634862158,0.012283892588525563,0.011271025782715053,0.009608084986891832,0.008365098622290222,0.0016840196788777803,0.0024977637736380066,0.0029323090517132657,0.005872498288322049,0.007641803310382698,0.011849357056447626,0.011840674499192539,0.01263553814294702,0.019700869360360498,0.011617839646587618,0.007495093935110443,0.0057304950305422445,0.0045270720715688655,0.0015518572421938308,0.003449799104223548,0.00626515887460397,0.02028859166462082,0.01960799614273377,0.017825853308899714,0.016047686592770057,0.015781462705718306,0.010681609250230617,0.008876326369536855,0.01891037556836614,0.01062561712697327,0.010262223888640516,0.013358074006719753,0.01661052889784699,0.017892451758737837,0.011860251835902044,0.027920007545368154,0.025159592717995373,0.028022875955497115,0.009955400199044099,0.001308401374278065,0.0023293792258806964,0.0013173759759982635,0.004272541541694156,0.011160725439632537,0.0100915864868155,0.009518668771234957,0.009941855450316105,0.00759147300610719,0.009319097032318062,0.010337954938304788,0.0020914807338229375,0.004293576447569878,0.001122979790167418,0.011234397955513243,0.0282449938835555,-0.0014117865420231164
r76 H + N2H2 <=> H2 + NNH,0.006349726777847078,0.006448169284738697,0.007267895412971497,0.006525035404713232,0.005667742746850413,0.00748431445511285,0.0063213852236471335,0.004789961798798518,0.0013462175352270313,0.0071179845807242195,0.003946521290950446,0.00710930923240817,0.007386186307769768,0.008290731226661642,0.007365864021250521,0.007154922104569647,0.007362368773333832,0.00700622428469106,0.007019654628673375,0.0071441461531452,0.008574782333277117,0.00954911889519711,0.007826175901757748,0.008048740500943107,0.00820559272824516,0.007347493279784062,0.007817162675666024,0.007851596785345541,0.010735035162629131,0.010751084442488575,0.009727371086494565,0.010683916665244295,0.010636097319162112,0.008467443865180734,0.006202447804175898,0.010602014617396079,0.008013119182401407,0.010620752697451703,0.01130695896052553,0.011068318181056766,0.011643796191715136,0.011177836556841828,0.012447004701692067,0.011930705870685782,0.012254700419754414,0.011876736211085957,0.009717115612003042,0.009507663609304247,0.008166329837907441,0.011732524199967932,0.012677539487317327,0.011637378521986222,0.01471588934861243,0.013208436594386624,0.011262051275818372,0.013138890864398048,0.010945022962009368,0.012108753967239243,0.01176166259506755,0.011835670676341439,0.01125181474599505,0.0077335926764235206,0.012859226774648732,0.012154078601900816,0.008516223665314345,0.009776891524306957,0.011150498126836259,0.011661812127546328,0.011272310038569376,0.012158315132096286,0.011224334575526629,0.011709156809001503,0.00997716554434211,0.007670891150565283,0.011915498028161152,0.010756908441193067,0.01168198052737147,0.012053008719226592,0.012340678954836173,0.009082269770621047,0.015033030720471846,0.012101230914469388,0.010532460098213351,0.004637441755539934,0.011073629007043886,0.018053929433850927,0.013522286106590311,0.0045698459868567486,0.008856532218129766,0.01433314788563605,0.015333827523483478,0.015667427591490892,0.009469107716195517,0.012052598025343048,0.013095196141185018,0.007753540613412238,0.012622623639696616,0.007002221387845403,0.007728868110150016,0.013195910204486308,0.016468066185301437,0.0173040000263889,0.009061685607406967,0.013967832639795506,0.010069888358712576,0.018053929433850927,0.010069888358712576
r66 NH2 + NO <=> NNH + OH,0.004860060023682222,0.0034057586114676066,0.00329940018510795,0.0036071731256123373,0.004628017178734845,0.0014295363900963076,0.0036608139095269535,0.002523028152515358,0.004244748880923403,0.0003474540453165374,0.00016211470744838437,0.01701191038587472,0.013986961261713221,0.01071181585541495,0.010179782314899289,0.007435609211636046,0.007951539780399738,0.004429102777609754,0.005098528761184845,0.00424041710578973,0.029009140255330856,0.024680794101342097,0.021190924324359,0.01963333191595193,0.014778341852444829,0.011191267359397617,0.008656355384781609,0.006584358425236778,0.006420681143445935,0.004479793175114887,0.00459011061655113,0.0047935501138178255,3.821808154008668e-05,0.004187014672069374,0.00490432762240106,0.0001784203897352364,0.001679662119285381,0.00012957475397720408,0.015171960346005155,0.013449034614159704,0.011051641905174586,0.00995194766764025,0.00887946317284056,0.006193270434975003,0.006409158127865373,0.006376336148472998,0.002638225079438071,0.01841576944507834,0.017716926023382967,0.01393706412826014,0.011642209438986077,0.010588945953904288,0.009230798034060022,0.010076956648069684,0.009476830360627604,0.00602310145579206,0.008468541235869353,0.005947487402697832,0.006231022609548235,0.005482878164698241,0.00430404961474095,0.004139647672383006,0.0011300636825315124,0.0013577197343368965,0.00309274118253308,0.01738707396302903,0.013137773043998194,0.010471408044320956,0.011261421941671883,0.008090592034901808,0.006379994033453308,0.005277368511861152,0.02132677055862376,0.02134438533957283,0.01516715295489814,0.014287889568364277,0.012892731714818499,0.012496117113513122,0.00923042603710341,0.006510571553486004,0.005068557666714251,0.007816550568703345,0.00781405246131283,0.003300181266018832,0.0028022393076119214,0.004349126735563254,1.7865682255609066e-05,0.00517639921220492,0.0011809874820116353,0.011914341372674891,0.013459914613669752,0.007057380778109413,0.0043047830786538946,0.007146195039052869,0.005903941786497265,0.005228885339938115,0.0005933872691894134,0.016697009557313524,0.020466727346543406,0.013885816045715229,0.00810852141474383,0.01489640897357628,0.010950303657021637,0.005126975205685438,0.00842549670702122,0.029009140255330856,-0.008309029248703309
r44 NH + O2 <=> HNO + O,0.008137070667109555,0.005210661681151356,0.005583270129042548,0.006521350320984626,0.007684504708063207,0.006338396061871471,0.008021519518876615,0.008609101908376677,0.007227434849401358,0.005337139606879049,0.004853976552923704,0.008071073057614437,0.007067315227456241,0.006198085381234399,0.007843152867000103,0.006411479267516916,0.00752213984055504,0.006850621966030901,0.006449179763102457,0.006726636413940462,0.011279277208983257,0.009573862966475555,0.01107333963033946,0.010054616594181965,0.008649246177091601,0.00873219586971272,0.007930965052123509,0.007037425739132223,0.008794828661663976,0.007165865381598213,0.005485056953222082,0.006905287819778522,0.003850174025173174,0.006685522997251901,0.010405645337330773,0.004096418245490654,0.00923557407712373,0.005339967883172951,0.007944050264078564,0.007957801362857425,0.00839931150533297,0.007411947525925212,0.00775971734525842,0.006887322552094502,0.007194705156423218,0.006137583347433799,0.00638180202058154,0.009816230017744267,0.010778284256349486,0.013136220364617467,0.009043147722703626,0.012990305816602493,0.010127976900691685,0.009146991888465975,0.009707359776135295,0.007909353162122374,0.006181607506720005,0.006337286291721249,0.005670529101814184,0.005874911510325966,0.005492749043254816,0.008322865086613845,0.006119426504248164,0.004798365886007858,0.006231711204752229,0.007659059041298836,0.00724785579785283,0.0063652502494274,0.006985146050900773,0.007211440908073555,0.007760871183770499,0.0057976917798836,0.009460861215402842,0.010103906899650022,0.009367552004184902,0.009282306287364804,0.008830367452872266,0.008672006118598993,0.007592976692801966,0.008629670550970098,0.010134901900791499,0.008575843677582226,0.005608942698264713,0.01163017594923347,0.005315268959388287,0.0030133352988374784,0.007516438240751702,0.007338069111213843,0.008315883572762452,0.004437493643095601,0.010591626674168693,0.007585908424839304,0.007780302606155268,0.011040466887701678,0.008897019425849806,0.008841451732767517,0.010451087222005658,0.012385646275262143,0.010020033909863333,0.01820523087381919,0.012714240563678335,0.006500354990901678,0.011415808844795969,0.013133868201156262,0.008030147167767246,0.01820523087381919,-0.008030147167767246
r173 plog[2]@10.0atm HNO <=> H + NO,0.0032763410191974317,0.00266823559585038,0.002346181742798913,0.00033243558383644676,0.0030492938475004633,0.0011742526809644395,0.004513467502761988,0.0007491356697705333,0.0017567043067421206,0.0003782227323126787,0.00025224923208238235,0.019829293487698425,0.018003039484783285,0.015450953452827744,0.016033796783025762,0.013314064544803248,0.01278534624821987,0.010236197241947303,0.009068416789045014,0.009644013745781986,0.01409599463436154,0.012444937985454884,0.01204794809299296,0.012213041753783458,0.009983349898643796,0.008905344421096712,0.008223164645686018,0.006369159956868217,0.0029738826530730867,0.0033223551737545567,0.002445847727101197,0.003200071249661915,0.0011116413830893673,0.0010939661994715452,0.005777646323956489,0.00016010486944474937,0.0003660349298195369,4.329740206411975e-06,0.014041421820563175,0.013776402674225148,0.013245033996183823,0.012298326402672673,0.011463254175446781,0.008762746174213036,0.008356235891862449,0.007684830433365799,0.006529253430765369,0.007824763198846367,0.007387412874366458,0.007184499607897504,0.009742597055291022,0.004911441455119305,0.00402970813655048,0.007903167623135355,0.005591036930066067,0.0024423816960016894,0.0013453789197869393,0.0011798418339861922,0.0008204840359581102,0.0008498983405801992,0.0006515152323458259,0.004015526045388732,0.0002886285069778863,0.0002726139953464318,0.0004347459243447025,0.016195544573428852,0.014234832979434965,0.01298453222243651,0.013697296503618027,0.010632174372747456,0.009826876435164,0.007890876250613382,0.010209648034507966,0.010360940550527525,0.006894742830320295,0.008486056505591028,0.007081819865389965,0.008557645330387859,0.006543366762009093,0.0009622658769693431,0.0005196642408125942,0.000532554409673797,0.0026387310620543617,0.0060865769380440225,0.000559054181954367,0.004113779599655438,0.0001186053100632517,0.005286160674410083,2.5248339666384347e-05,0.005136174215704554,0.009451491971315952,0.007345837779558133,0.005440687716408369,0.004335057417721409,0.0015640553915463027,0.007063978326936677,0.0011842273246477923,0.01111404532586263,0.002550316449913314,0.0033530146888196147,0.00261906392795349,0.0012875333382921766,0.00030143391343677694,7.688108340568115e-05,0.006152850023679883,0.019829293487698425,-0.005971862745146251
r56 H + NH2 <=> H2 + NH,0.005883087609875556,0.0058258041884447056,0.005640537027513561,0.005629375129914607,0.005735975196192292,0.005997489076557004,0.0026132256898035214,0.007390083216929986,0.0066273066495596685,0.010075371391128208,0.008011296323440444,0.0037691059137114403,0.004421802697610348,0.004630389317414767,0.004218894647224943,0.00510692577778951,0.004744374290472485,0.005143588999632394,0.0057702905097077395,0.005162363801374146,0.0016626098575958966,0.0010383002002163368,0.0010844001759116254,0.002168823367694275,0.0019491323066235255,0.002923359007023921,0.0039259965186801814,0.005150030312790364,0.008459384701384064,0.008766161393746934,0.010642398529216692,0.00921627110579986,0.01046614328792594,0.00676508248197368,0.008405559426035075,0.01326045948816392,0.010886174036113224,0.011556677497187615,0.007010735058869111,0.0083395219236154,0.007672791879091547,0.00821052480093508,0.007718734189189504,0.009442153813307997,0.008128862318097254,0.00748364940562731,0.00933838063103081,0.0013146454438867096,0.002685765563331438,0.006733264450182954,0.008765765291132323,0.009367361438918866,0.00864972217212802,0.008695467694128836,0.006568440045773824,0.009628086396147095,0.008729589198113305,0.008983085749035462,0.008782171448424298,0.009560777364522726,0.008595321145553093,0.006230793257821583,0.010672605927827835,0.008736738217061508,0.005572967325407401,0.005950660915144486,0.006473544337645202,0.0074591054171483425,0.006290481412668054,0.0068846206658682955,0.007448915114800881,0.007290206462392714,0.002070784671217126,0.0016872799378152249,0.005462482318884414,0.004151145177402221,0.005509544283227507,0.00544453275996902,0.005985340413589134,0.0031094905462806933,0.002926578625418938,0.006094135390137147,0.01064027134013656,0.007715459926541908,0.005983921432602208,0.005786475549444443,0.002603987170218279,0.003531134158557406,0.006901500863624921,0.007424097269215287,0.0006828050207933645,0.006194241090185504,0.0056054325306059295,0.0012193477180083392,0.000440839999091949,0.005238629737611369,0.004132927146435466,0.0015725608338160565,0.0009398841114043475,0.001783960845220542,0.0022297104779294133,0.006256871637470987,0.0013096028189430956,0.005875998408283481,0.006025487325320115,0.01326045948816392,0.00586547784118431
r62 HO2 + NH2 <=> NH3 + O2,0.010478953007427638,0.011821608279628755,0.009639646697627877,0.010007351959213774,0.010998573246155345,0.009499627587558844,0.008952391288011698,0.007451236402495433,0.008712781693433045,0.0061952587857696615,0.00672807296271433,0.00361328536070302,0.004824326261522644,0.005752814264559231,0.007227354091559324,0.0076500039233986005,0.009425048386397955,0.00975092455105259,0.010786912329628275,0.011439230413213286,0.012040229561674618,0.008629744921270912,0.004095597502322912,0.0012648470501289354,0.0016590842656209793,0.003682814432762311,0.006005724505837211,0.006164693527548429,0.008000578005649607,0.007111102455735577,0.006916993423738926,0.006958933375568593,0.005548284624120008,0.009761334466843359,0.008215236436948643,0.001434245958117912,0.008454415696390239,0.004008063346956266,0.0019519011247253176,0.0028159746384693127,0.004183930507619138,0.005452796306838778,0.0057025108336801866,0.0063835386332413285,0.0063029725602399,0.0058558268709758676,0.005536234827857084,0.010078735071973613,0.0041411961505192834,0.0021544719672456714,0.005067417482649264,0.0017760914039321076,0.00033734494398640527,0.0037663729656833432,0.004608857652369242,0.0038030236538675213,0.006161900416955141,0.006251209231494523,0.007002071045965791,0.006247382149095607,0.007223078869460383,0.008028860005299433,0.006647584146368739,0.005016714986557587,0.010653298695364107,0.0002863658121365446,0.0025363429866840175,0.00312643306252548,0.004012585496213875,0.005303638958813688,0.0075181989527858,0.005641875851120065,0.009838711184547863,0.009335179498401383,0.005590537309876929,0.0015534375466939566,0.002007069136408245,0.002589732882078361,0.002291475986926744,0.005149174681821159,0.007240099673489904,0.004381852560731137,0.002935794966496719,0.004192408406058033,0.0023354259305350487,0.0054799459814821785,0.003153996011628242,0.004958288416204961,0.0038576617837523513,0.0013828369957417628,0.0018287445642694588,0.0019665641107586493,0.0013264081032638357,0.006781881911139581,0.0096809355611732,0.006924638065340625,0.0060007719663030265,0.0014611524997947716,0.006930327092447999,0.006400428534762152,0.00020942677963014654,0.005330637291512021,0.0007528219238567705,0.009287372427495843,0.005727305799006191,0.012040229561674618,-0.003988393837676603
r2 H2 + O <=> H + OH,0.004907503158647804,0.00339260948993651,0.004667877241925198,0.005066657025305505,0.005331567999785747,0.005592075198150244,0.006544024683587394,0.0038947814043141992,0.00479975342198533,0.004535842101696202,0.004277515114168044,0.004488912238949241,0.004111217327578992,0.0044785220708966084,0.0055495482635542475,0.0047332364039724606,0.004659239895012648,0.005222807843360265,0.006074457266707438,0.005069372306849058,0.003087641078804087,0.0034896925917537232,0.005159189411963458,0.004205822984060385,0.005060424298026821,0.005105207062140637,0.004718398590407639,0.0038779064914710656,0.0058159028201652235,0.0076683663720541455,0.005783614481189568,0.006420858299189921,0.0061270420060684965,0.006852419587963377,0.007326947345803504,0.00031761672057835773,0.005125477826975373,0.00020301635730168844,0.00508516807025801,0.004847519242024081,0.0061650059009643815,0.006206910836492041,0.005519945398971972,0.0057158476490184055,0.004305975441709167,0.006777766701445087,0.005789654221144484,0.00300217428444335,0.00978168735691327,0.007439084248744291,0.004598241944854537,0.008118364848994471,0.005042867010081364,0.005062193353210407,0.006435033700068016,0.003473137102117796,0.005490740012227541,0.004448212113250928,0.005447571049630634,0.005880751698762069,0.007274743353313817,0.006404142343540555,0.004534957531825242,0.003983061188041321,0.006477008119352418,0.004969293920896399,0.0054735049233571595,0.004668559994630853,0.005535617072187885,0.006302170809531333,0.005715823691284546,0.004978917606326236,0.002728059026714808,0.0037795082027524468,0.0037832816700663755,0.005303324691990112,0.004121459918335811,0.006273397622349272,0.0061734033477828095,0.007544960725913551,0.004787697203837575,0.011713938714176106,0.010567181373115795,0.011409928527985828,0.00891519892809391,0.003818536849812537,0.003265462214449087,0.01790892105517657,0.007854246162281487,0.0011280974308538472,0.006378703616687257,0.0020725186908506074,0.007629350122738077,0.008215348999636258,0.0036403728375491405,0.006678991218239671,0.007122388919992615,0.002659577337605759,0.005322301620531233,0.004855971160247477,0.004012185588298065,0.005186164558734579,0.004604455749274739,0.008347645334870455,0.00550478170137364,0.01790892105517657,-0.005483087520011066
r84 NH + NH2 <=> H + N2H2,0.005756985093513718,0.0066548351360300895,0.007513467695374316,0.006452517444229306,0.007587502850404032,0.007277180449936916,0.008758425647465597,0.009852390037006341,0.011151828312206551,0.007201539464098309,0.005065395319067385,0.005073381383837772,0.0042638732110144555,0.003959157982453586,0.005178395348523879,0.0059655875449246155,0.0059386878248754655,0.005952365016367024,0.006249524906945919,0.00782204798937377,0.0029056158435529626,0.0027560373898975464,0.0039032327702793815,0.004180499967969063,0.004490019862435237,0.005206870229795713,0.005694837060056776,0.005327538283274966,0.007992124115766188,0.00850555501090933,0.010193241305105837,0.010058533074425774,0.008438829720130533,0.007676580732581756,0.009308106159040557,0.004506424372878328,0.011195954365009808,0.004594678293805922,0.004249300291173628,0.004401377855354797,0.006478227766441096,0.006031138606029033,0.005754063438329902,0.006894139656881873,0.007193637571459609,0.008614756523018035,0.007106389879618371,0.0007448446311736038,0.00023979989931158238,0.001615593524333612,0.0006967568906621264,0.002116722627355906,0.0006794002075164695,0.003603572869794897,0.007793086561383644,0.005401640674948358,0.004245085823394328,0.0040974695396347495,0.0047875829722385035,0.005693518018692763,0.005760140532456596,0.008747084524210415,0.005918929085491249,0.005797450602998801,0.009447212126808461,0.002609345204151199,0.003326562672581082,0.0032087491826171266,0.004093604975630399,0.005401284293018206,0.005775181243499799,0.007317488096352887,0.000149082145579522,7.171802164797694e-05,0.00040644515806567396,0.0014410913056087514,0.0011952899265903728,0.0039938069315409545,0.004411717048419867,0.0052189254902237124,0.008345414223438749,0.00028318171436644883,0.00343695919443926,0.0055464902209307705,0.0079432233302381,0.003016648851395026,0.0031146740513016123,0.012269530681241217,0.005300892565406263,0.0010901742812251729,0.0029973099692481965,0.0027704427768433576,0.0040126292068030445,0.0031266748070545728,0.006270158220242867,0.0028955102316367697,0.001194151726771935,0.004029839923335627,0.0033094515200811875,0.000600830512768827,0.007149569201005177,0.00545675171659727,0.0023489342408579356,0.005867209175072547,0.005151111864933717,0.012269530681241217,-0.004642796979961084
r85 2 NH2 <=> H2 + N2H2,0.008001984914449643,0.006253900000003928,0.00793337215223977,0.006636604687540776,0.007658109264806911,0.007968888669261206,0.010296390364702706,0.00649159262921251,0.009084970774290702,0.004777868448289509,0.013373623398288416,0.0027015237207632663,0.0028517014668722894,0.0031976084197876593,0.004902556924571456,0.0044130907102758335,0.006866554963618257,0.0067673697209740535,0.006942917989173424,0.007517116942953851,0.003557922503756647,0.0028748893981496494,0.004250460901791998,0.004839484982197334,0.0049822596878578524,0.006453699500708035,0.0068876174598715735,0.006318159173754035,0.005742128364675689,0.008212304309961936,0.008674872286171115,0.009410671951878821,0.00837769293862306,0.007281794404027339,0.013614472813980892,0.0038046871126897045,0.008056865712850239,0.0002990333482005955,0.0011744351190738575,0.0022830121511603634,0.002179454578107264,0.0036827773048141907,0.00421839560910422,0.004471405781349416,0.00536858134373981,0.0075176676023500965,0.0077694962387915316,0.000540999802638016,0.002501014482406313,0.0019884093133601755,0.004430859725833157,0.0004699134294656016,0.000664166171528194,0.002512087849204144,0.006738003889725001,0.004235035793972276,0.0007526673058054533,0.0021099932945369704,0.003301578900624198,0.00406625837702677,0.007067654295877125,0.006370691205080305,0.005037104161300344,0.008919205832796229,0.008443270445811599,0.0014627748900133961,8.248493166884063e-05,0.00037362697152583526,0.0010075572276150191,0.0033902237199479103,0.00626333365260985,0.005665828741785638,0.001285404804503701,0.0010269946335739214,0.002020535637770437,7.28942210743577e-05,0.0006072137425987818,0.003413874247849665,0.0038581091584618285,0.00815092211796997,0.0041295768295182755,0.0005179575370450748,0.005778034653991394,0.004608662952607445,0.003954136425007373,0.00037658428571569027,0.003325503781201522,0.006596241078089867,0.011440189573531842,0.01010259252793421,0.004477240268886666,0.006955740859145317,0.006363006343208399,0.0021130043990594373,0.0016789856500660967,0.0049546657836636865,0.003195129597673991,0.0032036407682092213,0.007519882021096232,0.0017613049924937879,0.008529375005397485,0.007818537852917045,0.00048250960854903386,0.003948490806303977,0.00490003533960565,0.013614472813980892,-0.0033482868434890753
r15 low H + O2 (+M) <=> HO2 (+M),0.00412430189003216,0.0029573276633074945,0.0030249442383856427,0.0026138544118135673,0.002769045936313839,0.0029699234788525216,0.003487478163819796,0.002330302393131579,0.00230906040356141,0.0011692621362449688,0.0054108298903561055,0.006461697064928695,0.003894777132567889,0.0030261970704873785,0.0008619577469010559,3.8919907081691705e-05,0.0015166906697500957,0.0014606634864162394,0.001975058158600471,0.002955228368300019,0.030718110465214422,0.02618843523270246,0.01948115502098971,0.015464183845671876,0.008557723622951159,0.005959007600102451,0.0033610012916096754,0.0017199403084046736,0.0028252941706445977,0.002650445658684625,0.0029333504010320343,0.002235009019256913,0.0007631933142001301,0.002392588956731218,0.004981031173871884,0.0007396155766283777,0.003098564444317712,0.001978561650027113,0.004767740917908331,0.0048317892594285025,0.0027996862059629433,0.0015796370722892619,0.0008672294607924335,0.00035961419170805976,0.001553761661519897,0.0015161329057119743,0.00015712865671303503,0.017283799407234936,0.008875738773882496,0.010584570768610206,0.010567682730833175,0.004715907433633195,0.00591563608174446,0.004363021880223012,0.000643106149337008,0.0012724091090643992,0.0011805165752559168,0.0013650591673028103,0.0015975064147389236,0.0018597347726313639,0.002693087750538686,0.002819404934035859,0.0001085049221018835,0.0016854172735732062,0.0010036823859761398,0.006761019052079263,0.002957874856390166,0.0015275849292044974,0.001442164330718235,3.3036970735119443e-06,0.002631779513637372,0.0019638104125385405,0.02119757673222233,0.01919913483682223,0.012900401834810449,0.007109729579260559,0.007173161809014631,0.0038689480129670832,0.0032296617053553215,0.0027962193290196023,0.0029471555534902587,0.005421148618541863,0.009459550117484334,0.007247349756755942,0.0008801343397176327,0.0006038790502034638,0.0016734567484085236,0.013388802407784232,5.8038720578753596e-05,0.008632118836339188,0.00730756921281063,0.004431594378057759,0.0025742857536835014,0.011763114393075078,0.006006534830960197,0.0008768421272512774,0.00022085063784727532,0.008640179316374256,0.007876764776205747,0.0030120163674547938,0.012265411021257297,0.0015422953361281626,0.002826594123949332,0.0030561891571202014,0.004863908509992685,0.030718110465214422,0.0016387826365005962
r3 H2 + OH <=> H + H2O,0.004785986153367217,0.004296580880015822,0.004550186607443977,0.004778951377322375,0.0033539585031336027,0.00311154579262739,0.004716443494491375,0.00326242684987916,0.006016769576552607,0.0009470420162136515,0.004954945323570266,0.005745022411799244,0.0052452919023906,0.00420216641872991,0.006023660112878933,0.004752776562715923,0.004431292670343038,0.0034192539106220636,0.004117604310048453,0.004234128420641912,0.004603908346594387,0.0052127788622641676,0.006676594508200659,0.00522889947526293,0.006066479068291412,0.005218324109745142,0.004613105159300157,0.004681653641107542,0.0038806388910008717,0.00395285488560499,0.002322348487135333,0.005185242605623656,0.0010844284280892332,0.0032212170877942915,0.0032115301735350966,0.000495353373243624,0.002644610889020653,0.0007764278531091308,0.005088473536170062,0.004486602420423288,0.0042611022384553025,0.00502707796029627,0.003916679010741842,0.0050918858148869366,0.004663783544994671,0.004806577598291096,0.003092727817046428,0.004407768256074411,0.005198200386160272,0.004418550836168261,0.002174590185657917,0.009311328609045343,0.004479811148649299,0.004897095269746702,0.007609738504521402,0.0032149864179031678,0.00332842669914474,0.00275007236528063,0.003192912446485265,0.0028905791441516076,0.003013263245917925,0.005220365949849595,0.005055545427920505,0.0038378138155567483,0.0048662612904171185,0.0037374391851861173,0.004012475470933043,0.004119084334209392,0.004466516501654035,0.004409710511675271,0.004164610659818473,0.003885685562946062,0.00318173471449855,0.004778717519621959,0.003033489749704997,0.0045054237072321476,0.00488192107204591,0.00508838400962791,0.0041787790016548625,0.007694159485279693,0.0033532195007199795,0.004471223362298191,0.0002256919061810819,0.0030563610426721293,0.010165656429432493,0.0060299379229902484,0.0035079563695598914,0.00613925011508479,0.0006016823146488826,0.0011884363904440393,0.0030070194525265927,0.004570345638779724,0.005800453114796328,0.0029445754574993375,0.001660658447167194,0.003981765482811531,0.001005020848333839,0.004366789945973268,0.001809008739054616,0.007834304249972623,0.004807057240920963,0.0013118078824172507,0.007376038998255995,0.0017419979699287652,0.004167490763348324,0.010165656429432493,-0.0038768820003903227
r67 NH2 + NO <=> H2O + N2,0.0009367828296053544,0.0002951771316267767,0.0008136989059926329,0.0004002314786123404,0.0010822831188638548,0.0012487387904457018,0.0011566354292722855,0.0013327644726717927,0.003178087935978258,5.4276890544578625e-05,0.0015962315923128449,0.008488145385749477,0.0068822165778809835,0.0056804874092703595,0.002944619630818582,0.0028666900615136235,0.0008154062831447159,0.0010407638662388362,0.0008265312955150503,0.0008445143547523429,0.020593743872422864,0.016199358624560657,0.012473805620007366,0.010632015958315302,0.005361918061907434,0.003779936899278693,0.001833427761592747,0.0016579994447096917,0.0011344966790551912,0.0009443038567417747,0.0010198948168124488,0.0010699567707777298,0.00042830182223584627,0.0009885186754840691,0.003921080119656757,0.00022871277576355713,0.00047050419798506357,0.00011330360785195873,0.008362728287836768,0.007535309832108225,0.005089734587212799,0.004187953071120063,0.003531476452676828,0.002963111002203923,0.0014932237738809176,0.0018894892408688412,0.0006910138863156263,0.014498253859771118,0.011474783148691275,0.010515367838214442,0.010359123203733731,0.005373633451094509,0.007768421768126609,0.0032366204638721438,0.0020802281472644658,0.0027666832609314317,0.004174308344909991,0.003462524611076492,0.002436505357453447,0.002071811523449095,0.0015057165508537327,0.00022315779966383735,0.0004821849317722632,0.0002447026153611052,0.0004979242702237156,0.011329443092024601,0.00624850514151826,0.005213024129648425,0.004138410867047167,0.0029465064300485447,9.964616945254842e-05,0.0017325506470131282,0.017463007005235627,0.015333920654445268,0.01085028373757894,0.006637713688574855,0.007369535501413969,0.00436333139479591,0.0037576833124810956,0.0006985810348485394,0.0006522946114075473,0.00018360705076267766,0.0011246395370733244,0.00034332862380979115,0.0008846906121752474,0.00012457908523648748,0.000253088794628236,0.008516126252406954,0.0002742873342052909,0.007943797778141156,0.0018695976117905871,0.004545138262811835,0.0027554301243759866,0.0022409023805693433,0.0018234289603146993,0.0013686176032508212,0.004158364132959592,0.009884621972389644,0.010118230348109488,0.006757078538621276,0.00286016512223477,0.000266480374064546,0.005346172391517244,0.003522762874776142,0.004040876225677082,0.020593743872422864,0.0034747089531197844
r83 N2H2 + NH2 <=> NH3 + NNH,0.0013022219420072932,0.0027037213099543986,0.0010847676438473603,0.0004289528196192921,0.00036871389675511803,0.0012794587559330803,0.00044015886566639063,0.002062436837490527,2.6959970112298768e-05,0.0010001281253249731,0.001277023465013074,0.00419585202877766,0.004013828890739958,0.004238180417237262,0.003187362478346533,0.0029632121937107733,0.0025321111342773814,0.0015863482978014836,0.0016666810711355048,0.0016582633661847556,0.007682402536587328,0.007253227026313324,0.005007959084516303,0.0054080978590566224,0.004166844385243549,0.0026352103348682393,0.002698463766367811,0.0032014313297020346,0.0027092152941748716,5.640243177032728e-05,0.001884837922791357,0.0003102288693277752,0.0016917330434125788,0.002210070177606789,0.0029383252305890143,0.0019680059419575112,0.00046554661389146165,0.0017248678027553712,0.005059536866564726,0.0061346661352202,0.004616614511593738,0.004699494984931917,0.003644219237597193,0.003462129701192651,0.003832267620088235,0.0034639176217625975,0.0025866532884491365,0.006401883537402048,0.005181304902703958,0.008023369434726656,0.009463537190225675,0.006501140905526741,0.006795348815480501,0.0054162048880931355,0.003038329863704242,0.006478899390413609,0.0053530320627746516,0.004895387199642781,0.004249060661148586,0.0039548984041747805,0.0030998789771343235,0.002012325326431914,0.00477153377520345,0.0029451726960108967,0.0005268316545901665,0.006562630438399023,0.005777710775124029,0.005765210241778322,0.004803516156129177,0.0033656124829693746,0.003483200583541663,0.0038723874686642716,0.009622758844908371,0.008413301359419263,0.00794692005852815,0.0061753371301956584,0.006908326858977826,0.004214683255693585,0.004286363449650646,0.0027059828630970374,0.002536929758904449,0.0024834731843604574,0.00027429142489697445,0.0014357354014910137,0.003630758337847499,0.007576125233520123,0.004847372859676134,0.001727719964154734,0.00017442376308373367,0.015427896546674511,0.007963548212941358,0.010056652068349136,0.006750871957427539,0.0024031492548323833,0.0014648979949346984,0.00213772233001005,0.004382501391466834,0.0008755407452062752,0.008064326074439975,0.0016347645951590216,0.010121236372989176,0.011952290916204847,0.000341352606443818,0.0048753619893251296,0.003996920940048771,0.015427896546674511,0.003765195779071376
r175 H + HNO <=> H2 + NO,0.005212911859383243,0.004426682360453016,0.0037506789971647387,0.0034164032950560006,0.0021146955523773797,0.00342716051609505,0.0027484368556489596,0.001966247041807152,0.0007255609294471426,0.0012957608203003107,0.0023750780634957365,0.006022825103370794,0.005962457914733984,0.0065811371005708875,0.004701580805580506,0.005252888796985835,0.005018640191920366,0.005360153728463902,0.004198527896978134,0.0031234977379172003,0.005287427269072925,0.005797425024838166,0.005967686653508528,0.0060797484368817975,0.004913462241217411,0.00543993907759886,0.0049219789509557434,0.004496974332384426,0.003145832391255562,0.0034721059499866003,0.004812462859541361,0.0011440581761852785,0.004180735479094554,0.001416195916107184,0.0002560362101348955,0.0077615064385815665,0.0005073925998184443,0.009344872474771901,0.007093198496940841,0.00660639673987976,0.005677179935539036,0.005046443628763007,0.0053718707529212635,0.005829553630872555,0.006164855681241276,0.005205968974629184,0.0034941652641845467,0.005996556838397908,0.0001780833735824114,0.0033751115598565987,0.0039097013175084985,0.003107315454382223,0.003324677932699,0.00521327557159041,0.004276135381303601,0.006647403251128573,0.005344505931619024,0.0053876362708107205,0.00586678563927734,0.004538631600829976,0.004621197819760839,0.002671467106903078,0.005709273727122314,0.003716955044704638,0.003521686825542559,0.00570734166348274,0.005871085029134342,0.005835468625438238,0.0055989794063385735,0.0049337767857916175,0.004516081211324107,0.001704460477818724,0.003977532521752646,0.0025420482707309996,0.0056855757178064775,0.004381673683688508,0.0054551235493503995,0.003850977782747142,0.005008690022914902,0.0032706919675039303,0.0014667260386054262,0.0015496572176323116,0.0020766315310638255,0.0013159635961750597,0.0024890567785200413,0.0015466809411733222,0.0037850819998502742,0.0005971063374021351,0.00010479872341198882,0.0052797391212657365,0.0037318424696768777,0.0011943677177431306,0.0028489805798763744,0.0022472522429197624,0.003938524094243557,0.0010848124729481942,0.004529765806440284,0.0013132955374726182,0.0011181242486359825,0.00256032336417588,0.008220735221161592,0.0039448249186715065,0.0034202611438049466,0.0016338136259553728,0.003989048771599292,0.009344872474771901,0.0037744498371709376
r40 NH + O <=> H + NO,0.002810585572746146,0.0027929711609359104,0.003593220928714163,0.003099552653729821,0.0021278262387551274,0.005253538737903252,0.003008915160712559,0.0029516896573895473,0.0023500822582314543,0.008004370703449023,0.005270518945032787,0.0020665908876773493,0.002986690033882646,0.0038558206069811054,0.0027252177478051484,0.0035841351266059397,0.0026462954446458678,0.0036186725005347806,0.0036807626741506188,0.00247016669517476,0.001990138510839484,0.0024897388655324244,0.0023693279537863672,0.0017117475869322005,0.0021713168282157928,0.0027843996310620454,0.003046370120791029,0.0046970381318298254,0.003017318600087859,0.0032933892464449225,0.003778851532636429,0.002973555790514043,0.005353782515193128,0.0024660661023737387,0.003168342729550148,0.008492394395378739,0.002687276446291674,0.010114974196126381,0.0031001668957499726,0.004024550336702763,0.0033604798908904404,0.003945658125734196,0.003536077835825081,0.003457349747266809,0.005389871907077261,0.003166972822742847,0.0037281207931851674,0.002412690206164046,0.004812990466456618,0.003784717175938241,0.003007341091869071,0.00029800528249673694,0.004600145266678863,0.0009542529023132847,0.001043453832173528,0.005092680272389981,0.0033587927310275477,0.0037832543488928584,0.003168818011620199,0.00445390152935925,0.0034909501144978947,0.0034353980864312156,0.0036390433420678677,0.004447927953258921,0.003556013539153257,0.0024390807577930355,0.0026462349882052164,0.003417161736308961,0.0026217126126340086,0.0033227617583816657,0.0028714125533544073,0.004082171806063894,0.0016726635252846426,0.0005970484798616385,0.0028758079686235535,0.0020337108636489408,0.0013201477464164053,0.002317395603412001,0.003140669399812708,0.0008232274650971433,0.0017392679299589773,0.0010108893956328364,0.0018791744250100959,0.002906896146777936,0.0006444987779975512,0.010785076981817167,0.0051021187696879714,0.0012906534178989454,0.0023209804216326063,0.004981961343609911,0.0017444968606634052,0.0038796034151960808,0.004480348897032633,0.0021840080008857566,0.004072912074034353,0.0018886316889947564,0.002454067011370573,0.0010921592890484443,0.0038904447844726087,0.007547374285264192,0.009314014163386756,0.006730290111894611,0.0020017752188846564,0.0038937130074737127,0.00339009462605897,0.010785076981817167,0.0030825274471862982
r160 NH3 + O <=> NH2 + OH,0.003879495270226544,0.0019082095909226326,0.003432280716732961,0.0021731484386326425,0.003845127329443292,0.0032369196411816156,0.006271494564881675,0.0027450287392681966,0.0042988665125153125,0.003273098536626813,0.006289809018928455,0.003012200207297267,0.0026972789020560284,0.002734127701482725,0.003393646273890783,0.0020420067657695145,0.002943151157737582,0.0032068774695134545,0.0029833413388100256,0.004483097013987244,0.003949462305732047,0.003787626775713656,0.0038297470711331637,0.0034516895574131738,0.0033201100378649623,0.002753124190931898,0.0025928978649646995,0.002871680976484857,0.0028067476583818673,0.003814228941657567,0.0017061008086171254,0.004240699216453827,0.0021197148304350206,0.002171972516326226,0.006014615225405616,0.000854436634344768,0.006063595576564317,0.0026594476499296,0.0027314003167120786,0.0027377917221045526,0.002489612207707687,0.0033978998201602785,0.0022465915146364242,0.002589676778601608,0.0014338639684004799,0.004036244129282139,0.001578071726485632,0.0038183601248190477,0.0056125043698126926,0.002671210887956565,0.0008398253397628769,0.0024247695222302484,0.000640964255972681,0.0014808891125156149,0.002900442897398945,0.0010635674199033485,0.0028676519138554173,0.002344553976337177,0.0031799002971234255,0.002533363896518122,0.0038357060788711326,0.0036898058483625807,0.0011411092480041849,0.0016671630943050548,0.0021158604556746423,0.0038579865783202423,0.0034431801074156637,0.0027611735926026484,0.0036222732107082565,0.003660992728978061,0.004481830846898058,0.003907495904615642,0.004192504869701305,0.003829702382799153,0.0016407533229783112,0.002823934354677831,0.0025431576420978682,0.0031056152095127656,0.0024878773986831853,0.0031914314633956237,0.002586394324033678,0.0002994313268815519,0.00012624087435064043,0.007791141903499562,0.005865729517323024,0.00020862389261410872,0.005698390411181951,0.00397661952273081,0.0061188631913195405,0.0010173444504033584,0.007937678845710764,0.0025615435947693257,0.006405197829732562,0.001774452554943741,0.006160517630939291,0.0065114051950874805,0.0007273439832917801,0.005013768301401451,0.0017862687767530665,0.004783620261008044,0.0018745555239647305,0.0013385260890402218,0.0016617705732176477,0.002676701452336167,0.0031767109960739704,0.007937678845710764,-0.0030237863333125387
r70 HNO + NH2 <=> NH3 + NO,0.0012177768582518561,0.003065791628372337,0.0010554231655213065,0.0003122394936978957,0.00024117724522776466,0.0008344581049969146,0.0002600445626403137,0.0019173246349309318,0.0003477770769887366,0.0006013523163618212,0.0013875885339420552,0.004622179723735409,0.0047259281349978964,0.004738651829993392,0.0025094650305537082,0.0037347758721527785,0.0024138033639222707,0.002229596154968725,0.0016953960764475406,0.0018143053196191404,0.008076409608565939,0.0076128090707955585,0.005891833429041589,0.005621673728798826,0.004326889416336722,0.0024033495975353276,0.0031449466124625312,0.002992704729334089,0.0005934274135350174,0.0012228545625585494,0.00024764228637121457,0.0011506416809189746,0.001902543070811595,0.002619689364866678,0.003597950833066974,0.0007329919822463164,0.0009138131594801709,0.0006727677069262315,0.0037787715354826636,0.005049020993680496,0.003172590369225595,0.0024408541312020597,0.0030984816936507355,0.003335939538848743,0.0033772250630783084,0.0019767833827188433,0.003169619116502664,0.008095595127687115,0.0036243676143212643,0.007302301995783503,0.004752098185222404,0.004379889102229196,0.005614867710863141,0.004182713036719754,0.0009321011838449488,0.0029446850111680837,0.004060330009104848,0.0035046837712160734,0.003571293297291541,0.0016438645214266702,0.002412585084035868,0.0017655105918585312,0.0010676752371492114,0.0013451439018145692,3.2952923712938156e-05,0.005380943728791333,0.004663282454313375,0.004615545058010426,0.0034712639409627782,0.002797429093022267,0.0009987373769355513,0.0007245061376920126,0.007233887608871778,0.006326172713220528,0.006288449013995642,0.004685908486756369,0.005716312856288382,0.0021670166551823094,0.0037883861994578182,0.0008861243832843563,0.0006762689416119301,0.000323701412256591,0.0004612343079121651,0.00032900500222552207,0.0011026540874645972,0.005109143849351476,0.0024906788884620085,0.004326263606645746,0.0010095710325155097,0.009667259589331656,0.003659464147665184,0.0001991991405574643,0.0043829442289724,0.002277939409105013,0.00190883281427219,0.0044255565092587565,0.0034585881029739946,0.0031447477054282916,0.0031387882298388853,0.0032093172697127944,0.004439100266169843,0.006656631303433299,0.0032252165182276235,0.0010546570120293617,0.0030240641018559815,0.009667259589331656,0.002585534846952028
r63 NH2 + O2 <=> H2NO + O,0.002467229417075326,0.0021580943848348347,0.0021604449271469908,0.0011781838663154581,0.003978982490120139,0.003402140459051439,0.002584249396246117,0.002508465205835647,0.0030497636890902003,0.0026003713999711913,0.00245395814063275,0.002571503171931099,0.0024241096613669367,0.001632187515511258,0.003030018741039025,0.0022423407347991722,0.0029238029964744356,0.002920996430286473,0.0033949702216517995,0.002204857106151519,0.0015925060893926086,0.0014413356433212172,0.002744468865147462,0.0035858629477532604,0.0025713743779115167,0.003155906556800682,0.0021206296139743134,0.0029613417827077156,0.0033078239082981924,0.002329016543484731,0.0017763310021890158,0.002779054847939324,0.0007561374408719711,0.0017546205359711168,0.004909524835053794,0.0009776332294752308,0.0010714440637937272,0.000726110496879961,0.002608439833319054,0.0008463029923600673,0.001399850548765415,0.002226086224712663,0.0018977746968480206,0.00278706545040627,0.0017673493350546178,0.002356012452545901,0.0013520296907679169,0.004348604187197845,0.00612071892392578,0.0013238313651327078,0.001244760053334419,0.0021474901796227183,0.000644941926146344,0.004185851661273027,0.003166387046278494,0.00037213670578832976,0.001326100327040825,0.0010049627587753302,0.0018864095371689715,0.0005868826664818373,0.001624385373948016,0.0029081377190511093,0.0011268952919728627,0.002757118161967618,0.0015192611904688066,0.001884463630018564,0.0019574429318645337,0.0016565028007363201,0.0019360626881645521,0.002278882997090167,0.002050608555422637,0.0017602103958188273,0.0022323075421980436,0.0031102217383984537,0.0009134885470318848,0.0021824028607312306,0.002240649083203687,0.00293446276454134,0.0023452237113337823,0.00824242800373358,0.00596948435956408,0.001586726248727053,0.001350845371134135,0.00518464315686748,0.0005880139531186799,0.0034541622173697886,0.0007988786150672602,0.008721834981746229,0.0032418848148843605,0.0021170832574600763,0.002767068198985801,0.009598196207751576,0.005380868384210932,0.007337006149415598,0.004538614037459096,0.007339225151503073,0.0021977560464513223,0.007673283790043259,0.006390130560956364,0.000856373912113482,0.0026208455970542564,0.0033796978722778113,0.011903679870266842,0.005196343839328734,0.002845207537316322,0.011903679870266842,-0.002568610735376427
r158 NH3 + OH <=> H2O + NH2,0.0007061272120495493,0.0005057030758612924,0.0008498047947512301,0.0003248597682115089,0.002207930725960551,3.162272541331395e-05,0.0013973273805868711,0.00040639618804588225,0.0034268009036474323,0.003232051535689392,0.0015376120535686472,0.0023067089044467915,0.002871680062057185,0.002789597620789609,0.00087960667042494,0.0013659815756059464,0.0006329533582501287,0.0016001486865931667,0.0018350099260451105,0.0013828263117351017,0.003419378136044041,0.004470248469845576,0.003801173946965466,0.002181121456236391,0.002549919178897522,0.002097676695530028,0.0004907038809253962,0.0021994950775026134,0.00022587847907516704,0.0002068536472078934,0.00053228783391963,0.000511632176100291,0.0023949806549064248,0.00024349911354717583,0.005722893755212802,0.0038844978534453485,0.004045917962229132,0.006070554879912334,0.003981481267408177,0.003952378566756177,0.002985214688201116,0.0033965279499897096,0.002322767914783737,0.0026632431980566557,0.0033679127854667735,0.0013944305248239533,0.0026028539258514923,0.0030758848414343272,0.003832415922088519,0.006773357104048863,0.007406217216045673,0.006171272734329239,0.0063046960267302095,0.005751551785595304,0.002714429766649275,0.002860470231869521,0.0022009932401613782,0.002261802981262249,0.0024015000859308913,0.0009709003879773546,0.001820504090365297,1.648752459138337e-05,0.000936731957531402,0.0002242709005048799,0.0022085160366287194,0.0031455655048700814,0.0028407620610244357,0.003366159922130233,0.001988007680982969,0.0026006626928089856,0.0015353368686547959,0.0003714094005764126,0.003521459883865384,0.0010635630856266442,0.004927941097273057,0.0035734714986765856,0.004260142273387733,0.0031572542060168763,0.0034343636566560587,0.00952456622803138,0.0008401543936468315,0.002905173390717254,0.004848327677108264,0.0009936218565998987,0.0022212256949776473,0.003196076279893979,0.002672806131851875,0.0023894872115564317,0.0003468823051220328,0.0077774543963344865,0.0004910000103225077,0.004527462985836784,0.004748927404748789,0.003945220640978181,0.003346067437441204,0.00047790912601919095,0.006313600426844975,0.0007389605575034804,0.007262750772482192,0.00017339539084765179,0.008885488009028601,0.003315174537204416,0.004434444793587224,0.0028338492856299683,0.002778215414511391,0.00952456622803138,0.0014974742257848304
r171 NNH + O2 <=> HO2 + N2,0.0002296534007941135,0.0013659594822532039,5.141885162707447e-05,4.9115200174314576e-05,0.00010280159005300935,0.0001507927260110563,0.00011720932644078485,0.001094784307658248,0.003771927174960809,6.182555814107222e-05,0.00010308416739131849,0.0020857312308015675,0.0021414892453498987,0.0028039424182681127,0.0010688383416440073,0.0020188595012429218,0.0013276711182463857,0.0013006735332593566,2.3102104744198314e-05,0.0010058351422706931,0.008382469600245641,0.008425718572897258,0.006823985984980114,0.0057721306418446125,0.003990504116778003,0.004107098969237119,0.0033639160403234458,0.003546074982182841,0.00013526563853830868,0.0029233745436257627,8.907501023134486e-05,0.00024759946179733864,3.658323800784675e-05,2.354260304746779e-05,0.00427839613892001,6.609936847532238e-05,0.00010310110001604719,6.117633595254637e-05,0.0022442448481913785,0.0024393155983327176,0.0017574637976845845,0.0008278707500604163,0.0011493183700006162,0.0009660776650103009,0.002382149340945337,6.050389899938047e-05,0.0014089753103384806,0.007379189261964367,0.005173040828722231,0.006663678346588346,0.0053252157052788105,0.004415940689840645,0.0026244097605577226,0.00444480674690891,0.0016470497983045224,0.0030804051370856627,0.001068548430581378,0.0006615080679756752,0.0008065351393616502,0.0010773497339298657,0.0010136661300309236,0.0002100772090952278,0.0004439370494427074,0.0006998586962017498,0.0019603405091759537,0.004896712451936891,0.004076560824416343,0.004024048407232012,0.0033969971258162534,0.002245484543774426,0.0018404211886230665,0.0023438302354401117,0.010669945718911052,0.008843370549178494,0.009309472531198853,0.007436923432213459,0.008223437471984677,0.004558739945630319,0.0050145288171497765,0.004755016795642715,8.607919232445549e-05,0.0008216822033674579,0.00011258359066459752,0.000615843810229194,0.00019447276226092957,0.00014160857434015374,7.060963568490696e-05,0.00496271275845849,0.0003116952319178787,0.005248884292492348,0.004473725165970097,0.0016777730023304063,0.003022485271806635,0.00035034321536106603,0.0021393919645134305,0.002640598803625467,0.005011081086046373,0.0006965305611496899,0.0064919213505344455,0.0033733611933456434,0.007898316157406604,0.0035646579164187475,0.004883827759802836,0.0025195485627021387,0.002674303150874473,0.010669945718911052,0.0020124509166957708
r61 HO2 + NH2 <=> H2NO + OH,0.0010174830679433595,0.001084847448579384,0.00034964418049025987,0.0016626059277296764,0.0012508037408187707,8.951044184858645e-05,0.0015136249826018583,0.0005784020773984678,0.0028070433846057023,0.00047045201131880695,0.0005154070116211135,0.0033165759052158927,0.0026305426874279024,0.0010950223470016925,0.002670654334553594,0.0011687887844888643,0.0011568759841051914,0.0011595582109279736,0.0006132047079228745,0.0007255952011877417,0.010034987103116108,0.008135478893937913,0.00720842310716507,0.00535871365509034,0.004468750320632933,0.00284226280685121,0.003289665150579299,0.0018283022376134278,0.0016143966345168452,0.0012627165107414252,0.0008209613020784488,0.0024008056852031405,0.00041214270058320673,1.3965185031981271e-05,0.005188100599134604,0.0010036274397401902,0.0010864657571437479,0.00011631025087381006,0.001669267982778692,0.0008231831777584604,0.002594621796890728,0.001631578808394458,0.001738021679685028,0.0002635649164964561,0.0007518147260462124,0.0003332143022561031,0.0011047760396810118,0.008971879899425331,0.0064635724071352195,0.003527829137611816,0.007286946825744014,0.004675009597072042,0.0015560349780928422,0.001850766123377883,0.002407739216325526,1.895024532795936e-06,0.0011664191827397597,0.0011200470236973619,0.0007262586975843503,0.0002675317840518271,0.00037988938779926314,0.001989610044993928,0.001493856114692465,0.00030887971435831027,0.0012436881449238723,0.0033472295297666483,0.0024157205323168244,0.0019039249881734868,0.002442551394115739,0.002044506857687521,0.0024014741605840172,0.00031253664932686336,0.009384590371924321,0.009135204866938779,0.00472117176884013,0.00541047208500221,0.004323808545211796,0.00470630183578936,0.003607506584816365,0.0009754312429346033,0.0003956009466182695,0.004861861614376463,0.0012860534403928631,0.0023877128480212476,0.0006070632109017763,0.0018678211519879604,0.0013610369255463363,0.0022005102300995,0.0019354757770206903,0.0010865767211606706,0.002022344348329436,0.0013631068078558861,0.00230754891498236,0.0038637634605759234,0.0027476022781725245,0.007460912211188756,0.0026491805703177927,0.005670707387852125,0.006026337220515413,0.010983726828770258,0.003954345322807064,0.004703829179340563,0.0001368601124314083,0.0013435750802348108,0.0025929480626432303,0.010983726828770258,-0.002281133462686428
r162 NNH <=> H + N2,0.0002370949597873891,9.480761464518176e-05,0.0001223232764895965,4.915988523367316e-05,6.410329406926836e-05,0.0001614943948898975,0.0034004453502750847,6.408336215977971e-05,0.00015706417453947543,6.119243211486935e-05,0.0013600015309619161,0.003739691581619839,0.0023205651203949073,0.0014617491308881296,0.002709373272073254,0.0013792061311624876,0.0017668927562661484,0.000515897830944437,0.0008414157123198329,0.0021043829197264514,0.007444092848394725,0.007069367996737738,0.006741316754522054,0.006375529275570378,0.005925352274980012,0.004394532442262694,0.005630303816712723,0.0034437726844873235,0.001609945087843007,0.0004013637043719971,6.796421822278105e-05,0.00046834165875534454,6.715792604865907e-05,5.3584406285653335e-05,0.0008715007821603175,9.004129808404352e-05,0.00013487585776425463,9.087844118503866e-05,0.0015948464917462345,0.0010062183625617984,0.001519344545226132,0.0027425952744673933,0.0014767606706506278,0.001046444570984127,0.0007851180433230511,0.002100669373674318,0.0012022947942991436,0.00620873337429732,0.006209754189998741,0.004295032922362196,0.0026837090373299736,0.004276410810707278,0.0017725939701986723,0.0029920243661640776,0.003978132153963375,0.001898594625957498,0.0005137258725481031,0.0006985933531716811,0.0005615983318666628,0.0008166719100828707,0.0005208589775804045,0.0021090518990641615,0.0007888065635905397,0.0015020920212549273,0.000461213082573526,0.004227563813535119,0.004073293152513351,0.0029329159455919306,0.002940177996504799,0.0038106233020633352,0.00424688655882805,0.001902161179909144,0.010276694486859514,0.010275784224661251,0.007868260686647576,0.007488424881702414,0.007789588634543551,0.006855768327186762,0.005599947290046991,6.279856480209465e-05,8.210919554439328e-05,0.0020893812452330925,7.296407536254021e-05,0.001140742259777894,0.00014156055340801025,0.00527951688925924,0.00010166016523904265,0.00021754124873387884,0.00024858901494485857,0.004783345025534393,0.004982468938740311,2.9052438178099967e-05,0.0009878687964177011,0.0016527082321015326,0.00033844408253099715,0.0043243181179895155,0.0021909172698134976,0.002756360541506264,0.0015671146851494293,0.005376588937766547,0.004650370003217866,0.0005342682167311239,0.001547634828351601,0.008934052391195891,0.002534934826853065,0.010276694486859514,-0.0020033148649676587
r173 plog[3]@100.0atm HNO <=> H + NO,0.0,0.0,0.0,0.0,0.0,0.0,0.0,0.0,0.0,0.0,0.0,0.0014247172252299866,0.0011221592512772097,0.0006460928840120958,0.0013527493398185968,0.0009955924731265395,0.0014685816337871944,0.00039191068689519115,0.0014177202206892858,0.00020488795363103265,0.011969192228442678,0.01103645440151134,0.011799222957574402,0.010616813801685299,0.008931335983727104,0.007657384959555945,0.007160605584533433,0.0048663002615557385,0.0,0.0,0.0,0.0,0.0,0.0,0.0,0.0,0.0,0.0,0.001301704533662336,0.00038378132780120277,0.0006915831649973625,1.6055964813467303e-05,0.0016963536015728007,0.0011989982148799389,0.000730590584635983,5.947230958575466e-05,0.0007221997035818932,0.007753294570334679,0.007004073490082479,0.00640997856103515,0.003017514665582788,0.005446876771176759,0.003285714659961959,0.0042434030981309415,0.006094869679559086,0.004626020077458733,0.0,0.0,0.0,0.0,0.0,0.0,0.0,0.0,0.0,0.0006825122554263668,0.0005082114685144698,0.00030412947696308365,6.020627476271179e-05,0.000676085762602523,0.00037484034701461716,0.0013711925414431566,0.008093659522457997,0.008721015581770292,0.0059935641072077234,0.0067819324225756325,0.006840785313041189,0.006727619147464194,0.006150064307349496,0.0,0.0,0.0,0.0,0.0,0.0,0.0,0.0,0.0,0.0,0.004441896486638043,0.0015423281931237858,0.00044158385436127634,0.004939411460069427,0.0002141813306289342,0.0001267206543736059,0.00011922060100989838,2.8041550241165482e-05,0.003929564694817689,0.004954980630846492,0.012791487317513414,0.007213869837094232,0.0017072499039869715,0.0030907649759097586,0.0006333264224153797,0.002280813973726249,0.012791487317513414,-0.0020908607967284904
r177 HNO + O2 <=> HO2 + NO,0.001766333612171083,0.002466490317744612,9.732291648084686e-05,0.0012328186970037291,0.0006587444058356348,0.001169956918332327,0.0009505512740699837,0.0013075335571267647,0.00029372930682374643,0.0004096856335651343,0.0006240019122427888,0.005675918157923056,0.005282203946957378,0.004938056316380754,0.0033785322419489896,0.0029789347315277203,0.0018697680314271603,0.002606013264405993,0.0012393492971661296,0.0013207228640916247,0.009860517882333547,0.00832706094504011,0.0070444427461125525,0.006250605527720809,0.0036660129338464895,0.002937724910558808,0.002024002804435662,0.002378218304219479,0.0005980862859961064,1.4639180754360776e-05,0.002085622778630797,0.0013738752978558135,9.270157150483116e-05,0.00018666481726969274,0.0008455792090957239,0.0003944900792290298,0.00038327321403615707,0.00022621487822983768,0.003289407458852893,0.0026408649625881005,0.0018841819596738532,0.0013068026811242984,0.00028233475912270434,0.0021117819557841242,0.0008723442867276943,0.0006031813270972095,0.0010086491548199664,0.0020945837253449695,0.0010025667431497057,0.004066430590994005,0.0024955937056136816,0.002769556439900293,0.004214089567862315,0.0019500098208483402,0.0002958666672493225,0.00202235244242188,0.0026526400644431574,0.0028823409746743804,0.0024214067996685988,0.0023114150642490738,0.0012633477365482874,0.0015376782116250925,0.0003612434364374761,0.001329897197339828,0.0006855224578092991,0.004431867483705041,0.0029257717023578925,0.0033345253729500208,0.0028346262015144282,0.0016316314204422695,0.0004645986544560946,0.0005201952431569258,0.006107249629300543,0.005079887894189375,0.0051152442160337964,0.0025893235717880285,0.004079814517693634,0.0013427037822502572,0.0010547860915962736,0.00257112694972319,0.00031946962439833833,0.0008143388371039391,4.1237926433930125e-05,3.471258988380467e-05,9.41818412819926e-05,0.004156167336085056,0.00011594170720754102,0.004794082668338927,0.0005069350344338208,0.00520451482635661,0.004693602183461652,0.002673320791514196,0.0026084305773237436,0.0006652752386379182,0.0020036420658371525,0.0007697791982241974,0.004888024207519956,0.0002764337630921305,0.0040882823481825275,0.001229362997729738,0.0023264554168799557,0.004571034927115045,0.0011527120745607711,0.002727521317895411,0.002251454838391557,0.009860517882333547,0.0017434944798370533
r58 NH2 + O <=> H + HNO,0.000460997251810365,0.0005144056273595279,0.00026045003531337843,0.0014087292245134441,0.0006913785041012287,0.00040507545016772755,0.0025732258390568316,9.738352096095527e-05,0.004953762068001241,0.0036842829984774597,0.0037587411424037463,0.00034678485787059676,0.00042944918165857614,0.0008641690219354139,0.00026781766555268046,0.00015658037067977382,0.000892180458479744,2.8116545108003796e-05,0.00076016651268216,0.0009595944889599859,7.946108919870136e-06,0.00013222435990719068,0.0010568913250671257,0.0004952057218754803,0.0008870969519930883,0.0011873486282175576,0.0014634257189408081,0.0001266959161976927,0.0005813426818553211,0.0009826817879540109,0.0021523267907811237,0.0019897389794628294,0.0033698566448687466,0.001057486289032648,0.001559904065595474,0.006874572784936704,0.0016653855764334452,0.008452048869324918,0.0023213035200855634,0.0033855236746868807,0.0021997436125784113,0.0023883129607275948,0.0026904833569635187,0.00021640297688756675,0.0026451349605094796,0.0013665993724784893,0.0013981241627841106,0.0029632498382604327,0.00242080165692667,0.0016464578817712934,0.0013468437640335802,0.0014570744022647812,0.0046458278942184935,0.0010403458280658468,0.00043930120576327205,0.003814135330393262,0.0040707063818621846,0.004176052513396557,0.00324446362500126,0.003287092778599366,0.0020153298337928817,0.0016173306412699063,0.003842419665033966,0.0010095565277672255,0.0008884657786216947,0.00442939483885496,0.003728692455077764,0.004070396408857905,0.003268662259310238,0.0030988841015949678,0.0014623352280967498,0.002287576143518085,0.0020812110758900346,0.0021621602945216443,0.004573615428793666,0.0021624910230208646,0.0031844037185354,0.0019515432687946224,0.0021805661446506783,0.002362937117710256,0.0026205294283555,0.0019410919373420113,0.0009567575726470949,0.00043909219267615295,0.001104638958616924,0.010406767833431611,0.004843743974831015,0.002154048756390027,0.00010596466621028284,0.007373318929560691,0.0007086990432192032,0.0009752927667532001,0.005728647197075205,0.00018059059463721664,0.0038495916894175264,0.0007267329721242172,0.004098443568394701,0.00010710153552605954,0.0035842175377793664,0.0049625121251431524,0.00024745019911583485,0.0019945745895688775,0.0017323874279578588,0.0028350896562146025,0.0021805260458790127,0.010406767833431611,0.0013644787955600325
r39 H + NH <=> H2 + N,0.001205185820789133,0.000703202046290907,0.00026763626898454397,0.0004857787381508305,0.0008978885004641503,0.0001367405539563845,0.0010173780612883993,0.0005066434726257593,0.0014576763759658942,0.0015122620907377208,0.00295442820849293,0.00028149718291434607,0.0010321076134785813,0.0017920303613132064,0.0007288744583295523,0.0005312378254532821,0.0010317894921934852,0.0006241873664407921,0.0016168182265349229,9.78571052195145e-05,0.00026177528841027326,0.0008472455835214587,0.0004286545989441783,0.0006940374570622611,0.0007773368174504097,0.0010121133772188582,0.0014040140855087143,0.0012389804985745048,0.0011869280092262327,0.00211044405642632,0.0032412289473088044,0.0030808985834541096,0.004635338796283974,0.0019523646683126845,0.0007994953513928666,0.007962213545701062,0.0015987815396842986,0.010189913834274682,0.0009339624965909219,0.0021451924546659496,0.002020735287817667,0.001554045649429948,0.001958405436003842,0.0013066376906838764,0.0034931181130148496,0.0037679201513785977,0.0025899448487407147,0.0030761059819312195,0.0021175498283557224,0.0004070854979497408,0.0022393410325356818,0.0007591727370290491,0.0038660874301324226,0.00048059088850185117,0.001996351842392177,0.004431688207328654,0.0015948457055147839,0.0026010287892636,0.002968175266764342,0.002675438123597702,0.0015697066905174548,0.002396093739789541,0.00430028702717736,0.0028887758372610883,0.0017758792222529606,0.0007170081681094999,0.001096814168328273,0.0013766342390402204,0.000877794191231004,0.0012744374538745402,0.0004559720439632399,0.0022215167404577435,3.705059576645949e-05,0.0005115192331216395,0.0022424523926763075,0.0011922022911010045,0.0006634445963320535,0.0011217621766738395,0.0013372878307177688,0.0002829139681391554,0.0007723125624049754,0.000716462010728683,0.0006008276096143209,0.002630027427710357,0.0031539781440097473,0.01015350369236686,0.0017382716673026378,0.0068111436090492515,0.006123909221222782,0.006535116713967449,0.0005839122361280958,0.004256330457123872,0.0020476685890745312,0.0031806181318640965,0.0036488006987018,0.0016603121453082077,0.004614449816290495,0.006603253516749817,0.006840501357866654,0.0005393086755575238,0.005827772742171872,0.0008971168402795968,0.0006804411852775975,0.002958738149464534,0.002146160943026637,0.010189913834274682,0.0013578783308849293
r99 low N2H3 (+M) <=> H + N2H2 (+M),0.00012871318641635506,0.00018059993054289096,0.0008349307646613727,0.0012747321653491944,0.00010956749148768165,0.00016748770987559653,0.00014235428263935785,0.00125843018853687,0.0016385539545492383,0.004816664525099225,0.00278164911148868,0.0013478117721444985,0.0009545782778597416,5.7755434000091045e-05,0.0005585644867902346,0.00026152263783846887,0.0020138139401399005,0.0015297611174755878,0.00014117551063846527,0.00036895781094470814,0.0016626581966175439,0.0012053277443631312,0.002263504073647418,0.001753207943241037,0.001182665531715,0.0015841200226172636,0.0003534118002952861,0.00011236416662736807,0.00032386555375353847,0.0005412260316441692,0.002186004322963318,0.0028307274205915394,0.0006951109441822684,0.0020560293400307874,0.005548029320241217,0.0032559718172933154,0.00018529399582100446,0.007476869478463976,0.0015580968196742453,0.0012221770317411018,0.00078279849280041,0.0015535346617716079,0.00017626192406807253,0.00010301299270466043,0.00048351739221190676,0.0005039046593297465,0.0007156118710246332,0.001687922179989888,0.006712647780383346,0.005287054245108224,0.00024899044262682694,0.00046711550442838436,0.0012918933164160118,0.0022230273974531258,0.0020433983029518278,0.0009512144552914938,0.00012266899951498799,0.00024177931382243843,0.00025326027383823046,0.0010200188078059208,0.0009584890480776304,0.0017169293274702049,0.0020990431379346703,0.00034468611731409667,0.0004711162300372482,0.0025626740478485637,0.0016577767040138235,0.000632434015334171,0.0011417047970894857,0.0007853165888672237,0.0018130479168126845,8.470176299076394e-05,0.0050113125303975934,0.005073131501083285,0.0018452810932640426,0.002843936548270231,0.0027478084739052887,0.0034053242301315292,0.0009539551635828482,0.005224043510774508,0.0008015371069183484,0.0034783290807919843,0.0012716195369045175,4.71708189754184e-05,0.003699418534822688,0.007852511381717586,0.0025665924937005474,0.006378174113588943,0.0018296997843938036,0.001812947918646396,0.007985286993217483,0.006802120375901994,0.0006652989032385771,0.0035062337928305734,0.0034241683741253162,0.00020299242921969815,0.004124124876915962,0.005540656232314944,0.0015228810438515643,0.00834275643714953,0.0010022242235105286,0.0016125490288867734,0.0036924902312447465,0.0032572156173002074,0.002002169528297235,0.00834275643714953,-0.0011917993707169575
r173 plog[1]@1.0atm HNO <=> H + NO,0.008377352540534672,0.00748155566158304,0.006965230903187742,0.007585323206920057,0.006703140180430252,0.005966424578456555,0.00825257117629797,0.003914768374013215,0.0052498551735728665,0.00042057937371500737,0.0034245156157606434,0.0,0.0,0.0,0.0,0.0,0.0,0.0,0.0,0.0,0.0,0.0,0.0,0.0,0.0,0.0,0.0,0.0,0.007367198079895529,0.0073124467655200365,0.005261949567405196,0.005596014827956924,0.0024427092117280296,0.0057963216262028735,0.008095076227121599,0.0007866582564472201,0.002543995981615671,0.0001318394718330716,0.0,0.0,0.0,0.0,0.0,0.0,0.0,0.0,0.0,0.0,0.0,0.0,0.0,0.0,0.0,0.0,0.0,0.0,0.009149704687887844,0.007952501517401258,0.00785891927713275,0.007259859564155092,0.006413257151348249,0.006862669068383614,0.0055832189066259376,0.004986364938625602,0.004290799572033893,0.0,0.0,0.0,0.0,0.0,0.0,0.0,0.0,0.0,0.0,0.0,0.0,0.0,0.0,0.00473592649396388,0.0026397676095509088,0.0011791891539927688,0.0006822101305339542,0.007328340360312521,0.003445345676034465,0.005656835914002005,0.0037385934916430094,0.006137133280286994,0.001956705337243551,0.0,0.0,0.0,0.0,0.0,0.0,0.0,0.0,0.0,0.0,0.0,0.0,0.0,0.0,0.0,0.0019955083551091964,0.009149704687887844,-0.0018428388441045095
r73 2 NH2 <=> NH + NH3,0.0009020437459204667,0.0019065781088498759,0.00015383668447452922,0.0017374359237361434,0.0012939876943126362,0.0012888780333867814,8.27785266284681e-05,0.0019166486833693186,0.0009171005778226178,0.005416730497133966,0.00174772082467309,0.002293020347599827,0.0022374209919635794,0.0018082806751745905,0.0021354496729855577,0.0008723673236767455,0.0026829813830110834,0.0011835144610983356,0.0023734102765559932,0.0014091938961272536,0.0034428561275056477,0.003638121738859569,0.004024234447173358,0.003417007822611931,0.002407202488737392,0.003085240467252986,0.001844544685732572,0.0017519119737221748,0.0009430192081231673,0.0004511220652530498,0.0006154734883582796,0.0014205802052889478,0.002227482191736305,0.002085074021300132,0.003623244181383718,0.004401064289461896,0.004489277657879032,0.005699843275991334,0.0003007604601856904,0.00026794133980705364,0.0008815022585036878,0.0007419843209849743,9.941781602758863e-05,0.0010298942291884915,0.00198030802425383,0.0004420879962102851,0.0009029007971436469,0.0005426504594963388,0.008112050243263511,0.001157775543862391,0.0013336920963015755,0.0011388996746506095,0.0008495447752350395,0.001356265670914941,0.0004341881360316301,0.0003779232758517938,0.0014138744427163396,0.001733335669479731,0.0018681929569267972,0.002182073789669406,0.001197695934535545,0.00012459130370512118,0.0032789783395284337,0.002055026166067629,9.061308657938718e-05,9.05961666416198e-05,3.2281531463687985e-06,0.0010822297144059412,0.0002310923150458037,0.0006843170372464169,0.00018336170238496025,0.0016282608717961633,0.002646160307028484,0.003316422147747174,0.0015357250103210575,0.0010779921851184686,0.0010911754051101741,0.001456799177921012,0.00020193358175223987,0.0005293629714825001,0.001045620558956743,8.342339253922361e-05,0.0017913205686323895,0.0006053047543696514,0.003459797694102125,0.010253824607507985,0.0008700808231521296,0.0011927840693888793,0.0023275771477921465,0.005669321554567735,0.0003219106498849942,0.003896215084190364,0.004180312563678691,0.0030302952394009653,0.0016181710631263985,0.002628882458129964,0.003709413917687111,0.0014503336980572297,0.004661382957008164,0.0023786667136879184,0.0013442006881163899,0.004712421656769123,0.00316200763909383,0.0011879141372033806,0.0019342373832325552,0.010253824607507985,-6.983563313327172e-05
r201 low N2O (+M) <=> N2 + O (+M),0.000991751742805411,0.0002829843378295006,5.205900114286248e-05,0.00011540691881846459,0.00034215892209368517,0.00021429143256259696,0.002168134764769387,0.0015915373867082692,0.00028188487329705147,0.0033869229031814074,0.0020429213446489345,0.0008300769988076937,0.0007089232211891632,0.000532873608542282,0.0007072565192096342,0.0007158475362423904,0.0005601295599436275,0.0006089011551837432,0.001656816241254496,0.0010714575427136046,0.0012720953159915918,0.0010734157455443427,0.0012595575225194152,0.0014085749997586033,0.0011812277104672106,0.0027866785471069504,0.0026876885553363925,0.001492641856260078,0.002009669737967901,0.0040617103921709845,0.0008059829448436826,0.0015539705118083858,0.0005071255950194062,0.0013656508518412624,0.006709647145879277,0.0018389004984701804,0.0015014184795634406,0.0018096671392310302,0.0017003885649732897,0.0011488222191526256,0.0015384899392409043,0.002581420949432172,0.002074722530978787,0.0009736564554063221,0.001769117372949818,0.00011990130372641967,0.001819988686105993,0.00425752625467657,0.00023839189049668717,0.0010434585209124709,0.0009871216823512394,0.003549830675393612,0.0014317892268761866,0.0014468666557703523,0.003100222467353959,0.0002635747426035119,0.0007253572263983997,0.0005155338820751995,0.0011436511984641545,0.0010073359200513817,0.0011630257934408929,0.003123220446465439,2.3701545661164635e-05,0.0014677650422885438,0.0023875172667968086,0.0013631764525428756,0.0009129798976765061,0.000685800311722248,0.0012869233416046785,0.0021365110195934347,0.0018223331384980422,0.0014442063460297372,0.0007153268750934396,0.0010731737487548515,0.0006610217352624995,0.001002142250003376,0.0011680591958921397,0.0019042381233200802,0.002918032140074791,0.0030173920664312336,0.0073430324551908,0.0029356778261325203,0.0005102074469613847,0.002496145501756183,0.0008404496010373473,0.0016655364971680355,0.004532338981328337,0.010158342302968085,0.00338053512608897,0.0031736273301604945,0.0013580631632039025,0.0018831887808646367,2.560354904433227e-05,0.002896387034887882,0.0011921167452778418,0.0027952498171897305,0.0018732483675465018,0.00299786177178695,0.00570862154475762,0.007901106547606071,0.0005578986007520296,0.001669707882532311,0.00010272673179121011,0.0019011503040800984,0.0018057740247440428,0.010158342302968085,-0.0014299452617069065
r45 NH + O2 <=> NO + OH,0.0009845077740575727,0.0024359978966523527,0.00092289253369027,0.0023355281145254194,0.0009671446325431447,0.0006883432474135631,0.0007552097275411078,0.0016475694196115538,0.00028182860920228007,0.0005158973060084654,0.0014567232096474546,0.0025495716379681276,0.0029282241688943396,0.0034067243310460255,0.0016971535188080283,0.0028010928168267627,0.001372598737923423,0.0024857043823339675,0.0009902246552853438,0.0010188647276057913,0.0037043901804905657,0.004215484257474654,0.0019847455401741138,0.002991828834401182,0.002019149947693548,0.0019571049891230928,0.0014287966231291691,0.0021602832953679777,0.00026409318428448564,0.0008192518938259595,0.0012707515065477637,0.0007991724823042459,0.0007028855887127593,0.00011778103581533833,0.003395323923138653,0.0005173544138733086,0.00015441430284708992,0.0004211292190375301,0.00254610304977554,0.0026665966980114575,0.0013177315182129044,0.002030296672857504,0.0009184883452901797,0.002021596892175149,0.0027484376830241193,0.0002598604135556547,0.0011306540695592369,0.005102817924427924,0.0011137215896377041,0.003767930264471213,0.0037454722400792153,0.0008704652151797813,0.003767414355544439,0.00029027419457929254,0.00012772238890615262,0.003505718999915201,0.001729192621045224,0.0026132805397078756,0.0017556267997406473,0.0018329975103541214,0.001318829430775739,0.001242125690292559,0.000867369856699896,0.0009055788605020087,0.0006420785530996281,0.0023733714800102165,0.001426992938122682,0.0019966093524879627,0.0015028942650353546,0.0016124020278426834,0.0003342738846068642,0.00025825938994823635,0.002285098652456982,0.0014279231577007017,0.0030380267635946962,0.0014928483123334416,0.0022229048781777206,0.00045950869483406785,0.0007613436962808079,0.0016778655103915812,0.0008763861761952472,0.002934738062839191,0.0005454828516432198,0.00038046563846185795,0.00031356979968087364,0.00048405775021333295,0.0003879475469823959,0.008409777249148997,2.248567341937373e-05,0.006184588550199545,0.001324422410638677,0.0026989546916380684,0.0009901249222992361,0.0026135193989855012,0.0015245508395395813,0.00046238499584775033,0.0005294543280119341,0.004367307655929611,0.0053351944960356576,0.0007583711126372876,0.006731072177381814,0.003094271738413298,0.0007522953781908347,0.0010994679274055348,0.0018047628790270156,0.008409777249148997,0.0009859695832066886
r159 HO2 + NH3 <=> H2O2 + NH2,0.00028610425189820756,0.0002977313544232631,0.0013257488920911424,0.0008630762800286908,0.001084254502595352,0.00080133099843313,0.0015620976240751986,0.00035520677327506827,0.0020294295125452442,0.004877341863632783,0.005128495950622891,0.001024032061161666,0.0008428289665396175,0.0008513916492475435,0.000872528856208088,0.00022751160496415468,0.0013629630614376818,0.00043830133229551504,0.0021732051645569506,0.0018505889233681988,0.0015414690854387192,0.000896585937344926,0.001400359470358364,0.001778324185808752,0.0014697494484758949,0.0015353474114523553,0.0010051878029975092,0.00020585257654355071,0.0019069876351497743,0.0015020535376920603,0.0011746942419172159,0.0015992019728557727,0.001926847548167232,0.004499630561198164,0.0011519624464701405,0.002910945426377178,0.002376136851428482,0.002345578729100943,0.0013622165318549109,6.09188372292169e-06,0.0015547485281594583,0.0011591360909220818,0.0003900273095185189,0.0011461899848504472,0.0008543792673199808,0.0010507112363755094,0.0008328843084357372,0.0033032194875246734,0.0012171793311254863,0.0010115671685252624,0.001350518294917429,0.0031163805973561712,0.0009130988294674983,0.00230762550901757,0.0018783174599263238,0.000711622863988442,0.00039972471081816,0.001159648155295387,0.0002104582534579333,0.00014596136931388016,0.0008811908981586202,0.0006021242878224508,0.0008279605012868103,0.0010278107250316518,0.0015757138727884332,0.0015276614860813438,0.00122209610996907,0.0013961312018559795,0.001333330648735528,0.0013613776054130042,0.001430028680872182,0.000736886958617712,0.0040243735225818185,0.002443495952018329,0.001106101032389556,0.0018598244910172034,0.0013989442104389608,0.001725419701108592,0.0009657832968359911,0.0033104288975320867,0.007049042045419426,0.0027709979510569366,0.00021014450285999724,0.002154712830078147,0.0006492045120317647,0.0025148811490246234,0.004868022059330713,0.00240647734619454,0.0020316455093631674,0.005076298612840403,0.0016889369933974058,0.00024709667539016755,0.004279145619884354,0.0002560511175043926,0.001487923433059205,0.00399674559739807,0.004432559724609326,0.006506986408369541,0.0005231473938859519,0.006311396481149245,0.0038170807925081,0.00044360878080961554,0.00018064900432197126,0.0008768671315863113,0.0017413374751605762,0.007049042045419426,-0.0010060231921262747
r49 NH + NO <=> H + N2O,0.0008366905903569727,0.0007083788026999835,0.0005098933013558804,0.0006410831444979435,0.0007592962641002555,0.0006033913540429889,0.0023780838018524534,0.0003707790868727999,0.0014717272394201043,0.00292196446360589,0.00027497454770677554,0.0005566416710173585,0.001058120327610275,0.0014427899415825436,0.00039673069510486167,0.0008980573621444977,0.00019503240731736442,0.0005316375078223314,0.000517451251280304,0.0007663822093782176,0.00201006219010494,0.0030518358023485666,0.0016635475382301564,0.0015411244440884481,0.0005648286504804467,0.0006542756389414831,0.0005289933249742375,0.0009524313441168099,0.0009233861399377957,0.001256760896411795,0.0003700063741286115,0.0005644624675801421,0.0019831157068064147,0.00500989651575017,0.00551278272413793,0.0011935424229158962,0.006690902094139466,0.007997218510811251,0.0010770538598141948,0.0023163774963119318,0.0013130912073669825,0.0010674185811746055,0.00026657953423064,0.0006209483739094614,0.0006038322586481011,4.316964914298752e-05,0.0004043521536819928,0.004103181090746594,0.0009588716451768189,0.0017850316687455625,0.005495809563742073,0.00278834807584764,0.004148545345136122,0.0023376457007386548,0.0007189903195613404,0.0013814772890576072,0.0015949472938332385,0.0005077531361234969,0.0009089593487202373,0.0010421246686802452,0.0006269078740227025,0.00129151824996558,0.001413065832289847,2.1983313487738355e-05,0.0030485750242491643,0.002292891424581224,0.0007575405943654226,0.0017756473647241068,0.0002391055305030572,0.0003647974833758245,0.0006071659545196754,0.0008379140280053527,0.0024811267060822384,0.0016465353686273055,0.0028588393160247534,0.001785019986253493,0.002610805657437346,0.0005661512705264556,0.0003808486422258808,0.0017967916270631768,0.00044823499183575035,0.001387409136222372,0.0018749050466354918,0.003496941767965717,0.0013010822402891305,0.008121122291945825,0.003919056429238457,0.0023207014624333855,0.003210948533688163,0.0046730991333709835,0.002075366703160925,0.0034795031501861176,0.003232156101778586,0.0009382668775203762,0.0009816196403844778,1.0678548822814938e-05,0.0007714139458986831,0.0005011447024311785,0.0022170965410861204,0.0014707030232531109,0.0005074599288868136,0.0025120055574285424,0.0003900068983167245,0.0011508782106537116,0.001674882876229122,0.008121122291945825,0.0005266063800297585
r59 NH2 + O <=> H + HNO,0.00019653207996308313,0.00021163253116570166,1.7714824103704928e-05,0.000208001354163832,0.0002702691889244537,0.00019018893554841162,0.0021060329297111864,0.0005392931458943806,0.004318888179048666,0.0006883825682419787,0.0024394984125607703,0.0004161531175966589,0.0005207443007668853,0.0005619705060054791,0.0005878057367505677,0.0006394387353540698,0.0010453745886741792,0.0003441377423704571,2.201211782931754e-05,0.00026095394086948293,0.00018148072132626665,0.0010395797776357912,0.0007684740780981515,9.38949964693347e-05,0.000943368407971362,0.00013051308988123485,0.0015884714860742006,0.00012657423270962778,0.00036257448900384805,0.00040036723505855996,0.0013584160937071378,0.002732451647325993,0.001701645974032334,0.0012390802526380104,0.004584857752597514,0.0034516634210726084,0.0010007181142435014,0.0088782566349025,0.0017187335136400973,0.0016205166860103289,0.0014379013366857406,0.0007538913000478944,0.00041211469292901624,0.0018766680790538687,0.0010858243717980019,0.0004375165953648698,0.0003242054064579077,0.0013482165491774246,0.004027567792857539,0.0019451454790692204,0.0041841056979186695,0.002690745078803303,0.0022888260203128025,0.00041837466564388924,0.0009289393499476137,0.0032273495633222556,0.0014667684759825266,0.0021809560366976995,0.0017140053954215818,0.001437776289615572,0.001653122985114282,0.0008589455914154641,0.00033339124448226114,0.00032201455204717097,0.0015910046299600624,0.0015871049721510547,0.0015130371981440301,0.0020514933077198237,0.0016558997760392597,0.0007715659773164433,0.00013390581400304712,0.0004344844553221809,0.0015394658685302278,0.0008918428025562912,0.0013840621932576522,5.185695275194885e-05,0.0020562865782966506,0.0008754877605527861,0.0014876585503083976,0.004732760923467331,0.0013644020638636672,0.00024077183353071572,0.00041061628499347607,0.00011250047964999164,0.0010489554923554796,0.0005476914045275351,0.004147317140061931,0.0023479593840277776,0.0001933698140714283,0.005277800847913089,0.0021300060296033387,0.002195547339413293,0.0031500164335282253,0.0016613768657474247,0.0035361700765015134,0.0011637220230216446,0.005244320035168515,0.002807907512232046,0.004186800525650481,0.0001659659393595667,0.0107768516020526,0.007134920096587511,0.002560994396775005,0.001676930410038895,0.0016702102680880826,0.0107768516020526,0.0005236133327674732
r65 N + NH2 <=> 2 H + N2,0.0015661076792481022,0.0007498346742388331,0.00032287309902433685,0.0003400303326032793,0.0009557156361177204,0.0018140501597551483,0.002840624833308984,0.0027271384187377836,0.003408237759529333,0.0024478263473640904,0.0003826325940258381,0.0008489555670195459,0.0007515992848100468,0.0003682610802034974,0.0018935312950521513,0.0005663441561938958,0.001137498470022475,0.00014583317806176325,0.0020863265781019733,0.0014287850739373093,0.0004959109700475256,8.20018258992178e-06,0.0003277213882982158,0.0010982934778527831,0.00013542443489369965,0.0003077098376881285,0.0012067377426992047,0.0011665975137145487,0.001616205219270146,0.0011573959784657937,0.0026529488934451317,0.003339650988970009,0.00015101587972558172,0.0031226670639027364,0.004351064145012303,0.0007098750161033789,0.0017888425045176446,0.0002919536213727975,0.0001478172205046742,0.00011423611602237299,9.107853627400865e-05,0.0008094217355404088,0.0014337057807844503,0.0011238497509141693,0.0007725902245739221,5.661622729759326e-05,0.0017271953327401904,0.00422436741408342,0.0007467796705529369,0.0001005611289585806,0.0016346462855871076,0.000556161243021098,0.002936625600534807,0.00030410511895830327,0.0012117867678107129,0.0006616982576946796,0.0005504830292947965,0.0004406827872491706,0.0006360987946886532,0.0006339556374170256,0.002104395435270375,0.004402758514090244,0.0006046619184146277,0.0009410700734276415,0.00203188050941632,0.0004941784113470796,0.0006410778198449202,0.00012158004167981296,0.0003918262079812542,0.0013349531675797808,0.0014052128855392505,0.00024225304454193327,0.0005422149949136295,0.0010800754291456762,0.001989838989012277,0.0001879625637205131,0.0005680078626823193,0.0006619027541623101,0.00024407687529463517,0.006761697161476999,7.210276072273973e-05,0.0012819590541552572,0.0006671490675439154,0.006470508598817427,0.00018667852357827561,0.005375901645721095,0.003982343276771562,0.004762403407340379,0.0010635584606541405,0.005029401761181737,0.004240966950548065,0.003050093985796853,0.003664098141837541,0.00046306046386020275,0.0004725363279612426,0.0005169755609793154,0.00013476153505000027,0.000656441854144339,0.004077190451996628,0.00364501668631676,0.0057918275486561884,0.004519489676291819,0.00253271902123906,0.0053020143002220224,0.001599381802474586,0.006761697161476999,-0.0006920030277342309
r55 NH2 + M <=> H + NH + M,0.0004121275335114815,0.0002600459371612577,5.6156896136522467e-05,0.0004202535230223685,0.0025491242078781806,0.0006780530663635467,0.001275402297114947,0.0004133991116283061,0.0031816748819884907,0.0017595294999401066,0.0082975176889338,8.564254885723296e-05,0.0004295460057260074,0.0007602137512874668,0.0007010565489841182,0.0002607827473680754,0.0009192064914955925,0.0001701349822083886,0.00170459476451846,0.0005390005840009331,0.0009925857413061623,0.0004241608367057253,0.0002874838561853431,3.473938429741214e-05,0.0006037270470130179,0.00011554122265064766,0.0007108449038224397,0.0008168252759297675,0.0014961866390374103,0.001668586221922023,0.0007368826817733252,0.0022887360226613363,0.0012167031513057411,0.0011830035683425078,0.007184870317516729,0.00027588106407713743,0.0037921614309270723,6.843783246449847e-05,0.0009904528084427162,0.0012970299909893482,0.0007737970493210293,0.0006796507164632969,0.00010629546571113467,0.00023078868411818522,0.0003343663431431227,0.00016812568883450965,0.0014982345485720634,0.0018842215754895219,0.004992158698000581,0.0005153931990877014,0.0028823172249470654,0.0002638348967161643,0.0016788713775362004,0.00014789069965813364,7.059493070376229e-05,0.0004082158830777847,0.0004238674238509053,0.0005101563046475865,0.0006355166125318341,0.0005939989630543974,0.00010363950504712242,0.0010981895243708847,0.0013094676004388056,0.00010139800518425054,0.003563348431945141,0.0005049599203394589,0.000481820764762353,0.0010747750024147598,0.00013814652598670925,0.0004896587160311575,0.0001637354517877425,0.00033623080365231144,2.74480492605254e-05,0.00041934127495626516,0.0014125787844248058,0.000944956449741039,0.0007852925207792855,0.0003486647312163737,0.0005867933339105325,0.003756017544206623,0.0048672396215602995,0.0008054222624553818,0.0009833696545746633,0.005316221992685457,0.0010694218516015804,0.007548499406166057,0.00038815825105901325,0.011962440377071195,0.0028047493303132347,0.0010567893431322798,0.003921424159494956,0.0024973379808410474,0.00047436219458502505,0.0002669938844648621,0.0018796438817607526,0.0034346914187334617,4.759325552589333e-05,0.010637198852238672,0.008409724321464715,0.0016030459492267217,0.0004915855826711322,0.000523134963201268,0.0037542735534275536,0.0002539700733560254,0.0015625034082021926,0.011962440377071195,-0.000885803388559032
r99 high N2H3 (+M) <=> H + N2H2 (+M),4.713585079638948e-05,0.0003038851833460769,0.0003153050653839911,0.0008473263440463919,4.060922187066702e-05,0.0002194804055828305,7.863735233528074e-05,0.0011644422012219156,0.0003514826894541693,0.00033171495044909523,0.0038048084797845413,0.0013405460183496588,0.0007763975684299111,0.000341995854222967,0.0005381749662266794,0.00013392580861591643,0.00039076714390475165,0.0007339564891553353,7.258693036184727e-05,0.00021375480941897726,0.0016149646528801171,0.0011767258386571986,0.002076534789543254,0.0007145736444256,0.001137981611087369,0.0017098036834627035,0.0007510695159124999,0.0006867359191111948,0.00011271967263748507,0.0009599190130383307,0.0011416044986847299,0.00022442261416887873,0.00041768097885790833,0.0006006892515688655,0.001950556478004741,0.00497747923352484,0.003080414590138731,0.008338493075566562,0.000994799511161523,0.0010463249127558901,0.00011148551588595381,0.00018427724526466933,0.0013664244662519272,0.0006409032339211349,0.0013442307825358019,0.0019580717071893987,0.0011036945610549843,4.5506697412240365e-05,0.005339765937763754,0.0011513478492809523,0.0018209996103413526,0.0012139153876171305,0.0014412427815141565,0.00070402169596557,0.0025881024961350954,0.0010664995662646223,0.0006818859985807362,0.0011302721923632602,0.0009558350842918229,0.0007953606952383926,0.00021077409976039417,0.00012832795575558873,0.0015381891058648936,0.00012181042996816352,0.0006250941299851264,0.0019280906004361226,0.0011750324413450476,5.1258963640377945e-05,0.0014438106344190579,0.0009510827320347291,0.0009191906262990233,0.00086908130790143,0.004236812048035266,0.005717346500304401,0.002975807611449617,0.0027844511352742686,0.0010854566816568833,0.0017692011017800338,0.0006016151978388765,0.002225476566741691,0.0018877015482569209,0.0009467413986635149,0.0008207752408205394,0.001974927233577342,0.007994046001235239,0.0035200568797162687,0.0011522737457830624,0.005451312871924423,0.0013964329726934837,0.0009670612153931716,0.0026553752870135013,0.001373999038813467,0.000894758357095528,9.900806313547398e-05,0.0024579848260897533,0.0007582604563964021,0.0024391935475898407,0.005438663260426383,0.000532083398517175,0.005311144635603782,0.002228974202324226,0.004784118949922822,0.003918052791532894,0.0003814985721427594,0.0015591021604632474,0.008338493075566562,-0.0007301224824184999
r214 H2NO + NH2 <=> HNO + NH3,0.0001739242988229869,0.0012622009371646467,0.00010092181393005509,0.00011652508877518355,0.0016700164942699788,0.0010419089520496828,0.000634812635181515,0.001569917838559876,6.46213568529683e-05,0.00016517312189258585,0.000850136068955953,0.0002575362293703806,0.0001492676839540779,0.0006045802032169796,0.0002152492834459376,0.0007972049728755257,0.0008493488159953499,5.259772185597541e-05,0.00037746605110983356,0.0013669581751291262,0.0016505843360692459,0.000901319322570902,0.00027340195740139774,0.0006371470057177417,0.0004537073304039148,0.00012519631208982862,0.0012368938048788818,0.0005506410714538929,0.0011847997408004733,0.0005126469409363181,0.0021758341136965016,0.0010032601566908096,0.001273918406774266,0.0024595314782381653,0.0023055708843490964,0.0007918473847119187,0.0037399893207449,0.009403729464789483,0.00037482909348068985,0.0007520557215657388,0.00023197947963925702,1.2691757609243025e-05,0.0005599097910395439,0.0014817279342051785,0.0013701655712944714,0.0009140292263952763,4.4445875296677124e-05,0.000537596616751895,0.0008758740475197202,1.3859018422597819e-05,0.00345073874509944,0.0014311519705487617,0.0006012573235951231,0.00030460974276372104,4.3354070740722415e-05,0.00031916247279978446,0.0014728950137527603,0.0008982703711132077,0.0010591810107241058,0.000715190156347359,0.0006271075334433097,0.001191922216103568,0.0023110984573362463,0.0015238356330503733,0.002650820372973247,0.0011958101932936394,0.0007430549293112329,0.001301873011778104,0.0003598557554436475,0.0005850322324485622,5.59498519133922e-05,0.0002363749737853808,0.0030503030665573146,0.0014774246097826022,0.002181100627824064,0.0006636596634938715,0.001731107615210796,5.4738747055183e-05,0.001098018742945748,0.0014177252590079727,0.003989930398928954,0.0010086889379959543,0.0025686531647027204,0.003867020702747674,0.0027681882076982535,0.00585227074192418,0.0032852748058032587,0.00026178244003762934,0.003926742478724949,0.0019311137985379226,2.0694032947177174e-05,0.0011497794674405247,0.0005314145929689803,0.0057018890985650605,0.003221034768971028,0.00861728094461081,0.0006305013288679678,0.0006442448523175564,0.003493780299901128,0.009023212122782443,0.007939426235323708,0.00013529886423161545,0.0014813111858849439,0.0038377780192666295,0.0015462450650997204,0.009403729464789483,0.00026586932634975696
r10 2 O + AR <=> O2 + AR,0.0008681619266321019,3.257619098025183e-06,7.868610464779442e-07,0.000257271586804625,1.588879308360088e-06,0.0009639862497823192,0.0025109315545327627,0.00011921541338961752,0.0016483561079378647,0.005166438519644289,0.0014799994846712325,0.00010109298049669589,3.499851942908553e-06,0.0009301235974882643,0.0002751272991128304,7.683532889138573e-05,0.0001261590904830086,8.419533947089018e-05,2.0201384202776485e-05,0.0004976403805905078,0.0005079228804403546,0.00012942081988334906,0.0008109161679806796,0.00018069953700767467,0.00019017099122718774,0.0009492037393834882,0.0019228850861421182,5.06942260653498e-05,0.00018368167759767322,0.00037360091032876986,0.0007743999322775485,0.0017819072201523173,0.002164565021243385,0.0003124866511550457,0.0011430951071376768,0.004804253482083766,0.004719126494735473,0.009046086451021302,5.172127339713276e-05,0.0009403996240171149,0.000529152004663169,0.00039828657922012984,0.0003798013168712219,0.0002953252867514981,0.0015063088142850474,0.0016822188895764445,0.0015552535611890789,4.789101778977996e-05,0.006984703839666851,0.0004958337971117693,0.0036974288123041476,0.0009207864449578739,0.0014042832123249674,0.001024986075026359,0.000732345753648131,0.0015321958812161576,0.0002820061972162774,0.00030723174087257893,0.00029762879038247337,0.0005228841482931188,0.000802006266114904,0.0007243651076108418,0.0015209315890849378,0.00020994989309266682,0.0012174295322414253,5.39930802092164e-05,0.00021935636453249648,0.00043419713763613723,2.4250147753262394e-05,0.00017793601547674883,0.0005242657969468568,0.0008918073370679434,0.0006614796333829805,3.5648807997465906e-05,0.0006981128849207959,0.0012652102083603267,0.0007020024427067881,0.00016289513670781432,0.000529365599760803,0.007489622218835212,0.0014377338229505595,0.003136720000620528,0.0024270821781072973,0.006528734300622592,0.0026367662199128744,0.005053938555990058,9.611476899942022e-05,0.008292711861696719,0.00471688547054906,0.0033949866828052668,0.0003741631254872487,0.00024238160594615727,0.0025732519740548276,0.0001671718536222353,6.888164013386669e-06,0.00819131073261538,0.0008648192487268644,0.006025713536685395,0.0024236200075337475,0.0010287076368368394,0.007973441080129305,0.002603581318982174,0.0008384724808959241,0.00012625297949506997,0.0015411051319220192,0.009046086451021302,-7.259127054432111e-05
r47 2 NH => 2 H + N2,0.001063234950511363,0.000362957010461894,4.1445325972448585e-05,9.00383333132046e-05,0.0031751132492562075,0.0005977084725362897,0.0021425850130959434,0.0008403191581117406,0.000996564311529367,0.003344865600021474,0.001273108355952085,0.0007361909309891837,0.0008872553795401833,0.00045952354436928997,0.00120896030183986,0.00020116673539285443,0.0005420295814294644,0.0005322474463571654,0.0014897461353540812,0.0002805310258866457,0.0007838426897803842,0.001089538081905049,1.897398210923763e-05,0.0001735309184741707,4.239774578538095e-05,0.00015051992281588965,0.0015015581781190697,0.000727397250330348,0.0002751676872492428,0.0021372125581773835,0.0015316520850278449,0.0006095539174272777,0.002027462651709741,0.0007376634991834495,0.0017074527195515465,0.0028562277102217415,0.0038555710303277233,0.005131693325648684,0.00013221170600368978,0.00023132943757987455,3.013718864877245e-05,0.00036882336245967615,0.00015495059720951025,0.0008668531821899556,0.0018657286322278303,0.0009837651801072296,0.0007666778586331747,0.0006518144909276103,0.0028848110559510924,0.0010049427707975486,0.0021039193406194516,0.0007497719180012987,0.0034608921072045917,0.00212327051044886,0.0006685148091293445,0.0017663660557343328,1.4140620572710808e-05,0.00023628723377763368,0.0005733398261373918,0.0008434757062846727,7.171798066286576e-05,0.0024099795209631507,0.001783699919432046,0.00018598768121295237,0.002428630748690647,0.00011399522538600823,0.0002074363490068265,7.982695333889206e-05,0.0002941534438711953,9.408898595542345e-05,6.419726216687001e-05,6.214967638294746e-05,0.001067149003640695,0.00010960695139728612,0.002246230067327384,0.0007550832778308971,0.0014351231495440125,0.0016841533895296788,0.0007305263628523823,0.001948843200709712,0.0012060177841320646,0.005251967643563265,0.004634176143687816,0.002697219261512607,0.003824797411472314,0.008092817734802674,0.0035952858913872116,0.00701571491662341,0.0005140653055645488,0.006923477411163502,0.0023715849220968875,0.00035120860779929683,0.0009572602680753513,1.9766414422372802e-06,0.002917362076756473,0.0014728134591605305,0.004573571432192397,0.002231477480708321,0.000748658635638414,0.0014246079458166156,0.004433555535020712,0.004270407946588922,0.0017379759109384357,0.00288558085978116,0.0015385691421369056,0.008092817734802674,0.0003580785993968411
r203 H + N2O <=> N2 + OH,0.0004991153086664003,0.0011127983135484705,0.0007925609236154413,0.001188928023777291,0.0014664602720748565,0.000991967323094455,0.002026875972517232,0.0006063309790135228,0.00017743849653059388,0.00028871014238621606,0.003806332762238846,0.0002908355558321991,0.0007712333559334684,0.0008570720903963268,0.00044156437312134836,0.0005446648100433853,0.0005249895241941206,0.0012008776866962818,0.000402304120106501,0.00012054687430407054,0.0004766815321676913,0.0013003671311458413,0.0004955265356889401,0.0005654960256930506,0.00039197934860493163,0.00039540940433658114,0.0007278794630748081,0.0008483002359473251,0.0005577381322128456,0.0010518454892797385,0.0013998956662452729,0.0004739590258387614,0.0009775650498174372,0.0008974129031483196,0.0017873743920769763,0.00029332016956004945,0.0006757946850042017,0.008532910673782482,0.0010149941923080948,0.0009313085400096449,0.00029554554918453626,0.00042188272106212895,0.0006444453430578183,0.00017981152208729488,0.0016205992568114871,0.0008750122103769773,0.0004026178343207357,0.0022459564577289545,0.004571435919378122,0.005817162120342275,0.0005459913232841276,0.0012165265598858166,8.421154526141543e-05,0.00011189048606502359,0.0020182677904293,0.0019046521643087612,0.0006615118145299796,0.00013605332614175766,0.000316214174819476,0.001214119496903238,0.0007177045342210837,0.0016895201829657174,6.976895769404305e-05,0.00031926603556910025,0.00010246472659421603,0.0010546382288937825,0.0006087154444715953,0.0012752654302734749,0.00015589333265480414,0.00016012313879596026,0.0006977728499164734,0.000822706043806111,0.000805064028825174,5.289626203372323e-05,0.0012844731500326594,0.0008047360717214292,0.0004519543929757606,0.00026210921995206704,0.000877377818126278,0.001189330664575412,0.0012336624165210208,0.0002896951400858308,0.0015005657216149624,0.004874568892075275,0.0003576075972983797,0.002945760269554675,6.270184186123855e-05,0.008389998795795592,0.0003053773112335376,0.005042002008391917,0.00031041951696947817,2.847541106749592e-05,0.0024235090234187334,0.00313113668960437,0.0027398358546838505,0.005857251249185851,0.0007760341649490028,0.00799197799084485,8.748722855741141e-05,0.006182940704834393,0.006581905778545251,0.0037705513750308593,0.0021104114306041747,0.006200930107332167,0.0014787294245593506,0.008532910673782482,-0.0003190802754860436
r27 low H2O2 (+M) <=> 2 OH (+M),0.0016594526166509014,0.0005992707670429581,0.0010272270814516468,0.0006127668155480176,0.0009900896356066502,0.0009392701235500226,0.0015131488250699162,0.0018839174007795109,3.173046936960198e-05,0.0044660625968678215,0.0008622837191070013,0.0003140201261265313,0.0005142258454500561,0.00015722290347459217,0.00047893690271583536,0.0005967301526687715,0.0008266167591602136,0.00012513649241632232,0.0012602132507931922,3.67138789443779e-06,0.0003596859536249602,0.0002990756327497534,0.00025027512817807373,3.5206115765236726e-05,8.36511092933023e-06,0.00046555526311304127,0.0006219662478604595,0.0004951243627385054,0.0007972635310892012,0.0001377418953097914,0.00033601637442145344,0.0022367191584251687,0.000951130642939679,0.0006698492490800485,0.0003005485106679001,0.005634989587919724,5.743431145162684e-05,0.008416060830666339,3.7140818321416536e-05,0.0009358583959720693,0.0004082387630702316,0.00041559479004177726,0.0006010659204068552,0.0012461723620823598,0.00020664340795505578,0.0004384976519894345,0.0013101892198894274,0.0013780727261966763,0.0008023212018311861,0.0011987797727928862,0.003752010976337757,5.1463142630792036e-05,0.002634335788741734,6.580891500090429e-05,0.0009625150916503992,4.0197225738278996e-05,0.0007448103864142626,0.000384164058643014,2.878447519182702e-06,0.00047190808912151865,0.000863096793178192,7.88433446805237e-05,0.0004289687710144322,0.0007389871317882271,0.003500830441426172,0.0003018205765159731,3.290223785856447e-05,0.00048125088517438194,5.14294266682094e-05,0.0002690583905708062,0.00014041370760741742,0.00025244195235981574,0.0006324574968309762,0.0012418688956071112,0.00021017637325121283,0.0009785519770888684,0.0008045672678131395,0.0003841412727731784,0.0005208531864544511,0.006842239106442489,0.0009706265124727063,0.001791601949914081,0.001397876843681627,0.008336984722187428,0.008762642238738051,0.0009568695561076064,0.0002619904221559512,0.015127700047074633,0.00026019105538647335,0.005569640854117546,0.002155574346690656,0.004578410185449694,0.0009748205240835227,0.006763708876559933,0.002985424743096827,0.002538057822807619,0.0003093096539279101,0.00041921212558428415,6.162856308180925e-05,0.0012135887652962296,0.0019981313221202595,0.0030767499171340234,0.002057067861791081,0.0021621063506682657,0.0014664277252524412,0.015127700047074633,-0.0002273826263081355
r139 HNOH + NH2 <=> H2NN + H2O,0.00045231431597925756,0.00024197252310234206,4.922282355181353e-05,0.00010909900572988273,0.00026696862276502436,0.00025158945264900945,0.003548218812797678,0.0007144866384920864,8.384071526183648e-05,0.00016441864225048814,0.001166808588378232,0.0006644433574814848,0.0006449229185772852,0.0002620274071306209,0.0015254322717594589,0.0004540633839393578,0.0007641148950317175,0.0006219504547668887,5.871398002869278e-06,0.0002139696002668624,0.000745774862527653,0.0004860194271957991,0.0010405752522610909,0.0004202896503288438,0.0004851852805814243,0.0018902543004520747,0.0009430048834887596,0.0003872299875619881,0.001039316824726686,0.0021862578416180557,0.00035011356628374655,0.002387447768361855,0.00046878401378332743,0.0003117853151969139,0.005106311725905551,0.0006817145060393786,0.000194664862333916,0.0009660935465625181,0.000714608226810845,0.0007129733590296272,0.00038298212329307294,0.0001748346122194851,0.00042017435701428613,0.001425606779250058,0.0013978521855888873,0.001007580418406322,0.0005301101546930364,0.0026688978561859983,0.0015549840667240858,4.727352514559806e-06,0.0032315689726898464,0.0007086248081690656,0.0025251572278199744,0.0013220191172360687,0.00038174782483220296,0.0002207676548438658,0.0006409386963658831,0.0003438505418068221,0.000628492482901068,0.00035979532149378097,0.0002321134684549651,0.0021766134501954235,0.0003186220827171771,0.0014304603478982295,0.0007811623787328625,0.00022751879052658247,0.00011812215688779813,0.00013192579655755442,0.0010906281636098606,0.000870950294236146,0.0005547734818854664,0.0005780544214287371,0.0005677798204341353,0.0019266509605475976,0.0016960125026995294,0.0007596878754972771,0.0007564959068665325,0.0014205058407192478,0.0005968925313663347,0.001501731991292493,0.002984537242218329,0.0003222887429207261,0.0021069068182195563,0.0031037290991283314,0.001395699579295993,0.008685235284247502,0.0024103624535165196,0.004743845533336846,0.00010312936319540219,0.0017922101646494209,0.0005330657436445195,0.0012578193714396816,0.0028196359344889775,0.002477247125964979,0.0016670723844753874,0.0024203415359354565,0.0024863206727462734,0.0005264333305998212,0.007631357450943397,0.008764005085566969,0.0073119071824259,0.001969698423177222,0.0018856392953949695,0.0029746699380649375,0.0013823530153958047,0.008764005085566969,-0.00030616363009242396
r209 H2NO + M <=> H + HNO + M,0.0003392963627744402,0.00030141904123695264,0.00012653055652271913,0.0003939548282959315,0.001845624140070943,0.00023874658254271328,0.0019293523483588585,0.0005220056897849408,0.0036834948677482945,0.00026832887851551687,7.061871804114615e-05,0.00037883056907878066,0.00013646808368371143,0.00046302523609745565,0.0015444679980023942,0.0006656551678988972,0.0013235409849973456,0.0011804799263457166,0.001570099907695082,0.0003379805639730829,0.00010405521606511473,0.00035836298151603103,0.000598019810179775,0.0011706868148299182,0.0012969605162702882,0.0008224827482132553,0.0003335862021603273,0.0006495989908526528,5.066479167523928e-05,0.0013877298645936953,0.0026269202721725133,0.0016870483486461881,0.0005464547081977286,0.0006106809281463433,0.0036428152349607225,0.00011220051614089024,0.0015482667522275296,0.0015715083746664514,0.000409896356042574,0.0002956984300738682,0.0005639973550471629,0.0007055054205976117,0.00039628433576214986,0.0005966864146133995,0.00033831465242502344,0.0011914644066253711,0.00015871793127676656,0.0014070283869973361,0.004018123866444865,0.00035174311640956223,0.0015822886068819803,0.002213672781072213,0.00117132307279315,0.0009154653735804503,0.0005929014602161269,0.000749550687387777,6.76802525634004e-05,0.00034204631697460876,0.0006846457234932998,0.00032313518330175534,0.0010518250011853087,0.0016313083927502108,0.0008635314728070649,0.0008210152293756023,0.0019182049047252378,0.00013228489759216177,0.00017608509293083477,6.632395725475087e-05,0.000556600121933037,6.543829806398606e-06,0.0015286069981687925,0.0018350778497655672,0.00015402813482530376,0.0009411125192955856,0.0011186646393889065,0.0016217339139955528,0.0006563124047351042,0.0010163608115815095,0.000257144752710815,0.005031679455799287,5.2699908154787724e-05,0.002179395366356314,0.0003188150486476041,0.000802896533597767,0.0007732852631799883,0.009017786418090546,0.0010578505672241092,0.001297179091093566,0.0016696822093079482,0.005434129743963305,0.006040813715252157,0.0011882791184842968,0.002873099599329653,0.00032581583576506227,0.0008327265577700709,0.00023648213784900222,0.004619569298264441,0.004840384830337501,0.0025105745208607506,0.0037652537370014448,0.006526027809250644,0.0022830036267453622,0.0021869092380845064,0.0054651497507497235,0.001376888345766804,0.009017786418090546,-0.0004993735343441246
r74 NH + NH2 <=> N + NH3,0.00038666635617955246,0.0015089551801930128,0.0006826798662945379,0.0012940599158265164,0.0003630415163138677,0.0008219527080504941,0.0006006963257531323,0.0014041767489134725,0.00026852093336715923,0.0003912046137492134,0.0005640421352938463,4.8640157838463364e-05,9.859851961101158e-07,0.001090257369524482,0.0004775474027870177,2.0939502563914666e-06,0.0006994294853003324,0.0005688340049006811,0.00031422878889442185,0.00045594927403827166,1.8932299656900497e-05,0.0011424501385567118,0.00017336348409887814,0.0005715395178335054,0.00033061558268820593,0.0005334608600844449,0.0006075204421443588,0.0002847050972347811,0.0015039899537140436,0.0012837396039792946,0.0022063958603764236,0.00019795738779393378,0.0004690047241551511,0.00010085749681455023,0.0034885994635700016,0.0012194404883809707,0.0017210919211230074,0.0010129798077780194,0.0007578567584512447,0.0010028082021360828,0.0007384910168871826,0.0003172584464083707,4.5689415659004777e-05,0.0017290070390399573,0.001758937899685138,0.0014418212623537954,0.0014689933333881513,0.001383259639765717,0.003922125599644233,0.0014654194296017985,0.0030350044633107,0.0013307976931475254,0.0030576718191352797,0.0013851249510738598,0.0022390565644808623,0.0028470050074147365,0.0006003244511523605,0.0012775576535987946,0.0005246204029543349,0.0009235600792983185,0.0011585684279056486,0.00037748383052887686,0.0012203582269557083,0.0021920684496443636,0.00041909914112124585,9.593147839709792e-05,0.0002567700903376592,0.0006365961118781393,5.3923717818363653e-05,0.0007455657615710727,0.0007710395260333937,0.001210698973857,0.0004659438489576956,0.0008452748144673513,0.0016715141021619911,0.0005021627466255207,0.00017364777580091396,2.148732585167934e-05,0.0008017895942083674,0.005440428803572133,0.003235612366920796,0.0019320586947682273,0.0003590831399643557,0.00028509698496236274,0.0015122094822159246,0.00575381590161273,0.0007903906498224035,0.0036611906568213516,0.0018767351582125184,0.004508750109753496,0.00159957242112685,0.00520621390320097,0.001589699485037004,0.002823139704974329,0.00154131099047003,0.00115127928150358,0.005135283710733506,0.001398239905875774,0.0017382595533525426,0.002521233117359123,0.008101351791203063,0.0028919233181028967,2.652579871112293e-05,0.0014929385561409305,0.0013678390904594397,0.008101351791203063,0.000333625725949285
r36 N + O2 <=> NO + O,0.0002652847410769978,0.0012147131249751722,0.0005765653638484716,0.0010501881922709891,0.001874473557587885,0.0005807329703890064,0.0005263711469443811,0.001148394853473315,0.001039045967384882,0.00013129908218090152,0.00046286916847221787,0.0003758598431950749,0.0003996180318609276,0.0007554141832378295,7.106958584846306e-05,0.00043888828953096975,6.372638755464419e-05,8.880763756213291e-05,0.00019749855623125281,0.00012919081586164094,0.0006648025430215697,0.0003015978610147434,0.0006358844999884768,0.0005826557971075669,0.0004774965618341117,9.51849735168174e-07,0.0013974009171422834,0.0005824397209453989,0.0004283098947208626,0.00045458187640915604,0.0010321121800669416,0.0030066277773600015,0.0003658934986973827,0.00012301506097604724,0.0006087315838380161,0.00098786823754265,0.00017275081351182705,0.008168338446794515,0.000426867968964422,0.0003647400814674334,0.00035466531543844137,0.000633150460940035,0.0001545898520173907,0.0008738398031435571,0.0008079847471980146,0.001370559584733738,0.00023421756432208027,0.004259210285983279,0.001269949300822316,0.001275346852079957,0.0006882271027193185,0.00024497375081805844,0.002052997472420829,0.0018206115934957987,0.0018473498840181626,0.0010431831833421935,0.00044778790431025016,0.0014320621953774861,0.0003155168194075272,0.0007210124420695661,0.0001526473682428057,0.00041567770326154593,0.001998657891564585,0.0006668404370041907,0.0013350604062158525,2.0538463812763646e-05,0.000273026838252606,0.00017862164650741348,7.354709542117474e-05,0.0002030568355576759,0.001126452185115235,9.245130720647545e-05,0.0006466204117130235,0.0010262041861772828,0.000596288885400897,0.000490033592106355,0.0005511303814168074,0.0020036633401431243,0.0009146647633547824,0.007342758307202746,0.0017026234477052014,0.0014799327007876592,0.0026138433879414617,0.003246076641732385,0.0005100645962266677,0.00849834133536502,2.3665236693086227e-05,0.008024524212338605,0.0016255399358768147,0.006066762744891878,0.001258195621506089,0.0007277169988314206,0.002676908756457026,0.0009178248495943216,3.737844062754327e-05,0.0005901948799110886,0.0002425370195556706,0.0039577880578357824,0.007231037958770583,0.007792610682483695,0.004832763972092121,0.001109119327926537,0.0022845288670258618,0.00046778064098624867,0.0013658270879242675,0.00849834133536502,-0.0003011916666790127
r138 HNOH + NH2 <=> N2H3 + OH,0.0002254896167946279,0.00012521031969440696,9.454697208948627e-05,6.64579039606934e-05,0.00018546130830695813,0.00015159078300329618,0.0034765421300199596,0.0007844451264162452,0.00019718628546718192,0.00019550176990698923,0.0010891380380718047,0.0006195266794114152,0.000137709977801295,0.00023458882926410623,0.0008319537870861548,0.0004252055187192802,0.000354760364800414,0.0003094915219073373,0.0013740298700688082,0.00016272730833035237,0.0005339047242492365,0.0004675122601864349,0.001539298826352159,0.0005730366866833828,0.001351711887794602,0.0005613702260533382,0.001471519818168779,0.00025104954933517765,0.001615144710100472,0.0009836935867527045,0.00032731028083022814,0.002177350918186281,0.00025790127528287267,0.0005302590721929967,0.0049870801840096015,0.00018386407342617844,0.0008267321774698431,0.0007386360255412016,0.0009468171401574295,0.0002880646944149616,0.00011397522748101244,0.0009169824642203433,0.000629433349281494,0.000392662283850866,7.839388350801359e-06,0.00072405376970549,0.0016650813329292767,0.00203679035284135,0.004524506185518331,0.0007464951315428793,0.001122208073992694,0.0003061804048335677,0.00028719728097950116,0.001097950924202298,0.00036056454349337483,0.001177639313024011,0.0005315086779872855,0.0008058545137598284,0.0007606367587356186,0.0004999443667477491,0.001606315460902952,0.0010658543401390972,0.0014465207753025999,0.00018162884047916449,0.0008787500697612497,7.332261374031424e-05,0.00026674028152375354,0.00045594205153839495,0.00019086919954622593,0.0011979524902695409,0.0003385218188409158,0.0005840013536687151,0.0002778430596488937,0.0009360550673604692,0.0005394751200288184,0.00019376206532333696,0.0005141286476573513,0.0011321660739084503,0.0011149684476264691,0.0005531821340160544,0.00026097557103589336,0.00340884198808132,0.002852266627200202,0.005131633475859138,0.0005029138897746222,0.007930248631824038,0.0006276070162625822,0.004982324656106992,0.00010855418375016662,0.0011740539088239237,0.002551495755876361,0.003988340923189022,0.0054849639485245235,0.0014788074324658068,0.0004127862931010562,2.398961784782698e-06,0.0001314988562606437,0.011118003517746574,0.0017169587937948204,0.010235917393976718,0.0023138045340549305,0.00017053909414447812,0.002783273339368035,0.005028408597765559,0.001329864844940783,0.011118003517746574,-0.0006514415454327288
r46 2 NH => H2 + N2,0.0007297334451819235,0.0008078988476811944,0.0008134887790909897,0.0006665125830157809,0.000671077926862673,0.001304179734605653,0.0008923876004807153,0.001649244389009124,0.002511056215195012,0.00038089862701095993,0.0013851088291193256,6.906281307455833e-05,0.0004344186221708925,0.0007475639241033814,0.0010125928143179031,0.0001275839083858796,0.0006250589094539122,0.0012190506216107125,0.0004876603299276682,0.0006866863003369562,0.0008323757586600115,0.0008967321343263015,0.00033427740293945606,0.0011464042415052058,0.000693749425245778,0.00020598031715430713,0.0006707143661184266,0.0010183782475476843,3.548487062563161e-05,0.0007872995666830274,0.0024633351716771687,0.0013647905351959794,0.0017710484828140003,0.00044842001853283455,0.003647841865886416,0.00087992327837135,0.00019497851271602684,0.0011818301888857899,7.725406427778823e-05,0.001107619724326903,0.001098099602774955,2.6065685895996404e-05,0.0005172327758577841,0.001697684471699657,0.0005307060084845023,0.001200181251225993,0.001162146748165177,0.00016390748969085834,0.00010206286030731562,0.00011337645334035105,0.0023094422787577943,0.0006122311186814601,0.0015610132473194208,0.001390726679757054,0.00029113693722222116,0.002388631376208854,0.0012013594464244139,0.0020040089825866933,0.0017584082309837262,0.0016670483850886317,0.0011608609819439184,0.0008406928055985325,0.0017458562086706596,0.0009479016729883021,0.00020012992573446045,0.0008518767636111745,0.0005062094665279078,0.0012712114745650695,0.000430354498924513,0.0008654854135301682,0.0003031693317088268,0.00012468979358074928,0.0008466040227571305,0.00016427063269489948,0.00015114886969150437,0.0007442813302926458,0.0012891373456030025,0.00018243597450232944,0.0004574169184770882,0.0005930671744360296,0.0014865163491805213,0.0029575280448359853,0.0009931718751381186,0.0008394285953699821,0.002426231190815107,0.00582305999684443,0.0023513515211979205,0.003395515927093035,0.0016281397658965853,0.006461671613269925,0.003870720958746203,9.079319452005739e-05,0.002129260586613983,0.001317989048160419,0.0037367806316269533,0.0015183618911395024,0.0027423510631834954,0.0006591415623938869,0.0031252477803064022,0.002930599938088053,0.004126649056016991,0.00044165542137585863,0.0008541991562816483,0.001459111531593243,0.0012482447185588976,0.006461671613269925,0.0006181863129887037
r17 H + HO2 <=> 2 OH,0.0007763484157725425,2.964561634195487e-05,9.919520428019645e-05,9.97733904838421e-05,0.00012505012462120447,0.00020146384149627325,0.0034315524133181887,9.01406746741147e-05,0.00016834838292324397,0.005257262353880541,0.004662899995315915,0.0010344864495225499,0.00024322814655268826,0.000523586278521632,0.0007987186242064419,0.0012296945758485964,0.0010322332885884808,0.0005653614985089331,0.002098916469613656,0.00016949849137182492,0.0006773210007927902,0.00021336067127801384,0.0006837381560450188,0.0005424458823229119,0.0013683009622906669,0.00044949473053561653,0.00027568336754315567,0.00014672579709890826,0.001981089454450563,0.0013852702537068362,0.0013289371891328147,0.0012424261164503886,0.0001736949404519242,0.00028326656709126366,0.0022481811421518403,0.00020850892106850268,0.0025033487143455895,0.00013282123033943926,0.00051747638652554,0.00015617483181889406,0.00022668196107987845,0.0008378138082701024,0.0004780653721525282,0.0002857721376979959,5.056372193097494e-05,0.0010166261374508865,0.001354535504435201,0.0024142215822949113,0.0002262047602095996,0.0009674055436425517,0.0009662940724955004,0.0019519059675701593,0.00235651230525301,9.953787506144092e-05,0.0019679352041712464,0.001661988814307415,0.0008691213028759518,0.0008604887813667794,0.00026597016779715625,0.0002429005106731054,0.0003022637467636109,0.0006985564275769205,0.0009807597629243106,0.00025922861722203343,0.0007396737445098264,3.588569101871628e-05,4.605095195862996e-05,0.0005824796816505479,0.00015303721083165416,0.00020093773947213803,0.001020231651539418,0.0010941658643826937,0.0013576373637192202,0.0011417403222484107,0.0013490054503719848,0.000562575421951854,0.00010792271506654241,0.000561009184133911,0.0010665144624500732,0.00123316611386225,0.001463815196075257,0.0052788568578728745,0.0004115953319701332,0.0002076740209123197,9.483873128684544e-05,0.0024851913449605943,0.0006490773338569257,0.007401482358409627,0.0007419527066834423,8.910059150939509e-05,0.0009703596116853137,0.005350790332350479,0.0029374410554382,0.004529107114338044,1.7648216546461e-06,0.0001741142800903322,0.0042759317617703544,5.7313585367130824e-05,0.01108983057622728,0.0005125111066856679,0.0024759980382832864,6.487836079507029e-06,0.004751612521086757,0.0010977600611588579,0.0012384967825137298,0.01108983057622728,-0.0005717315069517792
r50 NH + NO <=> N2 + OH,0.0006383400413067006,0.0010238563410566754,0.000696221360981361,0.0012331732995769218,0.0013908125075017756,0.001041432590368363,0.0013121189869350809,0.0012582216524755583,0.0030287886666175603,0.0001150367769451817,0.0018811059922206204,0.0010954603028851067,0.001138998860000492,0.0011284072826650657,9.296575237088566e-05,0.0011115295452072598,0.0001255149582485216,0.0006062089078613096,0.00034787229356186367,0.00040549933228844337,0.0022687842348697628,0.0018711344069744255,0.00117959410183829,0.0016626527759266774,6.646416259786755e-05,9.248901762546318e-05,0.000739782258006418,0.0013065096447028874,0.0004388894715531538,5.802684911187869e-05,0.0011968140011185706,0.0011092812572827961,0.00011029093517481256,0.0011539742252049492,0.0004784926387818064,0.00028431587811273383,0.00043194299405802317,0.00014562405664496589,0.000856761517050362,0.0014549473622719373,0.0012945910904556951,0.00044155160369684137,0.0014140134813931476,0.0016918306814337355,0.0022668794593288057,0.0011974430495735413,0.0007096312317198773,0.0030415777786270714,0.0002812263938988942,0.00023819236644746235,0.004196182838157668,0.0004200007537036059,0.0029292792498550545,0.002037848566382675,0.0005894136570336106,0.003126397548742286,0.0009820313070026344,0.0008804858661359159,0.0008408483943857033,0.0004422777906784847,0.0006876548487582882,0.00011541766720505907,0.002243991347476794,0.0016829801969501623,0.000527507418382855,0.0016761532021704571,0.0006235041650790487,0.0010191116859915117,0.0007779737018356946,0.0010492928742666724,0.0003880374328492996,0.00017390340786752658,0.0018170570837589867,0.0006894178885967038,0.0027882520491191456,0.0011312202753954751,0.0017933364359299325,1.8443586163762273e-05,0.0008317029232591655,0.0012134343554909574,9.259143282763964e-05,0.0015960340416257446,0.00048002548916038155,0.00018626547112429116,0.00033771179249717485,5.0774684492122134e-05,0.0002561181346022245,0.008543887742130732,0.0004533677934757623,0.004189122513943969,1.2342668762433753e-05,0.0015597177373137827,0.0017752226590535812,0.004029461262177302,0.0012835221153628615,0.00020085869736557432,0.0005319950840110629,0.006249190247257422,0.0022105777050783833,0.0010471874856754736,0.0011551378802322212,0.004033688122764043,0.00131703578833075,0.0002789927270610277,0.0012376852131875836,0.008543887742130732,0.00041538541380457643
r210 H + H2NO <=> H2 + HNO,0.00017675458190549763,0.0013149334822631044,0.0003541992094611559,1.384027161610536e-05,0.002475418559227271,0.0004535811215859608,0.001562896866556445,0.0002272675608468257,0.0033394296592053176,4.133151519802082e-05,0.0022904654266469836,0.00016829848766309314,0.00036087966087505123,0.0010378455447131083,7.419021280905574e-05,5.352742905892043e-05,0.0007379442809171683,0.0008499075424401853,0.0001281145879723455,0.00014489368965570724,0.0005820985497074176,0.0014628255893031322,0.0005456623841018357,0.0006016547129768791,0.0006713541297234321,0.0002455578832242772,0.00039229633865413407,0.00043347641933718403,0.0016011172615629623,0.000983068853723222,0.001330128732107991,6.282288358631158e-05,0.00021420512561022892,0.00045477192009018435,0.0008636555030284251,0.00026838227718943775,0.000700797591471383,0.0006223848811809437,7.968413205634523e-06,0.0006604691135216013,0.00016820049965614865,0.0004015113782485937,0.00012932910966147383,0.0004924397472972187,0.0001010093877719309,0.001413495855270404,0.0011504644109995193,0.0028496210281537706,0.001593752271381813,0.0023139942722830817,0.0010612657409322206,0.001885548209496646,0.0025237003052419995,0.0010065360951651678,0.00020067037442412724,0.0005995266877505568,0.0007442951535188504,0.001325775106085874,0.000611911518664376,0.0011021348711481834,3.348580731243844e-05,0.0015720767399386429,0.002146112202699191,0.0019440435117509553,0.0007986784208328347,0.0005302347882532637,0.0005824267851517339,0.0005316416061056197,0.0004006587093547484,0.0006502840758073388,0.0005247865071702836,0.0009467764664972087,0.001475139536026275,0.00016780972760729065,0.0016516774367363717,0.0006023690993525425,0.00039739429466003565,0.0009700806216942885,0.0004958900030811736,0.0015848095119394136,0.0024584317518583855,0.0016572916514107099,0.00013688057787815687,0.004974666778575439,6.177899210812427e-05,0.01011432137424021,0.003074430600022435,0.0009554341302532186,0.002983737903105408,0.004736232731901728,8.065223491291562e-05,0.0042120451510706544,0.00264590492195005,0.002962663147457449,0.0013627634853741954,0.00012196076144967053,0.0027066358875457,0.007440645157007952,0.0014171479997020261,0.001688547337343432,7.705756373368021e-05,0.00361612804566346,0.0007335527076733216,0.00010749492730433512,0.0012357536725825984,0.01011432137424021,5.382978370975791e-05
r9 2 O + M <=> O2 + M,6.219266531969432e-08,1.6362894134262143e-07,0.0006175595464961415,0.0002560842402513105,1.1124167513754377e-08,5.625559622193387e-07,7.282452939270855e-06,0.00037889888281942956,0.0007117965778858856,0.0016404336912962869,0.005079425472380312,0.00015891786297613417,7.025828136019285e-05,4.1248029930890586e-05,0.00035174985826600655,0.00048692292678373345,8.51709436821008e-05,0.00014132581494277885,7.520679188162386e-07,1.0441367488112613e-08,0.0004151789937025224,1.1530660147557412e-05,0.0004538662558210814,0.00030328151702516164,0.0005913243849552794,0.0005964428405360959,8.87745894946126e-05,0.000687602482158286,2.5066261575207156e-05,6.466260335194708e-05,0.00015079891724040126,0.0001770442357342152,0.0013123607371627664,0.0015008914461589469,0.0057583828351440505,0.004065976393889182,0.0003568489745013897,1.0586290257269066e-06,0.0005841727251549809,0.00044023288598381744,0.0003576414433449164,0.000489212817275052,0.00031498421783475303,0.000322016942377187,0.00037022861405586123,0.0007025901368012226,0.0015673581032098693,0.00268399591071968,0.0011878170948687763,0.00011767684314739228,0.000764388451850512,0.0014535427977742754,1.4322436950068953e-05,8.848658707808224e-05,0.001960019280403345,0.0014707879372859514,0.0008424682292845611,0.0003907214064088898,0.0006714080359142234,0.0003064582221040063,0.0002455501015648707,0.0011845713175370296,0.0020422945505398065,5.719270857406527e-05,0.0005432858227291624,7.782781385942777e-05,0.0004387118797109379,0.00032504727329092707,0.0005658132784322358,0.00010088354475435822,0.0009133465293718632,0.0011001222424559182,0.0006074099343896528,0.00047481265088546246,0.001387510227100864,0.00022227453370381363,1.5453973883944794e-05,0.0003546917738646726,0.00046188836576685423,5.718420482910226e-07,0.0057889275507279426,0.0014689904946582032,0.0019497672267506036,0.0005828596890923364,0.0026785856041922347,0.00013356835645884883,0.0023096068789843624,0.011857873543406554,0.0036778086710509946,0.0037085422218038986,0.0026600663208401223,0.0022813363497904138,0.0006276020427855331,0.00711119386632186,0.0022153891930032626,0.0005364079066650959,0.004241136928078504,0.0012507624237235722,0.004952704205244853,4.248245191572195e-05,2.9273464316295376e-05,0.0008609524068749047,0.010760592819891706,2.118050608108413e-05,0.0012168954995923854,0.011857873543406554,-0.0004150594609587895
r215 H2NO + HO2 <=> H2O2 + HNO,2.8276199075575172e-05,0.0010695286031673936,0.0004446691520787666,0.0007638208290986222,7.026542176790319e-05,7.765216210485782e-05,0.00011734319345144283,0.0009681706853879061,0.00016446107316449505,7.041669269337484e-05,0.0001183357669461579,0.0005987915790568501,0.0004996261251518469,0.00035616285389066855,0.000821491024034516,0.0001943616663891916,0.0007522373563324768,0.0006360253804390559,0.0002547949701713064,0.0001378554365126423,0.002156245641614092,0.0021847692760162923,0.0017340539085334106,0.0019444191755375458,0.0019659822898263303,0.0011241136798177092,0.0006095921112322652,0.00031562110825054474,0.0002475485341221645,0.0009186816462918916,9.621863931824525e-05,0.002132035599146338,7.140300635974766e-05,0.00048044617813229704,0.003772740378857586,7.66504488100625e-05,7.1425446123007215e-06,4.713356280548944e-05,0.0006835306880381807,0.0007254397993721605,0.00020606758948196407,0.0003194661827478209,0.0005086292667745401,0.0001345149752113734,4.7683093287930336e-05,0.001617478639227256,0.0009652489801889823,0.00047725247031304,0.003541603666809552,0.00047751805619541726,0.0017236187110428347,0.0034701450206683416,0.002140597983812291,0.00030350742184155215,0.0026344955562934034,0.0009596540696466962,0.0006310512273297091,0.0007144320562948274,0.00016438488138594272,0.0006697452533410809,0.0007073490441238027,0.0003482658629405144,0.0013357416925251454,0.00104670647860149,0.001042591249735806,0.00048384469655968524,0.000573454859108698,0.0001324194412431297,0.0002649075363431777,0.00010804032464885273,0.00082922649764595,0.0009107253266813674,0.0033976175241424533,0.0039549228611191,0.0006471306605186345,0.0018920387550586369,0.000433210333814565,0.0013831432353323242,0.0001681196706735116,0.0017906527791868687,0.0016162101221142615,0.0025909971953235996,3.627118383543558e-05,0.0001757744274482363,5.806906594661785e-05,1.392203098944285e-06,9.493639817273343e-05,0.005035627082313912,0.0004827178575084187,0.005109493272199077,0.0026273794627649145,0.0005749410372361638,0.002578209692175622,0.00020858938715138147,0.00016432667522968658,9.534175732794698e-05,1.25693868337138e-05,0.0019710957365044455,0.006649424797455484,0.01041666302912229,0.0037278961454198364,0.003850844220189227,0.001514347317938581,0.00262988358108658,0.0012001755707106256,0.01041666302912229,-0.0005249708793722545
r27 high H2O2 (+M) <=> 2 OH (+M),1.7019618522265392e-05,0.0002763909640292951,0.0002318179769244141,9.182497591886983e-05,3.722009546494966e-05,0.00028250268988158915,0.00010317366288343343,0.000168224833458972,0.00030203708672854124,2.892947653800832e-05,0.0001798910836865783,0.0003816124343741517,0.00034749448271982635,0.0006172255884509389,0.0006563040214242301,0.00047739999412001633,0.00047369803026278885,0.000948061860140345,5.161131860250486e-06,3.549356876590098e-05,0.0006849102060780792,0.0002566356114204713,0.00011249552538064983,0.0004650330050471077,0.0008203411614230348,4.352713608766868e-05,0.00012229655196816883,0.0008300136032631112,0.0009748387333581786,0.0009712017406203726,5.9247628758807264e-05,0.002042816718368793,0.001496326654792739,3.655911879051708e-05,0.003659245814905344,0.0004165973900990952,0.0014555506347348247,0.008738909525309046,0.00014664029969712486,0.0002296926595703735,0.00017763877223011447,0.0005347967005720008,0.00023400602846411852,0.0001591722030976343,0.00024311191560623494,0.00019368554310686032,0.000456367810441646,4.184989056384788e-05,3.418747307600574e-05,0.0025039930479838876,0.0014832975344726907,0.0006621039095628828,0.0007785429723626239,0.0007845830076825274,0.001788857425029649,0.0023125825068009763,0.0002449268789914725,0.001156565777986958,0.0007432321792807324,0.0007162438790911268,0.00017050456871359036,0.00024651996849643713,0.0014725532514177598,0.0006303550572472279,0.0024684471051838993,0.00035933168899892693,8.14899753481743e-05,7.008020629086328e-05,0.0004257347445600245,0.00022156187767560098,0.0008836003891011642,0.0008993946232448954,9.814257807933277e-06,0.0011857335249036262,0.0006429792840284927,0.00025259588263253915,0.0009897105052578121,0.0006922277360360552,0.00026879242023982407,0.00293323783628134,0.0017900814869926786,0.004884002817479109,3.5155999320220174e-06,7.831352847382111e-05,0.00020714378584101175,1.2831237408923061e-05,0.003379888414035714,0.009858491299406798,0.00024202510064066547,0.0055306897427225225,0.002126347929759351,0.002255566121088041,0.004417211243939544,0.003562483037446229,0.0010725581163425412,0.001694611130991577,0.003548413557073637,0.0013906449259768192,0.0026329796365511062,0.0019220550770335243,0.008317059201766164,0.0014782410587542152,0.0030242957906121953,0.001953262401296868,0.0011996296720890782,0.009858491299406798,-0.00011391503908370526
r211 H + H2NO <=> NH2 + OH,4.841943313458042e-05,0.0012450415792215565,0.000292969278996972,4.239101005847434e-08,4.984961241014581e-05,9.112548795017517e-05,4.349629120705956e-05,0.00017560852490804805,0.003714772447207979,4.5206816863910085e-05,0.0018342423609875884,0.00011319218473275695,0.00011997483193116949,0.0003535945769480406,7.293664068448499e-05,0.0005803787748174326,0.0002348350485364667,0.00023898032324674412,4.28283156157985e-05,7.843695275398697e-06,0.0001951626509369603,0.0007780998579089287,0.00025151674841694086,4.9447408900292175e-05,0.00016745324989867066,0.0004791031072632273,0.0005974393540360179,0.000716759575423266,9.813901339487148e-05,0.0008417968941236418,0.000907438893696931,7.958618569681004e-05,9.749386163604292e-05,0.0005395570829122738,0.003652573917843334,8.508305301220536e-05,0.0006056380194624831,0.0070809335311682025,0.00025753484228465616,0.000848013825038568,0.00043875243943304365,0.0002776843616192918,0.0009520385896184768,0.0006745936415416317,5.339478083963737e-07,0.0009609003075709718,0.0008578286582230928,0.0015519815047348449,0.0033658236148053377,0.0016588549056780356,0.0027285623881911397,0.0017978463275440805,0.0011010128943013525,0.000246416190150297,0.0021024606585750617,0.00039877726572022377,0.0005397825601522942,0.0012676800817815624,9.61722152942461e-05,0.0009909888851913028,0.0002573850279729856,0.0015056004273481425,0.0009444829793198432,0.0015788799295145617,0.0010406173439991243,0.00019492075835473435,6.39184003130223e-05,0.0005825520124378774,0.0007812075058041743,0.00023301840228568603,0.0007080176579404316,9.3721244027332e-05,0.0002017890417966405,0.00035854134660957387,0.0007968628062666102,0.0002784994974057942,8.607589059428301e-06,0.0007746672085810462,6.233092737741104e-05,0.0006846117830485898,0.003339383675604367,0.0004305855670711596,0.002652831902860318,0.005062463772988899,0.00035359568359937064,0.009670177248421468,0.0021535393185661057,0.0010375919630447473,0.003009636350202935,0.00025994312288552673,0.0028323510143792503,0.0054121871138322055,0.0028293205044689212,0.0014059595093918952,0.0008825804260749778,0.00036401210931742543,0.001158963414917741,0.01131173701885577,0.0013558011830181768,0.0024265335168016833,0.0036289838046315677,0.0016859259080888075,6.762476128345875e-05,8.25699141143902e-05,0.0011943012675053803,0.01131173701885577,-0.00021928783287565777
r64 NH2 + O2 <=> HNO + OH,0.0006391613067731854,0.0008519710870295093,0.000217026035542372,5.5084577466766215e-05,0.0017291968767813729,0.0003711752331521135,0.0011206359672438695,0.0001182150218331058,0.0008026937968378997,0.005022749308731245,0.00023342908906807337,0.0004551843348717672,0.00043636883346481536,8.969032699455104e-05,0.0014425914354722702,2.1321121533356286e-06,0.0003207044741219292,0.0010844330637944514,0.001405795346512495,0.0019786459368639486,0.0007870053636423337,9.27387226991448e-05,0.0012000717397691227,0.0011695613302544435,0.0012152427085191091,0.0005786684752655453,0.0012061886352652427,0.0005003482951906535,0.0006003172944641875,0.001251691050300472,0.0010188971144750472,0.0017973256682778079,0.0008255677865934292,0.0004646445031623284,0.003967405998083592,0.0002005225510304101,0.00023431870264360594,0.0002474643600758715,2.5089493471549573e-05,0.00043313243092717765,0.0005583829488003658,5.8927783373396655e-06,0.0003045094307425005,0.0010904684257276108,0.0014100373822843637,0.0004183378929899783,0.0012703625399284066,0.005826898369572534,0.0005878774615123216,0.00011200854690982529,0.0014580517007888952,0.0012957066538632875,0.0017625990504578626,0.0008674250566531509,0.0005894284349143155,0.0008060373374163583,0.0005711045137172494,0.0007528607481539989,0.0009064901242738404,0.00044614112168196046,0.00018047421994971184,0.00256657073269759,0.002137852539126823,0.0014561528263236697,0.0027667870542644546,9.536705250456761e-05,0.00030504371845735336,0.0002007164900597166,0.00048367032352274197,0.00014510289058417754,0.0013595325792731486,0.00019138725675736464,0.00017649453057418912,0.0003838809948790838,5.8402895113061635e-05,0.00041224105223400015,0.00024399587147825224,0.0006511018929552394,0.0003142294201061123,0.0032673369156499235,0.00025645576876394264,0.0010383442461481577,0.0014410026411435222,0.0016705352506589655,0.0026719066780520376,0.0032401405898640364,0.0001849432710654841,0.004979186779458979,0.0008038498203416006,0.002665218875903315,0.005550674599373303,0.0007205489038138568,0.000464784266952424,0.00028920366887075027,0.0001908233610410605,0.00012159871495750505,0.00016839899872886905,0.0002974648621033051,0.004819691820806874,0.0034441372067520403,0.006421313580231488,0.0016771707615731537,0.0007988790965260603,0.004379952262622845,0.0011819834056712604,0.006421313580231488,-0.00039101115611628784
r38 N + NO <=> N2 + O,0.0009999038515063428,0.0011128177894919181,0.00030854301269492865,0.0010696922078284508,0.0003429949548015919,0.0005392484234174596,0.00029737432072398035,0.0010321436186263887,0.00031157406160028326,3.186693330688198e-05,0.002189682999587877,0.00044793141547396073,0.0003420092563803586,4.7845345852235367e-05,0.0001848260761996111,0.00029242561050968243,0.00015602779397402868,0.0008141922221750699,0.00019788125632808448,0.0001894198674059662,0.0008296096463395028,0.0009632027326710983,0.00043827355460992394,0.00021208149681203558,0.00047099733625078797,0.00018910350258531875,0.0003479930368398586,0.0011019644346744897,0.00010660590978663757,0.00024109000289410088,0.0014407171194764892,0.00021663459412805012,0.00027209700924740894,0.00035199896494602956,0.0004826815851416021,0.00019177484614624606,0.0002822931555129537,0.008886236578346566,0.0009143118512275183,0.0014828720667136913,0.0011710115733385043,0.0004292999973827661,0.0012032969851846701,0.00045998107888185167,0.001962631267887546,0.000686637879682737,0.0008875144345519766,0.0030203154015544546,0.004988108363068069,0.0016858808653261476,0.001592655831366043,0.0006025300033756225,0.0009656092004977091,0.0008047963262897336,0.0021591062431455285,0.001134696284044707,0.00138742634031148,0.0015193959841707531,0.0005046367942247935,0.0005627044340910071,9.587833073754322e-05,0.0019218994956070106,0.001662686100916732,0.00019762096860280026,0.001566480019446553,0.0004584251152929108,0.0008725807881190092,0.001242556334547717,0.00021892181716439248,0.0004521164452408695,0.00046480560760228917,0.0007689828330158352,0.00023655630173558743,0.0006431716274752628,0.0006578560864960624,0.0006330962484614968,0.0012300221112395088,0.00045071707284606127,0.0008302839301442008,0.0033418619031855283,1.132303375598443e-05,0.003630432121687837,5.0254408643719466e-05,0.00070971132109248,0.00013835434815861932,6.443572645839019e-05,0.001989755121176941,0.0050024519091916774,0.0006143370436017165,0.002492101147410746,0.005831170825800525,0.0011124572330635434,0.002547133898061327,0.0008547141302061831,5.6389281622385316e-05,0.00014402430055258488,0.0004352788642751156,0.0018947121647620803,0.004352373239717918,0.004726370336437646,0.005030400590960405,0.002881280156326877,0.0021015251342955863,0.00015523673410851917,0.0011810761340370931,0.008886236578346566,8.010980828687061e-05
r78 N2H2 + O <=> NNH + OH,8.151266535224323e-05,0.0011921499592612722,0.0002388809126180492,0.0008002961818447668,0.0023959344259544707,0.0005071426552756514,0.0015664824739625722,0.0008410972659556109,0.003505246946816985,0.004722612166765197,0.0030336316671093952,0.0002380664508510348,0.0005447684461254781,0.0007877797961250007,0.000418835300285562,0.00020750516780372306,0.0003201214747625619,0.00025610868686819205,0.0002609965986067186,0.00019995117499614387,0.00044738795130037126,0.0005924967158458099,0.0006584924714123803,0.00048084221105312977,0.0003540211377391787,0.00012197733363671334,0.0005437509418105238,0.0005554815049114983,0.001924664624048696,0.000987972928775815,0.0006416904703895579,0.0016208429715477192,0.00024717375447403343,5.490657392399609e-05,0.003589105754471418,0.00016394158109588926,0.0007188581601378652,0.00016010649948516476,8.827264982827212e-05,0.0008096746206968324,2.6707840830811394e-05,0.00024500980086608826,0.0007738356622350041,0.00045240036138154583,0.0007284145417005633,0.0008209650074936068,0.0006313130120147432,0.0019822393862575847,0.0007108666908560741,0.0016122459379707655,0.0027590287732100175,0.0003792121138940803,0.0019299268365773547,4.4215760609595675e-05,0.0010020083717552806,0.0013665299566086434,0.0008394878949584652,0.0015855053743650182,0.0013698405997207605,0.0010767656920432369,0.0003494950873011762,0.0025608378026320167,0.0017058972250048059,0.0019419390943964437,0.0008582441174483054,0.0005830732613612274,0.00010140527920982782,0.001032021269943221,0.00031856561784763594,0.0006805583996527532,0.00014407503710995846,0.0008352751714191935,0.0014451053971266913,4.8134330043448616e-05,0.0019076026557473705,0.00044526825248319426,0.00022900643188624774,0.0009629330031961573,0.0007726041860720077,2.5734961214165847e-05,0.0001829619716004654,0.003512167725533569,3.8135920670337866e-05,2.3018609832012422e-05,0.00016784453224656914,0.0038319747052168182,0.0001407360671386624,0.004936984795570792,0.00037821967665807734,0.0063180746856857295,0.0001530806902822858,0.0062392496256876515,0.0022976047572903237,0.000545617265789813,0.0013511139295236804,0.00045308932048255553,0.00025930665260371526,0.001839136147751828,0.0028188122723542754,0.002733687134521352,0.005286297220558293,0.003678294381681453,0.00019509563679749828,7.506659201596071e-06,0.0011687796909139415,0.0063180746856857295,0.00015030407809632767
r60 NH2 + OH <=> H2O + NH,0.0005402075351420839,0.00018965185639820286,0.0008233252414594294,0.0007805745710466158,0.0013449305771929534,9.366594453553546e-05,0.00020171118986579733,0.0024005503687284453,3.928183951189974e-05,0.00018979965558022364,0.0028402625282748567,0.0005583480656772094,0.00017176060593598454,0.00010928005882100073,5.06605440056252e-05,0.0006684621366151318,0.00023781973615858776,0.0003823552564126003,9.114097661869875e-05,0.0014951089376188764,2.935512967121601e-06,8.868630485930402e-06,0.0010940434996192902,0.0005878279929536703,0.0006089899653736256,0.0008443835779464668,0.0002704541295142586,0.00043301723635569826,0.0010950007060544346,0.001457438840742322,0.0014059270438547323,0.0032697831906650923,0.001184286737773297,0.0006063397904117111,7.50042693438483e-05,0.00036367230605539457,0.001172920179362765,0.008698714674362352,0.0008635654935156423,5.961540623283463e-05,2.8670334225824746e-06,0.00027849917526571777,0.00012676880601833896,0.0010306822763382737,0.0003086268371316675,0.0014263876686465534,0.00011045897939113886,0.0031660578445700956,0.0057211935578145405,0.0009815036818301881,0.0010492995683649405,0.0007963548576571375,0.0020433530215136866,0.0005292767002684013,0.00034339801418196384,0.001869353018213623,0.001509907989984784,0.001999254228104115,0.0011025185021337944,0.0014581145576905063,0.0013226375740975898,0.00011663642569723972,0.001410274023582525,0.0016939586108612572,0.0010552500574802321,0.0007875038432211078,0.0008543119111193832,0.0013530802126284721,0.00026088336089845294,0.00043371511638829846,0.0003200418869306512,0.00013013874143204745,0.00014026555425883283,0.00037198573826810444,0.0008957404775791682,0.00026550018202321817,0.000643565154154127,0.00039907472769849204,0.0008306004745549868,0.0021827193616865215,0.0002511371767687096,0.0017782527272150151,0.0007340520534629161,0.00045121203984268367,0.0013877386249082542,0.0008466190095110068,4.716664405616894e-05,0.0017890430415952617,4.021588859045808e-05,0.00239563606001835,0.0006517531454875706,0.0008956685841063973,0.0037220036032974643,0.001003325913962001,0.001024691435818301,0.0005529584395742291,0.0005382128301584593,0.007373270208485592,0.003849530817029105,0.0015583421406097522,0.002941247653887804,0.004840363378609458,0.0020023790179317684,0.0007773238337257669,0.001154669142605245,0.008698714674362352,-1.2272960004013137e-05
r118 H2NN <=> H + NNH,0.00014443148988852294,5.6605664277159034e-05,0.0001372370396594091,0.0007020553535757023,6.510380016011528e-05,2.5123667811473634e-05,3.472235993934617e-05,0.000963597029402409,0.0039017852109666236,1.1411455347965997e-06,0.000273851538144454,0.001126117429903804,0.0006576599340195622,0.00010718311718452969,0.0015564223047780754,5.077110689687761e-06,0.0005908250614024132,0.00018085096962456717,8.637366057504084e-05,0.0001766150498346965,0.0009110093467634715,0.000159161657845074,0.0007935368170570053,0.001615534287584594,0.0009429231078500316,0.0005697041158228949,0.0019199066722653017,0.0006554890890155537,0.00014715989716599412,6.336164996987129e-06,0.0009069587869405901,0.0006128054765877546,8.442862162105037e-05,0.0005523781164561072,0.0038492654447597886,0.0005653351765065176,0.0007288595982794838,0.0004071071513393283,0.0005369972345385858,0.0005562856188102259,1.003134450054203e-05,0.000744372125675994,0.00024114902586448413,0.0008911548631663678,4.5566347799746255e-05,3.553804600392098e-05,0.0017644185806251456,0.0021765005836917742,0.005088530343023778,0.0013704645999247996,0.0036623084388706308,0.0008580441214960047,0.0003378680482008357,0.0001248664879945355,0.0020245139200865832,0.0023370036747323033,3.885908689888623e-05,0.00033556097928038854,2.0124503159944047e-05,0.00011828456028571123,0.0006967871445054312,0.0024889551716195434,0.0011740676643918924,0.0010004824351175648,0.001135759054158928,0.00036600238527323626,0.000683018374820693,0.00021754589151122612,0.0005967218838420411,0.0006966690314248523,0.0002880972678866308,0.00014947254082174253,0.00025117020727329195,0.0016449434091985553,0.001020957770545799,0.0005135974016040676,4.20784063702329e-05,0.0014504821964766025,2.8337190021475263e-05,0.0037520632814978237,0.0001884924875351267,0.000694983542469371,0.00021210445680299245,0.005060069186361017,1.7092935147146228e-05,0.0031546212425098497,0.0004050753925825391,0.004968445187272174,0.0002653818820928382,0.003361840968159471,0.0012534458168181996,0.005972213404931787,0.0011163602723452536,0.0003844729039049029,0.0016024545499156034,0.005914143421954449,0.0005850006947264528,0.002499661107034645,0.0008469527848477621,0.003233986949159423,0.00196129320100013,0.00014018790167749076,0.007342698993068836,0.0009510468315481719,0.0011525803444527728,0.007342698993068836,-0.000616070804734825
r16 H + HO2 <=> H2 + O2,0.00010408733657469878,7.53589941418773e-05,0.00030512952814473217,1.3803901504081267e-05,1.006156171125039e-05,0.0001740958165983551,2.4697707535353864e-05,0.00011274827963974011,0.0006977783800358037,0.0002585344100373208,0.00018744348967985648,9.547114013434997e-05,0.0002563234039365404,0.0006597486834542391,0.00016168897386986485,0.0009196434399716438,5.972616156056958e-05,0.00010066325705883068,0.00013417610270849382,0.00010494515713764992,0.0004570275047204191,0.001071484613698632,0.0008181103216920203,0.0006547053059367425,0.0004998537822714607,0.0005909106304472631,0.00048233982665267766,0.001079067993014395,0.00036932039708538125,0.00023906419626170932,0.0015068890716417437,0.0017067274822870169,5.919475841156134e-05,7.080871197170929e-06,0.00418710978629949,9.614192257032326e-05,0.004326024270670242,0.008969289596766988,3.037254936553888e-05,0.0006435908953921625,0.00012274834500752735,0.00010741893362598225,0.0004198327090529591,0.0003739359591777886,0.001446794173009831,0.0005677291248741662,0.001664624332479732,0.0015502422503471355,0.00018327650474459566,0.0010738372685004146,0.00020664731319310664,0.0003966821210554542,0.0028399569930847614,0.0012811775801628692,0.0008916035236814408,0.0007475049173420946,0.0002706042390833624,0.0004870778118529685,0.001183440000711914,0.0011797595520028547,0.00016734976072823156,0.0020210287953918308,3.2850249247208126e-07,8.986829683973468e-05,0.001148545460911086,0.000525181223549781,0.0005907224970906319,0.0010195413871262736,0.0006994980564034565,0.0005942034878452176,4.2542563675476826e-05,0.0009233899232122671,0.0010405671412122928,0.0009409429730483214,0.0002820198474112866,0.0009351330937626683,0.0003651076404804058,0.0010767796141101693,0.0007558782834408323,0.001514217961822039,0.0006909405753576503,0.0026378770513207075,2.4689086269383795e-05,3.1996534099887286e-05,0.00014902057929158736,0.004539769018109875,0.002124718030250803,0.005740649749175257,0.0005554451780468755,0.005398313440695664,0.0002103896060670482,0.004485294109224074,0.004139575241966363,0.00437595674922626,0.00011743112481038403,7.402348677221668e-05,0.004601686213749269,0.004039548972483389,0.001389245144467899,0.0005610992087862265,0.0035938507935985944,0.0025474828363698573,0.0027011555350604506,0.0005993351706470192,0.001147189087511638,0.008969289596766988,8.63211180433446e-05
r77 N2H2 + O <=> NH2 + NO,0.0003922226831583337,0.0015033229776565602,0.000691659819332485,0.00115783028747597,0.0002977958912764342,0.00036954613101997493,0.0013028428553925025,0.0010815809338964634,0.003685845176775486,4.35937855772202e-05,0.000271562347931525,0.0003829434809367703,0.0009030578618393771,0.0007313806290901587,0.00022181085596843347,0.0007723769164992219,0.00047975226190522826,0.00036671148727203775,0.00029051488557015607,0.0003646293077008406,0.001168401303355879,0.0018651000353349994,0.0003000001154118383,0.0006606110044939731,1.8734294038650504e-05,0.0005131558556662026,0.0008440129415561851,0.0013376377550546434,0.00021000000734025512,0.000304292923403063,0.00017196921522647486,0.0001342996792382707,0.00028220421489231145,0.0013172399082655214,0.0035294994851554577,6.192019689376115e-05,0.0002401716268786817,0.009071005715207971,0.0012467774585063463,0.0007268244746818884,0.0003415324643728696,0.0008055751930360714,0.0008471392142430793,8.99205424636962e-05,0.0007080639019129242,0.0013262455808314205,0.0018592399724907305,0.00358188989926845,0.0008890158670946146,0.002438198060424725,0.0017600725012159972,0.0006816555544079729,0.00216724336407413,0.0017223261306499725,4.8251240938620105e-05,0.0029230634693931013,0.0007469838364730309,0.0016690911454316836,0.0007355509991063622,0.0015979146358869373,0.0005239565896205261,8.387997087640638e-05,0.0026394600782322997,0.00022785592104744424,0.0004860106671672985,0.0006787741536759415,0.0011093579394999995,0.0006198258998109763,0.0003388939220030589,0.0007893637089661193,0.001180182182380717,0.0007586242218341356,0.0006662764559924587,0.000623190930456123,0.0011241325618788738,0.0007806710968155449,0.0008217441880187303,0.00014582459963533492,0.0006744075608122314,0.0028375021719121178,0.00018646141411741212,0.00041500923852290004,4.388591418835816e-05,2.1130464878090002e-05,0.00015711523150399774,5.9490976605147556e-05,9.493145188254365e-05,6.393746630376738e-05,6.548976658705907e-05,0.0062836534549959785,4.8074482873527825e-05,0.00777780295551329,0.002196985162657365,0.0019235427179368173,0.0011869891355516225,0.0005819632850987148,0.0004891622559762871,8.600358740665446e-05,0.0025065210111729496,0.0008166310348043033,0.008231216098661724,0.001390708387976347,0.0012249259722041175,5.751417962736038e-05,0.001146854738733429,0.009071005715207971,0.00044981031485092493
r216 H2NO + O2 <=> HNO + HO2,0.0005762415498819717,0.00011924932374906964,0.0009873493876366402,0.0002246918065919492,0.0016749147254974048,0.00016029460977900063,0.001568334709212266,0.0008828546082045218,0.003619878482628873,2.002199842843045e-05,0.0005119611880737574,0.0007043553056459891,0.0003253380193662956,0.00010641919806373437,0.0007557428949410615,0.0007308945773697772,0.0008520412548773378,0.0003978850652356173,0.0013349263806434074,0.00011271110833670054,0.0007050176944434345,0.00017997857072292933,0.0011570861562654768,0.0011301834741339635,0.0020220861312373424,0.0004883632607411858,0.0015136968161485911,0.00023090337071548332,0.0001313416999390107,0.0029152954255432105,0.0015012409941143794,1.9289520870965796e-05,0.00025522634908169947,7.921505171530712e-05,0.0004194952922884636,0.00011125890691786169,0.0005238209838321477,0.00038357011269113015,0.0008726108488964117,0.0005070311471001829,1.0884043308218105e-05,0.00024982606725275266,0.0002952383661840704,0.0001938595584394194,0.0014561059123016638,0.0006891463860094598,0.0006978939049437702,0.0021330017727405476,0.0037791955948242124,0.0035464924461879534,0.0017476619930273348,0.0002235837707335134,0.0012422616267129631,0.0019893522507902525,0.002660439300961579,0.0020728814384665425,0.0002359411497546646,0.0003664546203307541,0.00010300185008266732,0.0006752303120766292,7.472131200076236e-05,0.001163227235430338,0.00030475760678481305,0.0007770979895493255,0.0011390597751733298,0.000260007265827199,4.744404262512471e-05,0.0004315333602589509,2.7360944654569506e-05,0.001362192147094299,0.0002710467021119999,5.767064014941698e-05,0.0020151967501701243,0.0013898639565770624,0.0003664244705473958,0.0011202611762243487,0.0003224266464908394,0.0013524423522911888,0.0004272149466406061,0.0032433119265411563,0.00015640959553515603,0.00048264693753517416,7.650631471521141e-05,0.005754310699898072,0.00012065817359118179,0.0027474790509531056,0.0002618671005039297,0.004851036934092905,0.00037481926198666904,0.005516470138142324,0.00255876265579122,0.002345730079946537,0.0005956841901514992,0.0004970928427744714,0.0006183244435165801,0.0004716271269124092,0.0009367000140686134,0.008862835719684785,0.0007968667251631693,5.352134919067453e-05,0.0020605296033536814,0.005047269023131331,0.0003587230528368115,0.002275891950293304,0.0011457336019000347,0.008862835719684785,-0.00047052680400016557
r176 HNO + OH <=> H2O + NO,0.0011461570490482868,0.0002948795809201965,0.000912973326843628,0.0006284655156038706,0.0009789976278693458,0.0007815943589320356,0.0008468295190013384,0.0017332878676062416,0.0004537247875906557,0.0002945659563030864,0.00150143846222494,0.0014869474116038048,0.000922541088283516,0.001923456684484152,0.001297071433453392,0.0018920813412275639,0.0006100369813264038,0.0005927113623831724,0.0010590385708440125,0.0006877444441981313,0.0021081623596562074,0.0016288150734066573,0.0004326087578906155,0.0014143597676603567,2.6453717836074682e-05,0.001449419128625141,0.0009133057614695597,0.0019776772385347724,0.0004994437939807041,0.00021924887573977127,0.0008912319171209093,0.0013355246318836798,0.0005403136012325163,0.0010077864969265532,0.0034516890932196013,3.2064986650408594e-05,7.856112676397896e-05,0.00903262651452668,0.0014251216079197203,0.001714829895315413,0.0008736511215800127,0.0009407300478447867,0.0008601533383936589,0.0009420565195615815,0.0008901542921308045,0.0005066669229205188,0.0003897925195760684,0.00046301882647872714,0.001931935054320313,0.0007013718133700436,0.0023122407424247173,0.0005023242066085029,0.001039317683807068,0.0010176151621477385,0.0015731242324230049,0.002752840474562042,0.0005204097110380542,0.0015175678873366079,0.0008076260201308579,0.0012885652627807572,0.0001403108298752788,1.9355856951798016e-05,0.0010536240494780932,0.0002692418013967504,0.0018292968989721164,0.0010060474156914855,0.0009609003466631788,0.0011448779885946752,0.0006696446122694058,0.0003449240056254635,6.666116128997823e-05,0.0003529354346767361,0.0003418850105196674,0.00014866703006094216,0.0018858721416716968,0.0007311165782505496,0.0015709625796536913,3.460255280369954e-05,0.00019791107796372477,0.00021605081402047203,0.00011565250982340353,0.0002360137846084254,0.00015333190924793528,9.042687560133438e-05,0.00019146424299917977,0.0001365493931647448,9.877280914700242e-06,3.3062621076488934e-05,3.101038826262809e-05,0.004292923729734224,0.00012210968142425827,0.0028771428127725256,0.0024224547604051634,0.00031556219523622397,0.0012968091051943581,0.000190288994976229,0.0003062129352539037,0.0008057015933936432,0.0025930199085084406,0.010786758041227872,0.005442891454122487,0.00029496813628800107,0.0007952509629509852,5.267126280748862e-05,0.0011406922338650675,0.010786758041227872,0.0004427854073855564
r37 N + OH <=> H + NO,9.295011636066009e-05,0.0013438532306081275,0.00039586491664027416,0.0010712710321477477,0.00022543383713214028,0.0002307589617872692,0.0026361260847467373,0.0005199384753544336,5.11017397006659e-06,0.00015873645397400003,0.001518284031990854,9.621423556637452e-05,0.0001839963251159778,0.0011260765826652023,0.0010985285300029078,0.0007934048443209723,0.0014258946295589063,2.5124305263840856e-05,0.00015292364626420845,0.0001053768646809649,0.0004822957165458748,0.0006159089901447351,0.001167116313242473,0.0009353676020576199,0.0005458178042175747,0.001292907865995958,0.0018074489917012844,0.00025261481904533,0.0004656967298519864,0.0029464862131499013,0.0003582471994987752,7.856900459674541e-05,0.00044534426047883736,0.0012128894198872781,0.003770550609830715,1.669683110277641e-05,0.0004123135787213169,3.580016405041164e-05,3.929191935802113e-05,0.0002984631556738328,0.0006773069687813593,0.0002938277127616781,6.684784577945622e-05,8.971049724367222e-05,0.0012745854636103558,0.0005857653518751462,0.0004873115555451,0.0026811566599660498,0.0036851613249665014,0.0010127382416402798,0.0031755122714100304,0.0018302121378195634,0.0013255158207283648,0.0015408646740195215,0.002490455429566812,0.0013191199274348827,0.00010106869169099996,0.0010300717158070354,0.0006282333664804366,0.0007508636677390532,0.00045479932182124395,0.0031053038521269903,0.001091366920395049,0.000971559815486839,0.002478509925755587,0.00029279912346069094,0.00025708607085379615,0.0003119157111211496,4.879849615840844e-05,0.0002165271801665038,0.00039058488555251324,0.0001581115581299919,0.0006087415404588214,0.0016446740460500577,0.0006719210050538345,0.0007060962596600556,0.0005762752074883322,0.001883874914433183,2.9708271530248794e-05,3.3716388780031044e-05,3.501693995235481e-05,0.0006896042351620437,4.623424228958905e-05,0.00011778827704787262,0.00010604274953556123,0.00018653440662519093,1.3833740295296636e-05,0.008873478710921954,3.82449896197909e-05,0.0028792371014821354,0.0037291879979721365,0.00141542151712056,0.0013028569243996406,0.0001526674688245249,0.0014391708302932719,3.2409052889904537e-06,3.6970259306801434e-05,0.0029375190688165167,0.002143978859993113,0.010977755552574752,0.008059372103392404,8.073646270682871e-05,3.7856454267376e-05,1.7660817822772553e-05,0.0011219692779073482,0.010977755552574752,-0.00033447828932058526
r180 HNO + NH <=> NH2 + NO,0.0006695073704984546,0.0017053744417386168,0.0007455447231298135,0.0005672789886741843,0.00042210824699633515,0.00068105215318295,0.0012935010087417025,0.0013460843188217858,0.0033740786566008453,0.00017212582937475572,0.001419056272292502,0.0006653134711679617,0.000980980136369793,0.0007532376703921739,0.0003031891255692199,0.0011347311066501951,0.00018728454465312253,0.001171687966256005,0.000433036183148973,0.0005347003810999918,0.000725346288307165,0.0009950333408844853,0.0003283590859098213,0.0008373450118771342,0.00045349395543214265,0.00027539051607509453,0.0004736501500707824,0.0006715611017520098,4.7492508063484145e-05,0.0006706521994406013,0.0005925075939699198,0.0024714350063304432,0.00037193958565741254,9.226168853224094e-05,6.050272376138988e-05,0.0002141191354220322,0.0003045046857558115,0.0002212821893209489,0.00020670673507586205,0.0013260287770711777,0.00017706984738877874,0.0009188510092711122,0.00144057133381816,0.00038180282179083963,0.0016420950221452584,0.0003443706490811587,0.0011118444809260276,0.0032412188216844992,0.0001092377341720874,0.00015441569878883211,0.0008932555627654788,0.00046672774444105324,0.003283011795821411,0.0015526380995416614,0.0006112285213169866,0.001025577692741744,0.0014689743817727764,0.0014570056021003153,0.0016464100426490343,0.001331423331649605,0.001242297094649796,0.00177917411898894,0.0013145359975698294,0.000822889431995503,0.00032468739205917407,0.0008250879749386217,0.0007308265762100113,0.0006200657235217021,0.0006021987017817384,0.0003418139236688621,0.0006378577808034926,6.94727423791263e-05,0.0014058331675648164,0.0012439926688496206,0.0008845501737606179,0.00019501757810517093,0.001720757528663055,0.0008882000118201909,0.0011240591322516861,0.00033882420458145035,0.0002434527065429948,0.0011420356998160818,0.0001553957385703949,0.00012588142973467452,0.0003047641120392064,0.0041697619795662225,0.00018437023305389194,0.0002445232111982154,0.00027174020874200564,0.0052324607185357565,0.0001420906364071348,0.0028845563394985572,0.0021895366196210634,0.0006993422964305979,0.0012147673544105606,0.0007145819946646181,0.0006535674668532001,0.000762405602396781,0.012226211545890753,0.0011935948510036535,0.009092457956254647,0.0008738590342596852,0.0004947559446459958,0.0001409265490837314,0.0011117922809742308,0.012226211545890753,0.0003745710291251839
r140 HNOH + NH2 <=> HNO + NH3,1.8418640285335808e-05,1.491678936669217e-06,1.1236229720905164e-05,1.3063875794890253e-05,1.0999798405105515e-05,0.0001348916381594732,0.001260010090647376,0.000960541269765266,0.0008372906135015468,1.965623685772752e-05,0.0006034157400865793,4.070182036053518e-05,0.0004636345084955417,0.0003183460107936044,0.00138400484613934,0.0005008262412856934,0.0014383913888799805,0.0007502302251716891,0.0010267990167369245,4.306899707149086e-05,0.00040412591241213513,0.0007485465059679675,0.0005191083653040932,0.00010603140446652469,0.00034637256537755864,0.0009885078686158737,0.001142505458594153,0.00019834757291610266,0.0020400123632501924,0.0030361700400172303,0.0007854452449317038,0.00046830331569618766,0.0001584978772572559,0.00021584877457249594,0.004335725208815124,0.00015087373766951764,0.0005430083760317525,0.0008775474245368368,0.0005045661116965222,0.000525844188389869,0.0004908092316143139,9.752547706327157e-06,0.0006266703948581855,0.0011094608601678923,0.001565062288023479,0.0009458903431816265,0.001208733048646149,0.0022347636360432253,0.0034816712578218277,0.0016082334096441128,0.0010350693057210654,0.0018622877074745353,0.002577958003974725,0.00014247963839204728,0.0004362495928457248,0.0005095923135765157,0.00092980799290619,0.001037849526475263,0.00042429898293749895,0.0007189342926994653,0.0004221128595713782,0.0019740910675739216,0.0006057690840393304,0.00019370151612870773,0.0014869014893107706,0.0004385674224020112,0.00023981688779257403,0.0006019899247946411,0.00015897696033975207,0.00015687054121682432,0.00021689574759244912,0.0004970095198499996,0.00041711746284162266,0.0004745359766400482,0.0011995766722980579,0.0010035491421064907,0.0004220591277854888,0.0010093286053532598,0.0007271765854038978,0.003348143929034305,0.0014283136660529453,0.004186375025357685,0.00011905499032615131,0.0057253153735958955,0.0005178288075075096,0.008178162490379344,0.0011814415559994783,0.004696546227904536,0.00036050627364937743,0.0004187702274570298,0.00011217417002452477,0.0030602346359272724,0.0003149723880589549,0.0007162271062876894,0.0005324911303154694,1.977217284412667e-05,0.00016175328212658327,0.0013885994660702136,0.0010711245907912654,0.003595238960463952,0.005641527982629921,0.0006471864589716876,0.002802107259577599,0.0019176197861388473,0.0011084184241236398,0.008178162490379344,-5.5494533770889434e-05
r82 N2H2 + NH <=> NH2 + NNH,0.00010173717115822174,0.0011681134044773686,0.00024796107558965584,0.0010287065768690455,0.0014487507124706577,0.0004748144486039944,0.0015522536567276024,0.0011213433918401518,0.0034707294397503968,3.6817163067396803e-06,0.0006271471402684193,0.0003097989509824667,0.00026163006049960874,0.0011082659802493552,4.777712347478225e-05,0.0002843514441928927,0.0009595990249257139,0.0005612250721678396,0.00012704713150489235,0.00021897066241991167,8.700537492362842e-05,0.0011029332107048162,0.00030995348261538225,1.9876832106724135e-05,0.00038192682493030065,0.00014525015498981198,0.0004992539272206119,0.0004937718918208732,0.0004696819310257294,0.000720842558194382,0.001989703451514127,0.0009601294875865509,3.295168084938352e-05,0.00016660859341436376,0.0002565690821860817,0.0003963308520466999,0.0006179978275741848,0.0004424296902064378,0.000866090792285588,0.0012909122638265528,0.00041204743032835847,0.0001569674752149937,0.00010478842841716004,0.0002453868012712535,0.0016619286402621,0.0009024369845253008,0.001333740001343303,0.0002071733874245332,0.004044766731880749,0.0003994986621216993,0.0017831426475218503,0.0012372297454744969,0.0014142994269284556,0.0006071320675462562,0.0024000935836409228,0.0016525039947581678,0.0008890519442779718,0.0006361940776124344,0.0014250917954054224,0.0012289326026698846,0.0010034395212102276,0.0013091280342180547,0.0025580860361048736,0.00013561315629221615,0.0011358844673429102,0.0006562493820459237,6.160402271533363e-05,0.00019401698718372803,0.00047024782527657416,0.0004178204997882895,0.00047165597999855065,0.0010895989758315067,0.0002972001158542105,0.001913230554293026,0.0010354877388899374,0.00045933730620273286,5.3047206801205035e-05,0.0008201981952037651,0.000133985515519231,0.0017031519240015337,0.0004088489130635872,0.0010250862488994914,0.00018696118904070432,5.4769663792590776e-05,0.00032421145721101517,0.005123342449292119,0.002813125161941526,0.004437481456727459,0.0010590720198170298,0.005846103602549282,0.003170084665872199,0.0011491888541010876,0.0031302912255111825,0.0059592237937056815,0.0014097816422411385,0.002092571969620726,0.0005886791021560244,0.00025243026142172855,0.0010029665516143838,0.0003066842757410378,0.005762770166310576,0.002046076967826229,0.0011797210344497828,0.00028140497660730107,0.0011023691501674516,0.0059592237937056815,0.00017017263997982744
r1 H2 + O <=> H + OH,0.0009513548348585656,0.00020428377039990553,8.178415588349971e-05,8.201760713082075e-05,0.00039570144775792783,0.00025204861500651495,0.0002933522106833769,0.00017518410062047362,0.004058250333367933,8.946768628415508e-05,0.00014497829556876047,0.0010224800771664578,0.0005922267336772746,5.854704499405471e-05,0.0007983564499254598,0.0009657100452765549,0.0013656285145794646,0.0007381420095438601,0.0013716365230387571,0.0003841090349215728,0.000455729582840332,0.0002988790600758891,0.001391655583492578,0.001411691135308286,0.0004925038990842418,0.00046101453890029216,0.0007448360230526954,0.0002844338698042486,0.0016972381634398266,0.0003409697641942747,0.0001185865994996174,0.00359841831395208,0.00045172232763319043,0.0003762835411172241,0.0038038081536616777,1.412320502090755e-05,5.857506864259355e-05,1.0632372797973922e-05,0.000459641572603902,8.782078074696603e-05,0.0006745059686172722,0.0010636432028232928,0.0008954242266169429,0.0012936519173224667,0.001175818712571624,0.0013259281789834553,0.001808592808126619,0.0009153788441826309,0.0015655482738565847,0.0003493529874578536,0.00027495953685092035,8.94834730464697e-05,0.00034278641109426934,0.0006305773955274033,0.0035918616988388236,0.0020371532714595956,3.049599524742044e-05,0.0006614510730192701,0.000691725561547696,0.0005539679336042277,0.0001282497998516224,0.00161211028738518,0.0003152080388137419,0.00036503569373921613,0.00323856335848132,0.0003795969492539949,0.0007432912263139309,0.00013120341047719153,0.0009493671911707921,6.33915904691711e-05,0.000373061516833324,0.0011542399244699442,0.00046439914987178924,0.002703893067440981,0.000753549329752489,0.0008554106917630203,0.0010954987108082413,0.0012040506083407032,0.0009647720194040027,0.0017991088314266669,0.00014670019385610645,0.000306297870924921,0.0007014937673272972,0.005826582389200383,0.00038720662021416385,0.00017573626360128307,1.2197236527761619e-05,0.005161562978922425,3.145729584688734e-05,0.0017132384914845544,0.0008011115506948921,0.003973654190827247,0.004335496962807132,5.240141904014812e-05,0.0011702469406551371,0.00012205963286304622,0.0003413730808864687,0.002274242946666322,0.0007118261993194816,0.003460600860353305,0.008019458376096274,0.0028172464059361443,0.0018146793027592957,0.0002611085806608891,0.001100654917989307,0.008019458376096274,-0.0006019589565689324
r79 N2H2 + OH <=> H2O + NNH,0.00022926978397877943,0.0010295286551358555,0.00010503857872182115,0.0006102232522524255,0.0025535812303172046,0.0003087424873805375,0.001762452765279109,0.0006615294416968943,0.00365247988500129,0.004637075026558054,0.00011421652288372063,0.00045410025894857063,0.000466045356902664,0.0004222701306366103,0.00015403302866390792,0.00035912731024323236,0.000850197529540259,9.659608071894949e-05,2.523821286449415e-05,7.810526650103122e-05,0.00010210270548374635,0.00019371713331158835,0.0003639075568913386,0.0002170592018195053,0.0001834541715965817,0.000764633150939544,0.000544070280541659,5.498334382192737e-05,0.0004264434887483427,0.0003205991345484615,0.00023416718656057536,6.896146035015279e-05,0.0027322686889409416,0.0003124384705601017,0.004081889102322916,4.54115880057483e-05,0.0011045147161773332,0.009086177203707815,0.000510705824084155,0.00020619206241745562,0.00045268247109524396,0.00014780430353464102,0.0005278401955037427,5.167891749928825e-05,0.000996120952812565,0.0012846812166130096,0.001918978250004,0.0012527943538887224,0.0038066950720402246,0.0003857826989436406,7.234633082866839e-05,0.0018826068264480068,0.00025666723874153655,0.001206104600699469,0.0028917878039676796,0.001348675519426104,0.0005979951806291464,0.001300012625912603,0.000590597990353657,0.0005139918229788795,0.0001765221626648153,0.0020787333002200287,0.001341090633076579,0.00014886401848301253,0.0010053920508437133,0.000369558208169828,0.00013219812021619346,0.000358301307098956,0.00038370555892461956,0.00032806178682741663,0.0004275007291738975,0.0015232072714650572,0.00021152714524434407,4.127673779045946e-05,1.1600280462261267e-05,0.0005688810720401238,0.0007888259431517027,5.007303828030702e-05,0.0008796067244583268,0.00018763508473863805,0.00011151052412212842,0.000632535434339381,7.069320429493218e-05,0.0001656457982411145,0.0001179100587987016,0.0038033047123956537,4.1841281181723224e-05,0.00507681426959552,0.0001971364697433686,0.0038064469150787174,0.004204702277601821,0.0015187325871270168,0.0024334527306815734,0.001772331566369653,0.001273261926266531,0.000531817346212453,0.00035563263040763174,0.0081307262756307,0.0025602728215927072,0.00021642412567035485,0.0037175361215095824,0.00022533727901342035,0.0003554838579141738,9.242733123466566e-06,0.0010956802477617186,0.009086177203707815,-4.008750294299898e-05
r4 2 OH <=> H2O + O,0.00048297279239608714,0.0002150732716907727,6.429820422144074e-05,8.979244716941637e-05,0.001827967457279337,0.00014175599327379275,0.0017311670528080765,0.00012181804584490963,0.003945991642333699,6.929239998890594e-05,0.0002762676469593855,0.0008035655832764928,3.986300801487652e-05,0.000301896243917449,0.000726651445115123,0.0008481482959628969,0.0006063558545377965,0.0002730287187399913,0.0022169779216974226,0.0003807969215036196,0.00018132134861899976,9.472702183031563e-05,0.0011448695335730338,0.001400193609149592,0.0008029046365445958,0.0010685205630406227,0.00023917636131924198,0.00031113473293091135,0.0023819004903482275,0.00021464058545900936,4.020964686294062e-05,0.0007261952842202397,0.00029313714055298603,0.00024381498600310682,0.002182268216206452,4.043385813514499e-05,1.7990551736421828e-05,6.324039619851232e-05,0.00018447963882088254,0.00032537348450900307,0.00021829807958554222,0.0006190448856484781,0.0009241535804823653,0.0002344695514716703,0.0010709190658818432,0.00026937075573993364,0.0013493574443517759,0.003128694920559868,0.003043102408215648,0.0010051179497070914,9.575101967964596e-05,0.0008812598624857786,0.0028503994363989677,0.0009556904075724666,0.0008024499232891681,0.002116097027797398,0.00038903381380527886,0.0008807159631030268,0.0006021900685267086,0.00017084346453490322,0.00045647569103519046,0.002141188263427811,0.0016830924840671492,0.0003450102177956231,0.0029341981593179263,0.00021195611070843614,0.0004501378313868676,3.104471442664178e-05,0.00047937471762760303,0.001161303505671061,0.0013360459957604597,0.00041051377762351223,0.00035836001560725676,0.0004100753821539864,0.0012431276003056955,0.00019912733338871708,0.0006875561320969207,0.000568366549882047,0.0012534518329757242,0.007924203575017812,4.918123215008118e-05,0.0011622495385631552,0.000724602534013642,0.00563264291964622,0.0001567609248150828,2.880228110796915e-05,3.93967420924293e-05,9.153212528736028e-06,8.995266175033988e-05,0.0026008427645378197,0.0013509788040307587,0.0020631343864502744,3.369783888030284e-05,5.335505325829468e-05,0.0010393410082012138,0.00025081111677866414,0.00017340336306373295,0.005139617246007727,0.005405795271168185,0.00783665894882493,0.0018085306553622988,0.0027825168082838973,0.0013512659245432605,0.0001585290780912569,0.0010860865660197692,0.007924203575017812,-0.0005087802480111399
r191 HO2 + NO <=> NO2 + OH,2.3484929165648862e-05,1.1461718989174e-05,4.274650393531635e-06,3.8750522887783175e-06,1.800186084463998e-05,2.3687888994338917e-05,1.9875941821163076e-05,4.288342630974989e-06,3.494137657319955e-05,8.463709552091152e-06,0.0013405147217820685,0.0008959292441070346,0.00022817475026428978,0.0008732646076347843,0.0007649634873443921,0.00028542191697176084,0.0007363254079537964,0.0005573655490884842,0.0013145170322333122,2.0262786454529758e-06,0.0009658776758784455,0.00016311880155634202,0.0007943626549183272,0.0008023072379317095,0.0011350974379632972,0.00010423466511322257,0.0007363832837133952,0.00025418706567263656,3.721696467558305e-05,0.000876152492795554,3.807556045742527e-05,0.0030861206450569344,3.897964953483474e-06,1.0271787315243455e-05,4.428013912155626e-05,6.832551910658555e-05,4.708548534284943e-05,6.0667471801629026e-06,0.00030433585069740556,0.0005585133260211449,0.0008866977041654966,0.0016615466989335981,4.970658976313048e-05,0.0007378852092387694,0.001403702230249191,0.00168618551476582,0.0017434976625845325,0.0010536187037905884,0.0015653284161986226,0.0017721096503053669,0.003003387453754481,0.0008235099369337946,0.0004328026153310083,0.0012818481750416979,0.0007152746665074356,0.0010355370490490465,0.00019729637809655866,0.0003278059959940654,0.0010666498695689963,0.001059099645659535,0.0005187029450732905,9.689357947074868e-05,0.00013936855625178529,0.00034806280790993356,0.0005539510098737606,0.00014109978140971975,0.00015778221234563687,0.0005713230715803099,0.000865686154265935,0.0008467484124842893,0.0002056399741199926,0.000745142919122806,0.0006040205210672134,0.002497456199243619,0.0011400987785387744,0.002012538952640533,0.0002070986116883119,0.0007445506722938105,0.00043928707235043685,0.006926404248985884,0.001690712817369345,0.0011157825025818423,0.0030457231835447477,0.002723357870391444,5.538031609889107e-05,4.5670587699347136e-05,0.00010007834957967975,3.716286544062563e-05,6.522129803856059e-05,0.002187153314156121,0.0031437254182916873,0.0009000701084812288,0.0005310989065526222,0.00031040759777282035,0.0011929504104379962,3.0968983135696556e-05,0.004243765602340215,0.012198490307239684,0.0024285725602841315,0.003876017070870817,0.0019186329805813156,0.0056237662089503,0.0030653571618156714,0.002119454784955006,0.0010779003617885437,0.012198490307239684,-0.0005094683090455192
r18 HO2 + O <=> O2 + OH,0.0001782279491621759,0.0013222522354078548,0.0004195256216085826,0.0004737032727890368,2.5274151918950576e-05,0.00071748459840469,0.0009737862579778352,0.00031886162624487836,0.0002997026261527085,4.8788949456823006e-05,0.0014472736637546242,0.00045333687003002625,8.970886365184256e-05,0.0010476196557244312,0.0006787975364868519,0.00047233901615704955,0.0005116318622707547,0.0008644662226035812,0.0006048640369110185,5.008387330110002e-05,0.0010548891856089209,0.0005081619452957562,0.00023822391794900113,9.069383332483993e-05,0.0006724450870039268,0.0006612734229253412,0.00022197458574245131,0.001281000325771221,0.00044596779639420316,6.133693790131576e-05,8.121902920977294e-05,0.0017440927160732025,0.00010753268250815717,6.901524747953848e-05,0.0026321544430924714,9.866572938778212e-05,6.63354524286723e-05,0.006176616236956063,0.0007301580403775205,0.0007951597080613514,0.00037302541868204024,0.0004544653928823014,7.213737323675096e-05,0.00047338270053295267,0.001176795611346139,0.0003165059504330243,0.0008687806270037794,0.00023397921199784874,0.0015973693058053422,0.001115415660466784,0.003228302702621151,0.000766575575417489,0.001325729448453651,0.0015009886248665792,0.0003594620817406863,0.0023540952231698997,0.00020239275853269718,0.0009192325708804263,0.000384868001822365,0.0014275215755218092,0.0008636824018535433,0.0004875446260793264,0.0018413906026858754,0.000146564874028264,0.0018883554620159038,0.0003971331387627553,0.0002901530425601737,0.0010394576168077717,2.520750719384828e-05,9.753392668617745e-05,0.002212613892162348,0.0007547225537974957,0.0010462207583228995,0.00046755798464142645,0.0008465653798345247,0.00028962491241667465,0.0006187980176376454,0.0004827517955381733,0.000362841661421915,0.0025088922579753975,0.0020105215494404744,0.0011245268271557936,5.050127027384363e-05,0.0055823706413306706,8.11676440978115e-05,0.00032843488730502384,0.0002397782417881476,0.00020673523722156319,0.00014946431201753386,0.0049615181032831674,0.0033862725280033664,0.0004966887703849405,0.00421679146440847,0.0008294468537896491,0.0001233618725378324,0.00012013179453656934,0.004352458335382186,0.0025671559524101275,0.01091820090002326,0.0025863355666119183,0.0009063138240684651,0.0007795825331294518,0.0007371814548138799,0.00013206579059308655,0.0010715412480379752,0.01091820090002326,-1.2867953205824833e-05
r15 high H + O2 (+M) <=> HO2 (+M),4.0973043338167965e-06,2.4323856873892347e-05,3.5815860446583106e-05,0.00013803248984910524,1.3858064572005292e-05,0.00012976804279245645,4.803424009677046e-05,3.156269137546501e-05,0.003118783953726526,0.00013793825385382424,0.00010348340154553159,0.0003458268982487207,0.00018449892579456613,0.0006177340852364858,0.0006583071377560933,0.000579401640783561,0.0001710751818192357,9.128616645147333e-05,4.2184124320326035e-05,4.2496688900552775e-05,0.0008027235566013177,0.0012568433604749078,9.85500442654041e-05,3.1973853710587195e-05,0.0003714858380463279,0.0004953345535230868,0.0010333951450979433,0.0006707044584298894,0.0014637836878953843,0.0011312445070007318,0.0008934815256243395,0.000366264569619069,0.000452245435602469,0.00018473137633887214,0.004188401495639766,0.002262267821052206,3.529029167360731e-05,0.00016289471585003714,0.0005373700623360383,0.0004717288670688776,0.00041873905683940157,0.00029000019962651617,0.00023542395561396463,0.0005169062240394265,0.0012446811478009714,0.0006119562469324459,0.0011495701654884458,0.0014716271146371287,0.0015780971449918515,0.0027735397212354674,0.0010676816096761494,0.001132420526843985,0.0004962754350701363,0.0011767907906460667,0.0007688766859118809,0.000815497727700525,0.0006275165465948742,0.0012139662881455637,0.0005334615141552465,0.0005391374935022811,0.0004947594304746812,0.0013637732399657166,0.0011742754131641214,0.0005659761022211588,0.002418855603633034,0.00033227575776806687,0.0003276003881006397,0.0005421190541304766,0.0005779544575706185,0.00042459838878270887,0.0007512407022433002,9.314730496278116e-05,0.0006711776938673583,0.00024517493048930206,0.0019765078275577283,0.00028532591412904396,0.0007029138527532192,0.0011875017347179944,0.0004162642076837741,0.003331866397323167,0.004884212601488121,0.0031356351079279677,0.0006003133228585009,0.004979460102477389,1.151840024353267e-05,0.0038999835096237816,0.00024414687652697897,0.006041523318874165,0.0008393763465636334,0.0061015380171829964,0.0016617224108605422,0.0021030385503444703,0.0029395397892400914,0.002541148387703449,0.0009236115668347927,0.0006439834498912733,0.0010466388232353763,0.0014648959200164943,0.00029483771720961114,0.0010729359162090178,0.0018847222188043558,0.000716908418408205,0.0014916328161514686,0.0002425631322715508,0.0010551979316592965,0.0061015380171829964,-0.0001351419163097176
r25 2 HO2 <=> H2O2 + O2,0.0008766234331151772,3.989275019684699e-05,3.5533207485437103e-06,6.031023652217696e-07,4.174533738403766e-06,7.942330597688601e-05,2.0986354987589016e-05,3.441558340105622e-05,0.001872314007414474,0.00017295070650283543,5.039773746560761e-05,4.1911808693439564e-05,0.0005323144781504599,0.0006084047593018356,0.00012664652091702225,0.00028048090844954275,5.1439205524321256e-05,0.0006447120807919171,4.1631192921503815e-06,2.156037933339739e-05,0.00018818450661281137,0.00035316743522065784,0.0009111398488973234,0.0006501210274455708,0.0008962598650526058,1.945079770475119e-05,0.00012299767737267297,0.0007102331518034508,6.581196022095513e-05,0.0001286586701411335,0.0009118857553019366,0.003259210843409346,5.144182622248218e-05,4.4468080313754116e-05,0.004781636653103828,8.628335065453339e-05,0.005922752967344503,0.008987106196206877,0.0005346071351464675,0.000805045682756509,0.0001399113489020416,0.0006599779491710771,0.00010623249957145947,0.000367393922613194,0.0014116764475095302,0.0008997871299400201,0.0009834962849842824,0.0005569046776737284,0.00024304512649197556,0.0011248160936869168,0.00010587484803645749,0.0004045176755747169,0.0018884137360702935,0.00012168669352924575,0.0012308808616422074,0.0010282147861263695,0.0007660146657501083,0.00015767473095214406,0.0011292684768318564,0.0009351580942552266,0.0007839872115990585,0.0009844338183037807,0.0017816823186790906,0.000626082492630887,0.0008017290104359413,5.287192361795972e-05,0.00013112475093910732,0.0008357763108003182,2.5811619492310393e-05,0.0005083936343488047,0.0015692526254207887,7.82942646705597e-05,4.681691652612152e-05,0.0024314227747803496,0.0014701154985524245,0.00032154212479606705,0.0004776044676127316,0.0018479401016178875,0.0006277202183555853,0.00025279885793472325,0.00011439651337882943,0.002538044094155607,4.124703452109058e-07,4.774260445427041e-05,1.2198304415258838e-05,0.004299914920673179,8.711158997659655e-05,3.131831198365413e-05,0.00013733603882002608,0.006158259116830991,0.0005868070394546233,0.0017690640084752393,0.0005851677485269395,0.0009146630818801473,3.429902860796908e-06,6.136131499250228e-05,0.0002083670891672338,0.002848028084405382,0.0013454247838336302,0.00031617110395675577,0.007329288613059792,0.0021598512358542766,0.010716378192466066,0.002577597966261814,0.0010544433908457216,0.010716378192466066,0.000134685038012568
r127 H2NN + O2 <=> NH2 + NO2,4.621796915784142e-05,1.6901524945219712e-05,6.93367163329423e-06,6.571802593606631e-06,1.5614950243841228e-05,1.1434068735461663e-05,6.658980138316188e-06,2.5167942429130545e-05,7.439415988361835e-06,1.0178448825452727e-05,0.0013418204993196619,0.0004025574753837116,0.0003963235099442464,0.0007084145893662936,0.0002362898530005955,9.851620105260796e-05,0.0008949054224792907,0.0009659109260274507,0.00013277140490521668,5.287465472608434e-05,0.00012908578825227056,7.781766738801591e-05,0.00011632146511474804,5.680634725055925e-05,0.0008863264511882674,0.0011819631457106632,0.0008873873753649535,0.0006069984103920585,0.0014164012822902943,0.0008901361041422139,5.164814245611706e-05,0.003099392105592528,2.923518546008338e-05,0.00038225812090503095,0.0040698187001504595,0.00018465538931034987,0.00012915351857857382,0.008982535906498735,0.00033259236122186713,0.0012071240366431874,5.318677990075524e-05,0.0005685876528577308,0.0002732553820003998,0.0006343067565369895,0.00019486367073254438,0.0005079578562250416,0.0004473291547827435,0.00013633423457559528,0.00036011384582100125,0.000519464943174819,0.0037658176734597293,0.000609235094784575,0.0007761704023354847,0.0010147251893150894,0.00152310924480762,0.0023822073933929175,0.0009169595212491885,0.00024143992160350182,0.000814864309928819,0.00021220481259903268,0.00033919769360170885,0.00022169838565260682,0.00029426532661978204,0.0006788443376834197,0.00025545690697542184,0.0004139069243124389,0.00024076168757065493,0.0002939671510040443,0.0006072005369268342,0.00016115254228883088,0.0003088545685613508,0.0004701373753566269,0.0005966058383521158,0.0010588210556155694,0.0015324066242340332,0.00018205156364014765,0.0007360934031034965,0.0011311501427672959,0.0012726353486986182,0.001699247964592228,0.001448022854906975,0.0018602901127988533,0.002949294397859092,8.569434640334612e-05,1.9841034874237418e-05,0.0002238180507724181,9.066532669272487e-05,3.1327483158630936e-05,0.0001677785431014105,0.005061716640705391,0.003406846279651846,0.0024820680760135874,0.0025353566134504635,0.00016465441229403317,0.0006452925271911924,0.004467260858089786,8.366934202106532e-05,0.0007885679442226543,0.005967067808639816,0.005157959906392227,0.005588407892978496,0.0023306115676961035,0.0014781558435176198,0.0026595613044721493,0.0010407853769264575,0.008982535906498735,2.6612163476836687e-05
r130 HNOH + M <=> H + HNO + M,0.0001362351644145225,0.0001225928302787175,0.00011772934599016077,0.00011790751801491241,0.0001337798229572829,0.00010802291300885853,0.0015963168415439079,0.0008227345366181572,0.003808622555916425,0.00012103842144269062,0.0007017057064334359,0.0004803862238463252,0.0004742975257286832,0.0005722119223020536,0.0006520405188123129,0.00029389495438694556,0.0008846450441153817,0.0005018791283418895,0.0012205431886124435,8.850083765680535e-05,0.0002938993962193263,0.0006820409375777487,0.0005001333636384932,0.00021970615397718234,0.00031474184736427147,0.0009619363402843155,0.0006008344778428537,0.00014052480711521345,0.0021867550449723838,9.143767201756946e-06,7.99569477754756e-05,6.634115553343216e-05,0.00023234878406873225,0.00011966233220671257,0.0002377403123674218,3.891526487873021e-05,0.0007140443727767701,0.00071295485739892,8.296821474481587e-05,0.0004624241227040572,6.577167782336881e-05,0.00062406064706629,0.0006650484486902659,0.00018921240318218153,0.0014694906486874787,0.0010026693038497625,0.001497972343811908,0.0006796027902984987,0.006883507800672476,0.0005474323849824164,0.0002849581012431941,0.0003705528268068262,0.0005096112996879101,0.0011392473327895235,0.0026009334131373144,0.001145365439192454,0.0008657252227264119,0.00044769838555127126,0.0010567044111541106,0.0005363979133736811,0.0003027260839798398,0.002467615432773372,0.0006161059738105749,0.001573585577564688,0.0010976390168159844,0.00011568697931078067,0.0002782917444683286,0.0005376407452933875,5.7813491332423115e-05,0.0003527607668977142,0.0004501183510055257,0.0007916045336789477,0.00048665017980575295,0.0006101759832958487,0.0009675684547602746,0.0005262678095570209,0.0006820555583356426,0.00045644439784630513,0.000658270045281538,0.0001128225834190793,0.00021477508141001046,0.0001423893113192231,0.00013209758076940278,7.293386946006844e-05,0.000338836341744534,0.007487780523392929,0.0003924205485695831,0.004682103784236349,0.0007263470236177897,0.0047014859872346534,0.004795253034983137,2.1797740722293467e-05,0.0017541643251057077,0.00032680462325974496,0.0003399025818409601,8.593618776774817e-05,0.0007963214130333834,0.0002515543063672652,0.003146166627756374,0.008239487974028218,0.0076707179650826905,0.0010470565923484847,0.0005007942439043929,0.002030908072229931,0.0010310961513963054,0.008239487974028218,-0.0001444148813497207
r194 H + NO2 <=> NO + OH,1.2954756829641e-05,3.487353371101047e-06,1.7269004035249273e-06,2.338090146222221e-05,3.675827696822065e-06,3.6102191175065335e-05,2.0958388675578252e-05,0.00016946724788698684,2.862812425609711e-05,2.3166180072225805e-05,0.0013212321841062752,0.00029746257203982845,0.0004651670711270755,0.0007730310584495479,0.0007053046300931635,0.0006508775797015908,0.0009375426477003789,0.0002626711754680343,1.6341082052467097e-05,5.497599034804042e-05,0.000427393586396869,0.0011179630175453168,0.00011612049845592426,0.000181209530405537,0.0008125585574312314,0.0003621099219416038,0.0007817253828331751,0.00012648286526408602,0.0014202339485883256,0.0008698712163650923,7.01421781636745e-05,0.0006214209952599577,2.9389447760138587e-05,0.0003569897373407059,0.004127089433974937,0.0003310288185046187,0.0002452547680112276,0.00894576915478793,0.000473230468248017,0.0008562791327539758,0.00040462657780038637,0.0009021806980509664,0.00012149344165663868,0.0009621061343598432,0.000259459543590623,0.000733163863433151,0.0013578260037942149,0.0020547901639722155,0.00313547431184484,9.773874914329791e-05,0.0028705624292017016,0.000707075493357299,0.0026416663777267158,0.0014027789430331597,0.0011453774628117919,0.0017152458972334278,0.0004280146420935076,0.0011422963315544706,0.00016443884174163629,0.0014624607069365515,0.00013215259850569305,0.0002716828726636598,0.001228189350997997,0.0010648689294508688,7.655145841926597e-05,0.0003390932589006394,0.0004015767248651018,0.0007353353739930078,0.00026702876303510796,0.0001361053230129655,0.0007642877239304803,0.0007713119623927501,0.00013495219638366953,0.001536881271216914,0.0011148528901874747,6.172133724198732e-05,0.0007282043010525098,0.00012048528910515133,0.00014024773568649995,0.0016374695049520523,0.0009904008889925606,0.001819951764967827,0.0029734539096643183,0.00011118072490392518,4.330081264122539e-05,0.000276390198260059,0.00011487015551696522,4.808909307176225e-05,2.86056360058652e-06,0.006187198885855851,0.004284163073551215,0.0010060047893711587,0.0020274652663561737,0.0044250528300671,2.463070959595514e-05,0.004251441117191186,0.0036322143544774,0.001140305303344416,0.0008464190401459227,0.0013182270872671162,0.00509430551385257,0.00023820786460154711,0.0013049768436628592,0.0011234010458598272,0.0010263144599913247,0.00894576915478793,0.0002013886279932874
r72 2 NH <=> N + NH2,6.148327994106078e-05,2.1269765600207647e-05,2.4216588413343847e-05,2.0568737737804928e-05,0.0001051571226603957,0.0003355726466161406,0.0013569564027251064,0.0011497211683400288,0.003463734657590375,0.00014891823533443429,0.0003400087372450832,5.52148620502517e-07,0.00044709321966526105,0.0002590315470954997,0.0005024812260901811,0.0003484327844762556,0.0004158072155626575,0.00010296147790814557,6.500712467633304e-05,8.919591296346092e-05,2.7096303500652896e-05,0.0007862049487116406,0.000869351198492542,6.555796181972063e-05,8.890443649514334e-05,0.0005865074235911371,0.0009776893431313264,0.0008433463958009168,4.22517592721394e-05,0.0020170482915136865,0.00018876517976265932,0.0027616590366743264,0.00012414711021972193,0.0002216641854935272,0.003739096435140665,0.00046525409379134997,0.0009979777402381205,0.009677114428936392,4.837104258981789e-05,0.0006256166420912628,0.0003989836667435602,0.00023604872327218248,7.955362167682753e-05,0.00031210875337163473,0.0019864671061166203,0.0008829193611185102,0.00048371563999196894,0.0024561747711588596,0.004706329904613437,0.002367882285043844,0.0037295331007758882,0.001023309250577057,0.00037001884591346846,1.3967126525642943e-06,0.000731635993976989,0.00024120735047000746,0.00016678292493088503,0.0009814156643332419,0.0008429335185849212,0.00037709123553804694,0.0003572987103672844,9.873462772303724e-05,0.00024278866959501254,0.0005359631332489331,0.0007382192711007668,0.00012825586080338107,0.000408225494801469,0.0006791597467001123,2.8709826002257073e-06,0.00041009065260137333,0.00022399876812845846,0.0005103576026229671,0.0005422169474635252,0.0013563770335847949,0.0016940720249926885,0.0007156831497186357,0.0005890426877308546,0.00030946824543094464,0.000519052150791816,0.0018297436765777474,0.00010309600356317856,8.508091685323684e-05,8.90162990519818e-05,0.005605357522113375,0.0003442147750131295,0.004778064600442836,0.00050127524991707,0.004503841586233063,0.00046885781113932974,0.0018474763191653832,0.005713289277152945,0.0012506023739461433,0.0024839846661010045,0.0004710486342863357,0.0013543070657524318,0.00025347804356263604,0.00031936366345582806,0.0011270598856320902,0.003336645738095721,0.0010145960606709934,0.0004703613123003496,0.0002695879028122506,0.0006344310368071372,7.087272713348425e-05,0.0010170656855305335,0.009677114428936392,-0.00018878789100071068
r212 H2NO + O <=> HNO + OH,1.2418481882209913e-05,0.0011980287276802154,0.00024056209084031814,5.49542770920293e-05,2.2163118086928576e-06,0.00026474638445550427,0.0014690574745176788,0.0009675981023656526,0.0007755983070312368,6.0467393995770866e-05,0.00043384047625006717,0.0004434038518177384,0.00040277009556461416,0.0008418233865461448,0.0001627520120074419,0.00043580490868170874,0.0009377322896137599,0.0007139263710940411,3.3696079575590784e-05,1.9589862306682932e-05,0.00039634438438453074,0.0008723584962928148,0.0010901951108824063,0.00017368030882529515,0.0009901129186921666,0.0009843752374493477,0.000678532613157205,0.00031833681558480635,0.0020594139129828633,8.33826703916006e-05,0.0008032160258993095,0.004019586215875503,7.269955309111793e-05,0.00033559036000288056,0.000518825170427642,0.00016406547418811897,0.0007013787992009938,0.0007722163083983452,0.0003370008475555937,0.0010591991573436616,0.00019391244217073823,0.00039102492772891286,0.00019883799119002038,0.0003790974376998321,0.0015191399605974187,0.0009330047161079983,0.0011809310640691038,0.001687698197491675,0.0003975679530303412,0.0010446511168075315,0.0014090939095184115,0.0015577409430516706,0.0008076796628361834,0.00034593637360725383,0.001023190474394394,0.0025878292236134713,0.0007331214305303099,0.0003034963325515821,0.0005613614455135532,0.0008473562873675055,0.001774446981180527,0.0017696867079892262,0.00019469759321861095,0.0015206062555528487,0.0013126239471055999,0.00021953723868484552,0.0004419734392573937,0.000910088952327017,0.00014764383421316313,6.375529140584878e-05,0.00043889170811579783,0.0005431274660751118,0.00026241516494975004,0.0011842351384405618,0.0015461194356737814,0.0002575614737990877,3.093791505254882e-05,0.0009726224632199449,0.000708139915151914,0.003003956309656371,0.0015014683257148884,0.0007859644338571569,6.467893398080098e-05,0.0010296182236932776,0.00022834058207068156,0.0018640198105726827,0.0006570228716546351,7.369582058001483e-05,0.001415955655965964,0.0026146991563599058,0.0026029160013122657,0.0009696830343481137,0.0025535081363254595,0.000456833189083408,0.00014828614304060274,4.3407732182494186e-05,0.004301461416920329,0.0009892593868004182,0.0031168772037420377,0.008200782682172166,0.00653365008873408,0.0036241963953180384,0.0002325444458564565,0.00042506507989192237,0.0010167420301622977,0.008200782682172166,-6.022243164722329e-05
r42 NH + OH <=> H + HNO,6.0006921609004784e-05,0.0012750163017247625,0.000421226013036856,3.8397606911663055e-05,0.00016048300102334152,3.784000576948095e-05,0.00013104467135056084,0.0001060911334213438,0.00031253235854664644,0.00038550824152615016,1.6524525985015542e-05,0.0006016276698719909,0.0005033349794744049,0.0005746473187867021,0.00022796206533895038,0.00030417838487031514,0.00018467050178131296,7.554413017359035e-05,1.6740824124093623e-05,8.913724043384579e-05,0.0006448361399755397,0.000574682145125066,0.0012019765969962495,0.00015880188155782451,0.0003115238862260425,0.0009579190586819732,0.0002752999105540475,0.0007253237809118878,0.000361088261108133,0.0005117429303819323,0.0002277406846881983,0.0020719906917117436,0.0030006889700918177,9.28862717275329e-05,0.0034588173636959864,8.283724682446894e-05,0.000495875885446545,0.008827378536939361,0.00027386595573215567,0.0006039031409632946,0.00047550161206626765,0.0005307466500583637,0.0003632445407776181,0.0009100155401228021,1.230809148803719e-05,0.0006095273078079186,0.00039691201454779095,0.00285100250687637,0.00017218496418557245,0.000902904483504822,0.0034441626004923197,0.0019637073375416586,0.0001299964650710938,0.00033178292205629495,0.0025564068165991887,0.0012411225662412831,0.0013565458538676077,0.0006947605979705756,0.0013638939493137044,0.000378147384499643,0.0009720528364448604,0.0011219870010245752,0.0019597168118703854,0.0006562036580689106,0.0005455707728936571,0.0003102230276117962,5.332929973252555e-05,0.0006832889075821996,0.0004051513438327185,0.0008128793620076787,3.708279295591062e-05,0.00012516873793947606,0.0003134610675561379,0.002514563617470203,8.949988823093187e-05,0.0012907753387779634,0.0004401228682773802,0.00011330835644794472,0.0005711806667677055,0.0013620710386515783,0.00015890451742500914,0.0013285296701752128,0.0001536859135540483,0.00010718177327874943,0.00025600984550313454,0.00017369033769706915,0.0032221281161904296,0.0001293457118905983,0.00011650230940075381,0.002817445330623169,0.0011586539714144846,0.0017105408409129291,0.0029734213578545524,0.0004222309433985072,0.0012675418611395044,0.0002700598663897439,0.0005652391386647593,0.0016649158866224175,0.0031315447604384527,0.009971572627399781,0.002654619769642899,0.0036340979350423922,0.0016986173148515601,4.673625264270002e-05,0.001010359816216213,0.009971572627399781,-1.074614831588556e-05
r57 NH2 + O <=> NH + OH,0.00046443562514782394,0.00042438871681565836,0.00018756208993421598,0.0003521998822086795,0.00034943291454639087,0.0003533957608862785,0.0018133361016521646,0.0013592933926354675,0.000689854467414657,0.0002507268965953401,0.0025159488129131505,0.0012912872361737898,0.0010890923044541007,0.0006956673796737905,0.001981943446826009,0.0003605336755863424,0.0009436142232346809,0.0001157918028645199,0.0017666405360290112,0.0008532852132487967,0.0020984517044819223,0.001874606877623017,0.0013115414666864775,0.0011496055726512731,0.0024606051677793814,0.0014677648246299874,0.0019154229910751872,0.0006658102755417254,0.00032477059187363224,1.5739949876398437e-05,0.001614827355126435,0.0009812814025110341,8.977035992921461e-05,0.0013512324558253358,0.0009996258818632936,0.000331264124470443,0.000591568756161293,0.008905627785276078,4.520705752667553e-06,0.0007949550545791472,0.00035663475010330205,0.0003795867556676612,3.4958182854484145e-05,0.0008517893280518934,0.00048336130856293353,0.001004670491948642,0.0004001405824934899,0.002270332260881454,0.0002735895343548641,0.00013798491563281554,0.0032398430896988903,0.0011404807804556503,0.0024046174618368318,0.001241754503580428,0.00022051164538065978,0.0018587118870124497,0.00011341719306290087,0.0006349764231919538,0.0007915484325005065,0.0006084446212248973,0.00016267161131214907,0.00015682963120957,0.0012627973298237334,0.00020847011402494694,0.002506671599939237,0.0002125373613924918,0.0001274051162763016,0.00015685001520850423,0.0002819950473030635,9.842851271342329e-05,0.00026651928783103115,0.00029381681149413005,0.0010021379057336896,0.0010136705098966361,0.0011470104516615965,0.0007356287853902126,0.00010584549255165648,0.0006936097283986431,0.00042982757927674693,0.00018109779160132823,1.0532723222056997e-05,0.0035164685625561974,0.00027657186905777104,3.822100425216855e-05,0.00032368797659926925,0.00020169786931969783,2.5908058810244916e-05,0.0020787517419734195,0.0007226866305178393,0.0009749126996299661,0.0017174830912291001,0.0006890486452008641,0.0003318029876465803,0.0017244576505588644,0.0014415117685544962,0.00013704457310500875,0.00048275582179788253,0.0030992118942296727,0.0006592134889251475,0.0019647972690469,0.003293126332624806,0.0012896895041402913,0.0035018410924752825,2.7443550605286182e-05,0.00100795639827086,0.008905627785276078,-0.0002754605079896845
r48 N + NH <=> H + N2,0.000131852546086573,0.0013147258165773167,0.00041096595934680133,2.8569229107608977e-05,0.0002058706563075275,0.0002493053183863722,0.00025405026876045337,0.0012781854124844616,0.0035865910882762714,0.00010083557899889086,0.0016033387331851729,0.00025353751021052413,0.0001746838151299632,0.0007064307302806836,0.0002499832189333111,0.0001802841495355844,0.00015641811397013587,0.00016946738356074604,0.0005054631850334835,0.00016602276372312678,0.0004204000968247177,0.00036796219117664043,0.000527800898367712,0.0008186088994157694,0.00020706869703937775,0.0005747598007146605,0.0018523553922953919,0.00033738321520924975,0.0010767015175619126,0.00030129783995549493,0.0008570570638924777,0.00012378502820278763,0.0007662197585056056,0.0009755452292338081,0.003664941353324799,0.0002529221464058607,0.0004705482709625685,0.00919782919483094,0.00029402178734179137,0.00028432940667450765,0.0005338028770687212,0.0011702544251879915,5.22603722326405e-05,0.00044887087478185885,0.0016217498325931438,0.00026550177254565025,0.0002374158043951954,0.0008262562159981179,0.003713434742402361,0.0003460710784770044,5.992049069308423e-05,0.0013447461433817704,0.00027403617173478646,0.0008939138121802138,0.000932331704706552,0.0009486919860089538,0.0006638833878776384,0.0012369682616960526,0.0010847670116269105,0.001286629103793293,0.00033499431753525663,0.0007185005232223624,0.0012227516639453308,0.0004190624664791561,0.001167749078594121,9.136386524000203e-05,0.0002790504810758709,0.00025496400103939453,0.00019849693346874896,9.277886428854182e-05,0.0011561722172427661,0.00022621173347668944,0.00036049714942482753,0.0001899953698183091,0.0007174601472421,0.0003257274673550354,0.00015534115791329258,0.0004950001519633395,0.0005996775884668366,0.00020923283025722262,0.0001745538229483258,0.0038644905927598962,0.00033535701763756377,0.00042507167414126246,0.0007444858639455752,0.00030224959302477196,0.000215799146121742,0.008488725422392249,0.00015091444820620488,0.004563653593647701,0.0012978005330266315,0.0037733086025278336,0.0024924539207420854,0.0007281701261185633,0.001316562147636238,0.00013646406651689994,0.00049969261675599,0.0014201852688169318,0.002813894865628075,0.003802740753059159,0.0017284948952739866,0.00021335100045719315,0.0011107398263048931,5.103477766373173e-06,0.0009890280444107536,0.00919782919483094,-9.028103453682026e-05
r87 high 2 NH2 (+M) <=> N2H4 (+M),6.993181532925426e-07,9.911572986512672e-07,2.839842946705612e-07,2.0834074983687788e-07,1.2299549968990383e-08,2.926145192971416e-07,2.088075800216769e-07,0.0003129705390783009,5.57311306550805e-05,1.4284266182115955e-07,8.635485334874292e-08,0.0004888669086591395,9.09952258370072e-06,0.0004584298257054113,0.00024069634272480786,4.38765703391635e-05,0.0003116552285203952,0.0002678220079039677,1.1302868078059294e-05,5.275282491195031e-08,0.0007054386505954214,4.47892783763838e-05,0.0012698074656932747,9.61325460045606e-05,8.782965830047604e-05,0.0014215545876125897,0.0006808936453427844,0.0007579714960291134,2.9394654045861826e-06,0.000769490667118948,0.0001225665434476949,0.00044919884302676964,1.1936307657498937e-06,4.092196237178641e-05,0.003746053861008511,2.959293513585173e-07,1.829917102861955e-05,0.009013573444172345,0.0005088734068333555,1.4919263667324782e-05,0.000249989773076318,0.0007152155141755925,9.386935384316758e-05,0.0015104572103892498,0.0015021195964927802,6.524529528859719e-06,0.0006492654774303649,0.0008663106752303246,0.0033951435711605323,7.692984393390392e-05,0.0025974622894836025,0.0008602612521269764,7.521985276821192e-05,0.0008544476707721176,0.00020747368946344457,0.00034680509221204724,0.00039002368799849886,0.00029112906377581747,0.00031906978937656,0.0006342761667152605,0.0007416517294661136,0.00040300017940129675,0.0003312651774641814,2.1920664069018874e-05,0.0010649800826686036,7.28210143600217e-05,0.00013917286056566996,0.0005925063907134464,0.00025432284117580796,6.434403870687338e-05,0.0005069839409556263,8.075582908645408e-05,9.140417602045871e-05,0.000540996635434623,0.001344134124757732,0.00037657319002150743,0.0010569347706233,0.001270969265235513,0.00014257464194648902,2.7522564952547313e-06,0.0013559202668123548,0.0006682366371470324,3.0465839397937106e-06,3.570781679711743e-06,1.4155254775619663e-05,2.119507164068407e-05,0.00011814132662608189,1.0346037139243894e-05,0.00023010782277160542,0.004054309247565104,0.004411397984917048,0.001788130078742655,0.0025909936838482356,0.0003496376796438192,1.1914042975603244e-05,3.71983383741754e-06,2.5262653744757415e-05,0.0107331632983321,4.9607366148110246e-05,0.004873606296101762,0.0006209506247509856,0.00013177023833400647,0.011281558114417618,0.009772727011666201,0.0009598240267265835,0.011281558114417618,-0.00033010304238747986
r196 low NO + O (+M) <=> NO2 (+M),5.4160122344349764e-06,1.162853798061921e-06,3.85450654375014e-07,0.0007833394357953259,6.4396677499851325e-06,3.172304359178729e-05,1.304898816343893e-05,0.0010206891961506048,0.0038952263917255052,1.8305962881818236e-05,5.36012405156603e-06,0.00012138371543583419,0.00010751328400102493,0.0008962894716198608,0.0007424231452735767,0.00036349643232308726,0.0004200183998860594,0.0009531510624830401,0.00031591197239966886,0.00013221807385383638,0.00013170926303997092,0.0012664987905885714,0.0005466036456290075,0.00031895362068328804,0.0007642686000815984,0.00012031018574189308,5.83167754993211e-05,0.0006158837989987539,1.2760818906856246e-05,9.383040821840815e-05,0.0008240693437581358,0.0005093125241249055,3.755133793469842e-05,0.00047370312057951167,0.001602060798293187,0.00022831798763558677,0.00013065642135361123,2.546088858175385e-05,0.00020927086958103352,0.0004974618681428771,0.00010206910346776664,0.0006496099374441866,0.0008025684146207885,0.0006228295273702292,0.0011443544772507138,0.0011596051901217948,0.0014534411342715429,0.001274433747722922,0.0014518587382573481,0.0011397658554684244,0.0023926083038750675,0.00013932325479177541,0.0010417016377684634,0.0006212068583784788,0.001353202247270253,0.0008739099400246026,0.0005120883420813089,0.0007450353742526236,0.0006949212997446004,0.0006184169470468736,0.0006737710839318068,0.000969682110838152,0.0020161967519888037,7.451723462926445e-05,0.0002583919773662543,0.0002808884042041897,6.381655696947956e-05,0.0006946713532905403,0.000255075730480884,0.00023128423330854818,0.0002981751352357275,0.00033201209814937764,0.0008734187884124456,0.0021391324771135463,0.0009090903607626389,0.00026617504662550674,0.00021837404262803605,0.0004382325485111648,0.0007023461339874062,0.0034821398587254683,0.0038087873403984756,0.002085885366617407,9.419807154563077e-05,0.0010420322093116709,3.882054762708452e-06,0.004198091718245695,0.00011910493141762328,8.524609048321374e-06,7.549043017494383e-05,0.006191372628604623,4.7143700331870233e-05,0.001870819504984887,0.003310895635651396,0.00041072147873974507,0.0006203936982512796,1.4725197677832079e-06,0.00018894740614451685,0.00446546439978247,0.0030243553637231847,0.001332135704512398,0.0058507411741634055,0.0008101702012552748,0.00741631444287098,0.0003632471910149749,0.0009577984402995781,0.00741631444287098,-2.045282390944564e-05
r116 2 N2H2 <=> N2H3 + NNH,4.913492666214403e-06,3.7395786696818723e-06,1.2136372039595592e-06,1.002469314009514e-06,5.009433943742736e-06,4.0244158093597595e-06,2.4232679699226005e-06,2.011922045879271e-07,2.029109599821949e-06,9.067341522485175e-07,0.0013477584700663308,0.00035347720815931725,0.000504339937049985,0.000816002723458288,0.0004782882059946243,6.332232313892645e-05,4.875244990841197e-05,0.00043499155091060215,1.1868266158622003e-05,3.128701721140057e-06,0.00021748767723092335,0.0005339164831917873,0.0002900892241099176,0.0009288507651998461,0.0007552331841548848,0.0005053158136448383,4.868167004036453e-05,0.0002957596660114197,0.0017180176562853504,7.963942922868089e-05,6.219084657410509e-06,0.0030842673445074446,1.0319007635194046e-05,0.0003096581200201237,0.004301054663729649,1.8234898021574544e-05,8.155072494496551e-06,3.600159461211438e-07,3.962458394781175e-05,7.992115036361221e-05,0.0005374060827111337,3.2987891082427336e-05,0.00017291003528094608,0.0006490330878171161,0.0005063411602048358,0.0015202787278478765,0.001202290893832841,0.0016277266511612043,0.007678135493191627,0.002487619110530733,0.0024981567439181776,0.0002139230231431351,0.00028540039423327813,0.0010907133756295753,0.002809252902388627,0.0004038571291056533,0.0009363993971599374,0.0003938103222614513,0.000440332535298448,0.0004732844388242588,0.0005230351960347308,0.001161192055310921,0.00041620773616878314,9.121456401954793e-05,9.369871368742037e-05,0.0002826126281946089,0.00016476907836585243,0.0005312524714526188,0.0006274725964134602,0.00015190084269065874,0.0013049445059757127,0.00039869635474863984,0.0002635181401394022,0.0008489848002834605,0.0008581356173744186,0.0002552044667343642,0.0008877569518210561,0.0009661733458318978,0.0004459339942340462,9.515662320971853e-05,5.555791495309804e-05,0.0005673434585719354,6.833513519482886e-05,9.394561632634366e-06,1.5061654094068961e-05,3.86817366747463e-05,3.020594142206666e-05,7.500452737543664e-06,1.4873865738015622e-05,0.005558242242956884,0.002717361580973655,0.0014919602175389765,0.0017335252488696192,0.00032625161975735606,0.00012731316586804585,0.0004231665925410376,0.00011743319499083684,0.0113829114513835,0.009109862378998046,0.0002518921573143332,0.008321305468602883,0.0006376975666588458,0.001347954078200396,0.00020064332534295402,0.000944234555460117,0.0113829114513835,-0.00022099511776627016
r41 NH + O <=> N + OH,4.340158613306407e-05,1.9443969676236655e-05,0.0002747661114853892,4.0034149287543095e-06,2.6797214969552627e-05,0.0001279259967753903,7.312595945593313e-05,0.0011022610988501303,0.003758583729686515,4.2570093481904516e-05,0.0012816638960628853,0.00034826805501736625,0.00027328013544707455,0.0007433156660604087,0.0004989125988366009,0.0002669780197290515,0.00010873131214790845,0.0003622950215051366,1.871025438213016e-05,4.5987112615180465e-05,0.00015062537379953258,0.0009817476191485892,0.0002068015119256341,0.00022222152146227276,0.0006859652312101032,0.0011207455638036054,0.0003968684580942742,0.00016341331184402654,2.2631799548772636e-05,9.49079409588429e-05,0.0009954812974356413,0.00031316605098635926,1.3767139175085028e-05,0.00029246642189597596,0.003607137987154888,5.638930143946307e-05,0.0001501129672171473,5.243186845878351e-05,0.00015194009307681447,0.0005782651254151706,0.0002471832131407314,0.000504330578851342,7.660733876406936e-07,0.00019141124880911242,0.0015378640497166944,0.0015165891571757792,0.0007467716901273928,0.0023437682652366976,0.0036848599038692958,0.0024037792740095997,0.0010871317253561626,2.3371581179174993e-05,0.0005654027139103942,0.0008321689939998056,0.0019393665665524858,0.0001344409133838076,0.0006347592844275934,0.00015626507071011278,0.0007304779715576718,0.0007776322934494626,9.615730563444675e-05,0.00038345755689553085,0.0008977854266382363,0.0001372042388490049,0.0005691142938689151,0.00026982009528642175,2.6022828499403467e-05,0.00017388536359318492,1.2701994351162721e-05,0.0003648216401743255,6.280676058785674e-05,0.0008106937864828314,0.000899040787299488,0.0007451855832972395,0.001117210189298137,0.000161815732939509,2.259762436842424e-05,0.001684355951428192,0.0005686390097354643,0.0017334339636564796,2.341329637269928e-05,0.0004369679271425328,1.9424862210627682e-05,4.112302994166747e-05,4.7244433760236825e-05,3.436111123761955e-05,7.1576715090437e-05,5.248776625802018e-05,0.00013313428013287865,0.003012291934005584,0.0037641192681119487,3.0068556258102206e-05,0.0025320050470478707,0.00037007019219600153,0.0014162526764913822,4.0867729457061155e-05,9.21781359387534e-05,0.01585988113175271,0.011843893823069098,0.00040493807022288147,0.006219947541467325,0.00026818988908017786,0.0006360270685884585,3.1854287327962216e-06,0.0009406427735346122,0.01585988113175271,-0.0003293909099912271
r86 HO2 + N2H2 <=> H2O2 + NNH,8.19566567839217e-06,1.1568072153087778e-05,9.818705726220365e-06,8.948420709206328e-06,4.007971953571947e-06,5.1552026334389925e-06,0.003345826994916916,3.3106609982974776e-06,6.729189877934247e-06,1.1878058296534636e-06,1.3891555725999744e-06,0.00020892040288821018,0.0003504011612640508,0.000830115874702143,0.0002698261022698707,0.0003306391634007234,0.0010199558775087982,0.0004515115192910122,5.023940464985285e-06,1.061887199877689e-05,0.00012781960953432112,0.00018545312528880342,0.0001897204124522541,0.0006389912416052551,0.0011519683684581505,0.0007146018365288714,9.748115415798271e-05,1.0030095397055214e-05,5.209661599208468e-05,0.0008220282371541751,4.630868299912882e-05,0.0030911591425744496,2.67133497205358e-06,2.131171779693035e-06,0.00449061135055531,9.0501477775039e-06,8.244335848015608e-06,4.810011644562455e-06,0.0005241897104028764,6.290755177967207e-05,0.0005453778673945694,0.00024222051031353597,0.00031736570299170273,0.000920643320422436,0.0013935228604971585,0.0015548187761052254,1.767131870685563e-05,0.0011131752357187628,0.007149128356908515,0.00018889298450505787,0.00016357254524645298,0.0012921710142725338,0.0013806424813615663,0.00026742180113872844,0.0017856971608256136,0.0020398216061875774,0.00011775249952508866,0.00044544877514349364,0.0004940868412189467,0.0006829187048402969,0.00030850583684900366,0.0017412092196494096,0.0023509139809813305,9.383513567210824e-06,0.00021122852061960785,0.00018197545863485722,0.00017373591252721934,0.00023996751990660038,0.0007736517490669249,0.00016709232032984742,4.355832804390207e-05,0.0006162879037835912,0.0005772764269038233,0.0004989384398332285,0.000819362991632375,0.0012835324699290113,0.0004852759966732341,0.0007045195942642772,0.0003725331552345296,0.007303676394029005,0.0014196164987243637,0.003323535271290797,6.940672297269247e-07,3.1010540493530855e-05,1.4784208982796057e-05,4.209250332845391e-05,1.9817422243953686e-05,1.4598319607554335e-05,1.1257476323199105e-05,0.00235268282803537,0.001248706125289114,0.0026983540664266684,0.0026480166490940667,0.005683505337511546,1.956854654005739e-05,4.162112199005073e-05,0.00016800650211983785,0.0015464771287164434,0.0036825985190891333,0.004028943342801274,0.0068174228021331855,0.0013358648006929984,0.0004986954334904992,8.361711108902807e-05,0.0009405950732285274,0.007303676394029005,-0.00016834121544934664
r131 H + HNOH <=> NH2 + OH,6.093355887364727e-06,2.686667696731692e-06,3.108060233607039e-07,1.0680404140161579e-07,6.596151688772063e-06,1.529963048809992e-05,6.960356208264919e-06,5.45064942438564e-06,3.305198147116815e-05,1.3470637013958917e-05,0.0012372511874880795,0.0008189232622005089,0.000150836721624658,0.00025198566719486607,0.0007041195826980305,0.00021314497452188646,8.415278393499124e-05,0.0004402581823009641,3.545698839417657e-06,1.2196868780889448e-06,4.044459052370626e-05,6.167527359480608e-05,0.00010520693406208137,0.0006192617988673509,0.0014232867467695288,0.0007256511574927907,0.00034228384128871044,8.181524337847762e-05,7.436458852355393e-06,5.280402340915814e-05,3.315480976617758e-05,0.00049202835839281,1.7444229590509488e-05,9.62419575683183e-05,0.004344778046813093,4.873596353767953e-06,0.00011008420510494254,0.00010369195236834057,0.00027432611260033425,4.344701001895141e-06,0.0006909637905275927,0.0011846339645220244,5.57636562052765e-05,0.0002883868433189371,0.0010855546595655242,2.740267231776643e-06,0.0016165625247359125,0.0017185850573768122,0.0019417685139916762,0.0026545636897182885,0.0038312802576948427,0.0012062430863705113,0.0022502507259840425,0.0008651229214127094,0.00048385280861215727,0.0015380880468076898,0.0008022411979052327,0.000944673820093193,0.0009362728666582096,0.0007019245003534057,0.00016957966260762824,0.0025043448578278595,0.002439803332080536,0.0013878403847950797,0.0006569166673141686,0.00045113321484624896,0.0004875425681254695,0.0008465151620708137,1.1648481647648956e-05,0.00012465316008155762,0.0003453878211410665,0.0005482866597656822,0.0007724088369957118,0.0015843756724606447,0.0009162321172756678,0.00020580620743261164,0.000916769148640973,0.0008908152152316875,0.0008654051022717973,5.322157374075774e-05,0.0014138798085980946,0.0005935033725054489,2.2688716862994828e-05,6.0056060195286465e-06,7.123943115820465e-05,0.003636540889753208,0.0002994922948774161,0.00018848097992211666,0.001166507145949587,0.0014249096275482567,0.0008334678990476747,0.00042492388941553407,0.002029728445592524,0.001661821406113383,2.1374652770046532e-05,5.009137321386161e-05,0.004303684924490143,0.009144360082729586,0.0033533766019714193,0.0021653082767627172,0.008099619824994488,0.000832200559652309,0.0014037131857706161,3.0507492261243545e-06,0.0009333118039981621,0.009144360082729586,-4.8780003419471375e-05
r43 NH + OH <=> H2O + N,0.00022404798094284378,0.0012284878548160713,0.0005280374731959593,0.0011171916541745268,0.0002494490898489022,0.000631789909538092,0.0013626506762225805,0.00150267612451003,0.003168766431109632,0.00025057781974671976,0.0019424207836120368,0.00024492610679866986,0.0005341162728484493,0.0006975452858731412,0.00039853847471367965,0.0008591082225679858,0.0002402625054545519,0.0007692760632495193,0.00018283455783655282,0.0002763936216641651,0.00023785937617004126,0.0009528671371673632,0.0010396944043688616,0.0005206374989014367,0.0015394816103074724,0.0007619876083476195,0.0002258040198001501,2.9742129101104065e-05,0.001846424852226134,0.00024737047197283593,0.0009476507742006652,0.0004377353530097886,0.00016246887541869056,0.0010318416896265984,9.269775891555693e-05,5.121985294190704e-05,0.0004920774383208031,0.009063759085281333,4.4192772532494335e-05,0.0002560444850634836,7.699673722258938e-05,0.0003306892068484419,0.00041866558196425573,0.0003991846737835374,0.0003345622438404741,0.0002585246499875392,0.000916090832612754,0.00034401121323694776,0.001857114603391489,9.014971005764577e-05,0.001316911047081077,0.0005037923403217036,0.001205157183189632,0.0013236415738082997,0.0017012058370145934,0.002045906766104879,0.0004922709235778277,0.0002292536324703958,0.00027586802294180435,0.0009831934173819552,0.00041218790446944086,0.0022823973482516196,0.0013289977695380706,0.0002840952838792391,0.0008248678127765244,0.00032876409943630874,0.00039486841179843453,0.0009175224453765501,0.0002061998419479858,0.00012155455646797658,0.0013068841316768688,0.0010369668099525751,0.0001639690444879557,0.0010104200022862707,0.0001737115990484314,0.00011583530562212727,0.0006143850372788131,5.0715159032420104e-05,0.0005618387315952481,0.004646651672415233,8.298256884407354e-05,0.0004149154828138445,0.0002105100984920889,0.00013077287234883773,0.0004175395621685749,0.0001723885444435735,4.832582018397179e-05,0.00013052276269768235,7.883290862039523e-05,0.0032184457849486993,0.0007946481142644863,0.0035377045311242024,0.0025067776114835534,0.0004410985853110797,0.0013173075967782444,9.942791401556126e-05,0.00034982448042018426,0.0007769649519958955,0.00521433079595146,0.002136653836032098,0.0008739918571270657,0.003786480653676412,0.0008760225753721542,1.9057386428886744e-05,0.0009222327361742058,0.009063759085281333,-1.639196944815293e-05
r100 H + N2H3 <=> H2 + N2H2,3.2209241989749174e-06,5.516931666173226e-07,1.583316448965292e-07,2.2771113484682167e-07,1.1127015829376858e-06,2.4434753727210906e-06,1.593226012974384e-06,7.398928403223409e-07,1.6100935674763882e-06,9.364209851853988e-07,0.0013507421858498245,0.0003038193522111052,0.00023312821564229903,5.058950091136272e-05,0.001370257946974759,0.0005939174432214861,0.0005071526643879685,0.0004896032194619072,7.854410714370533e-06,3.412436915122278e-06,0.0005776749638067071,0.0005447723648791031,0.0011102005179587184,0.0002341068369839749,0.0012494689625641136,2.4406746212931913e-05,0.0019118171663505092,0.0003575323024614036,4.395304728868282e-05,9.062116834084517e-05,3.3491449325523005e-05,2.9392191512086258e-06,2.2444689708107805e-06,1.7463564195573943e-05,0.004786943595109596,5.075869916533348e-07,9.542441863975062e-06,3.5543399007232652e-06,4.6780705092361446e-05,0.0005729840672597822,0.0001428871915131908,0.00034826498878318737,0.0005559582308800433,0.0002879227385727844,9.673459029217935e-05,3.920207552530692e-05,0.0015475387245458608,0.0003619240057827757,0.0009346035819673958,0.0023239351749619543,0.003468626379288781,0.0006871117545422632,0.0006035966963817083,0.0008327882942545349,0.0014284520998628922,0.0018376680582484865,0.000586572838080068,0.000592428711624973,0.0007166134433840956,0.001454646708172202,0.0006941696964601785,0.0010186822218660179,0.0026318676511708334,1.0175672124900753e-05,6.740989321606429e-06,0.0002608911498684476,0.0001927006709057741,7.513226398802702e-05,1.744432315314062e-05,0.0002890059872975145,9.330952347765098e-05,2.667631968368163e-05,0.0005627567317160373,0.0009553571187149346,0.0017135247926098876,0.0010852203745657881,0.00039978848131718477,0.0010470780363009717,0.0007758743369159541,0.003187298507065089,7.699038192799382e-05,0.00014360406950641893,2.5376160987758232e-05,1.2603233817739097e-06,1.1548357266583856e-05,9.067174808235778e-06,2.650039651041498e-05,2.61098580689522e-06,0.00016812502440464633,0.005638411355022091,0.00583930826628348,0.005720875105984125,0.004217312791971941,0.0005834628764491633,0.00017309074784078207,0.00032364302844973446,0.0005619568380909271,0.0015617762764517326,0.006293386538583451,0.0005055720220760586,0.007153707455712991,0.004109461271698624,0.0005267679000048403,0.0015928245305419147,0.0009202104651582331,0.007153707455712991,-0.00018445851361846178
r142 high NH2OH (+M) <=> NH2 + OH (+M),4.7446345076895855e-08,1.643382194331885e-06,7.640576337303011e-08,6.9071951652713195e-09,1.4434591362137137e-07,1.5192029499638102e-05,1.5694809142554366e-07,4.216136437206814e-08,4.2537796102158494e-08,5.378542296715601e-08,1.0596001011048091e-06,0.0004452000511572287,0.00031766395274848865,0.0004612685092101303,0.0005983317127492416,7.101784372827926e-05,0.0004509056901774486,0.0007795707081132364,4.902825527138911e-06,7.367671346774165e-08,0.00027012322442156183,6.4301079181347e-05,0.0012068277682377518,4.3864012076468906e-05,0.0015947137657364762,0.0004093274117674682,0.001973290415194425,5.596522570480891e-05,1.360032391931867e-05,7.457046987555998e-05,1.379448106901759e-06,1.159864540890101e-05,6.197995487256812e-07,1.2752234229255413e-05,0.0044473546215681135,9.52923952081033e-08,1.3407258793545085e-05,7.651123915829364e-07,0.0003009527486461134,0.0006532871083114428,0.0006097163257588591,0.00024411642485087118,0.0001067050517680756,0.0012324344667715018,0.0001645360366500414,0.0003302430883582229,0.0009508444541246476,0.0014896467324214133,0.000566803030684651,0.0002941762358147418,0.0025172158196200517,0.000916358234563428,0.0012782384964413263,0.0017685379538846754,0.00247186075464581,0.0014884475513899703,0.0009888094430011416,0.0009006344900633475,0.0010951398009961491,0.00017026269349920765,0.00023257991269613396,0.00024966418518372076,0.0014646397932388151,9.184856932239967e-05,4.8804363997132275e-06,0.0003297355469148107,0.00044426074390932794,0.00036240580550565854,0.00016304590442242834,4.157337210315771e-05,0.0006859655516399148,0.0003720405029879825,0.00028179103319892135,0.0011737881750451713,0.0012887952026659761,4.1607527828024516e-05,0.0006123409992464801,0.00032065405451468175,0.0008032196456105639,1.2343349240705074e-05,7.169467592670176e-06,0.0008844573504368352,2.9992174470242284e-06,7.770353078941195e-06,1.595205533699901e-05,9.428908648508759e-06,2.973536320790764e-05,6.912466076656922e-06,1.1679116816733823e-05,0.004131130421860136,0.003960866105988254,0.0009277952611654093,0.007320671486365327,0.00040963222345354456,5.30704011677506e-07,1.2345562783440394e-06,4.424830388301866e-06,0.006925514353457221,0.008984671147341151,1.1144125794887514e-05,0.007220542282622992,1.853199158553875e-05,0.011095591465034992,5.651932559026531e-06,0.0009120398179697943,0.011095591465034992,-0.00035413325945385615
r134 HNOH + O <=> HNO + OH,2.201927002402514e-06,5.15019350385882e-06,9.06937579981918e-06,8.756616634142179e-06,7.297635060145308e-07,5.361209151597946e-05,1.7404733761307124e-05,0.0010354047087471796,0.003835148637994117,1.183831695532595e-05,9.59724389549908e-05,0.0005954365617432838,0.00013375937665563662,0.0007445512034600682,0.0010462357080403128,0.00041590691981190927,0.0002378522240776511,0.0004871198442781448,7.036237047275749e-06,3.4904268918114147e-06,0.0006528393089895732,0.0009635665099395417,0.0006838766686407292,0.00126582667902144,0.00037559236834007513,0.0001657680070439313,0.0007147333034630617,0.0001372129135900293,1.562257761041898e-05,4.951527633547213e-05,1.7469219718300623e-05,0.00046383072694446245,1.2657789164968305e-05,6.050928314611059e-05,0.00514164076122554,3.404249631838156e-05,0.00015847975155421385,0.009194255968392488,0.00015021457881460334,0.0006307648639273808,0.0005039752311898595,0.000775176121460974,0.00021034186429306156,0.0004865685846734922,0.0014959489585067026,4.273940478664158e-06,0.000797770228736278,0.00220590599292148,0.0016573045869575263,0.0016131176340934666,0.0021758327446542297,0.0008004747400806802,2.236424709974453e-06,0.0013679640624455105,0.0009450258061706693,0.0011588404318332072,0.0009069687514340126,0.0013530338326298169,8.304811472430594e-05,0.0005754878594858182,0.0008067970957093755,0.00031441219121215556,0.0014727337989320394,0.00010363724108847725,0.0007248307472563967,0.0004054624893705448,1.0899378017806123e-05,0.0005370954489764646,0.00039243672419116024,0.00021139634669488337,0.0008122157287413202,0.0008342641329349687,0.00016284988764241404,0.0007374144810316343,0.0008769411612483126,0.0002604048964801029,0.000566971810749684,0.0009582360833817112,0.0005636657509597571,7.952810728872388e-07,2.921560057291044e-06,0.0009194638575375156,1.1657549139406353e-05,4.784812694786637e-06,5.346180538835118e-05,0.004109055115626052,0.00013109638717557776,1.4481354997289498e-05,0.00018177088912975172,0.002925981659579265,0.0015248839096770256,0.00011169325990953004,0.0025499150138644016,0.0028061820554940746,2.5177411077163818e-05,2.057053191219003e-05,2.4419182001948537e-05,0.0017052075790107025,0.005246487699350937,0.005078920063449065,0.0034980779389136765,0.003831106425383522,3.155853291158129e-05,8.282193437662892e-06,0.0009069712474370436,0.009194255968392488,-6.286911891776334e-05
r174 HNO + O <=> NO + OH,0.000713578902363548,0.0009404719924446635,0.0007830789724982268,0.0012866899140970974,0.00041229668768955757,0.00046902257019131613,0.0004136813725611225,0.0013230627412618426,0.0002978991633254025,0.00014137353558024926,0.001433978978086291,0.0009717988810697202,0.001228020394459951,0.0010495640288860392,0.0008159360482422975,0.0013474354698076341,0.00030165200458214604,0.001192656998066981,0.0004556717225702906,0.0005352258142415908,0.0007863855461471633,0.0017945752476128142,0.00038650351992201653,0.00040998344473227834,0.0008333265020946747,0.00010209997593635022,0.0007900737049487561,0.0009139900537364219,0.0018432187936518593,0.0003481740927947975,0.0008857834101077521,1.3723492930437805e-05,0.0001956795359510477,0.00021962476208469897,7.928474734096585e-06,5.134944297183956e-05,5.575623678434903e-05,0.00905527742166787,0.0009125406314188085,0.0011455207268041337,0.0005445033208153314,0.0008896054070720113,0.0006146900970833317,0.00047342153200313585,0.0004320734279520242,0.00020335474396313146,0.0010622593659462259,0.002035386556595058,0.0023322832217435446,0.001041721720004925,0.004211433660283973,0.0005091555256820883,0.0011926466176519278,0.0008779657269897921,0.00015133650658753826,0.0007709507870620226,0.0005140753494105494,0.0012465731411295123,0.0012104487969779776,0.0016769646996147587,0.000409748088784745,0.0015723626670142536,0.0009863996677586628,4.5107981863038404e-05,0.0008782276274187197,0.0009837391046240579,0.000898422587610952,0.000954827580124868,7.311686029978158e-05,0.0005229092568709027,0.00027070587500453323,0.000317916303701747,0.0006397064452203251,0.00023610524836723977,0.0012073889647883696,0.0004763216601052645,0.0004582206723114957,0.00014055866316726483,0.00011910477196905493,0.0001760042959713724,8.395729145553331e-05,6.433296615277406e-05,4.5802558838657376e-05,3.0790381000392173e-05,5.9246677295595756e-05,2.5566082699487753e-05,2.8817477485075217e-05,2.9606108995998415e-05,0.00011809833007837982,0.0014552915960535633,0.0050464763114238,0.0009323560409298136,0.0024376571709073718,0.0005063559798308483,0.0013653500793960115,0.00015264963795982866,0.0001596725397828919,0.0007804291096896522,0.00021461564181093884,0.0003790506764975507,0.005289108412907572,0.0030327461292591336,0.0017799000519159332,3.196176715273817e-05,0.0009064634111165691,0.00905527742166787,0.00040183959478994833
r150 NH2 + NH2OH <=> H2NO + NH3,4.579754599203004e-05,3.757363474197366e-05,2.768460042888555e-05,2.6568282111000566e-05,3.788410265137424e-05,1.1096241251782567e-05,2.2209547350589295e-05,0.000980649196344299,3.7407065125561136e-05,3.1921313516176326e-05,0.00019432620235469418,0.000837618551008742,0.0009898826234147795,0.000357134824185368,0.0007815698054281954,0.0004146226204181047,0.00014356106924036589,0.0006260702961220421,7.66342173370828e-05,2.312158213839747e-05,0.0006276476906731987,0.0008594918937087039,0.00040305065322588865,0.0003303238761174868,0.0005570541349381776,0.0008462199335499761,0.00019023362455779157,0.0006875157488606736,7.041056951745724e-05,3.3434955407903296e-05,5.959588317372054e-05,0.0005228666654046871,6.388980475278135e-05,0.00041818977699366273,0.004650453635589947,0.004781703159709845,0.00014932474786727678,0.0001413356941956145,0.00015348341918997323,0.0005564510329637444,7.444746765688467e-05,0.00038334531263458033,0.00018787438866122046,0.0002603552249315289,0.0013711778274823655,0.000996255676366391,0.00018493019072919958,0.002375126314539319,0.000544395778565737,0.0010859924295615804,5.3704235786017196e-05,0.0009124406753077608,0.0006815966123686034,0.0013896229907176525,0.0009861583444837074,0.0010338272848158408,0.0001341060957893724,0.0011821611150649321,0.00028533316698258377,7.313963178608979e-05,0.0007128299967755223,6.921760379682443e-06,0.00030320124455227547,0.0006011143104230273,0.0002195413707846732,8.501100332616547e-06,0.00013157170146954868,0.0006365330275422136,0.0004350653536569822,0.000280127049891105,0.0007409465772830671,0.00014095150529310318,0.00040613290991743997,0.000855909282712663,0.00038733943054385014,0.00022369978411304183,0.0001716263585378085,0.0001350725266355306,0.00029234283305224623,0.00024014509646937775,3.843327634453383e-05,0.0030993081761139614,7.321504433392414e-05,3.5163893802466375e-05,0.00015399957343135087,0.003519033669604461,0.00017202024796514573,0.0050467042774273935,0.000280675890126743,0.004444307209458808,0.0033529778192430866,0.0015809107244356957,0.0023818859868338176,0.00025337746821279584,0.00017630429116460047,0.00011606304080291328,0.0003775502296771937,0.003301417935498895,0.000987217306766583,3.616823725151841e-05,0.005930130795482146,0.0014183697704312351,0.005577517937407759,0.008704303068334493,0.0009037368276568136,0.008704303068334493,-1.4586913364213906e-05
r128 H2NN + NH2 <=> NH3 + NNH,1.8769810389175778e-05,7.206772333437276e-06,2.7453688150223694e-06,2.8993070790634503e-06,9.907835013066802e-06,1.9750214768780633e-05,1.2550426297244177e-05,6.9591968099831155e-06,0.003890633665871273,8.065181878266776e-06,7.2807652889240216e-06,0.00029765019758055646,4.457007235297397e-05,0.00022703470187799706,0.0014650406627028665,0.0002904309729189948,0.00046267086456058777,0.00010040268445374633,0.001093530149585925,6.606604097382848e-05,0.0002986563703862159,0.00023114090513514404,0.0009972292320078546,0.0014087710074917306,0.0005260545271256107,0.00016578986890763807,0.00040768065609848034,0.0009155589197460327,6.4818013369003775e-06,0.00011276338668018847,5.058723851884619e-06,0.00047904358858416986,6.738229255068299e-06,1.359851924502303e-06,0.0042494002781079095,4.0406567297742825e-05,4.4481106346557384e-05,3.0501898303459533e-05,0.00018364142953938126,0.00015796884178591962,0.00044428098353818804,0.0002558422805712788,0.000927367129473606,0.0005668012108292794,0.0015229780490416153,0.0008870517284465983,0.001183069618666887,0.003201774113020715,0.0057486035847950385,0.0009658887371763596,0.00030120184680598993,0.0012830363510054502,0.0006539647203950129,0.0011370163362455392,0.0022543982022173894,0.0005561721641560588,0.0004286951526607775,0.0008248833074519072,0.0009013713650094246,0.00042927285839522693,0.0004698163545565243,0.0007495130512363128,0.0020782701572491626,5.9232187871193176e-05,0.000677941535499512,0.00010079936930463401,0.0002236332170548353,0.00016902715818803183,0.0005831009961919429,0.0005070404459926412,0.0011615215929428214,0.00039089904680778594,0.0009826644123291147,0.0005164266198479893,0.0006286619718619602,0.00012447113871949053,0.0008910612396181098,0.0008050204667266676,0.00021643792793797528,9.158877986598222e-06,3.761418960590501e-05,0.0006763371842007157,1.9710199918553674e-06,4.22202248935294e-06,1.6497433536166485e-05,1.530897184054126e-05,2.9628216612907754e-05,1.8735676278561484e-05,5.7528617430955615e-05,0.0023256581337745877,0.005563332000279918,0.002671161358594746,0.0013999705539060432,0.0004389620727391432,0.0005381667791707322,9.785887107685863e-05,0.0002967398113495396,0.0039448322042474155,0.003999744810391997,0.008410443756789171,0.0010398329810789718,0.004368646825807167,0.0016180532313382553,0.0007079620374739645,0.0008884660418201463,0.008410443756789171,-0.0003467221993504357
r142 low NH2OH (+M) <=> NH2 + OH (+M),2.6600118679860593e-06,1.0485316237221638e-06,8.244122330507936e-07,6.388482919692253e-07,1.8461695064071951e-06,1.9211940967333473e-06,4.649997717976128e-07,3.005749649395057e-07,1.9325287668110985e-06,1.6408412901675682e-06,1.2871577058132692e-05,0.00019498650713133014,0.0001685246222614127,0.0002475056359698451,0.00011921419147779557,0.0006629582583314223,0.0011543859213977367,0.0009079390775678761,4.59085903689414e-07,1.065437138393589e-06,0.000452897652716219,0.00018423916732867565,0.0012438960054313565,0.0005216490217019277,0.0006523282201898647,0.0012997928539407275,0.0019138857478022998,9.378954045118912e-05,1.511274728783996e-06,0.000727007412945058,1.1520641290586159e-05,2.2511781901472146e-05,4.87127674061032e-06,1.5154489231447618e-05,0.004385628985833887,1.746380397026812e-06,3.4683005165602226e-05,2.171371583224771e-05,0.0005369806824425988,0.0006981371049660338,0.0004258202422566505,2.586320774720372e-05,0.00014683447419453142,0.000268272109843493,0.0014900526879976595,0.0003415615021601239,0.0011690054409507163,0.00045083058841201545,0.005549247603888797,0.00024066393809220243,0.0008796291775579105,0.0008171303347747326,0.0006745037094850327,0.0003468992867933364,0.001586492631174237,0.0003612069384711879,4.672329377948261e-05,0.0006255010043490058,0.00011112920153165199,0.000596877388301174,0.0007043870359261301,0.0011041038876289865,0.0019520715861821851,2.9783551406019795e-05,0.00075647135992161,0.00039602135382764257,4.4017411788670866e-05,0.0007527653576713546,0.0002256196316709708,0.0003666801563782864,0.0008373596367779432,0.0009142894426401897,0.0003508457133304243,0.00021687380650048025,0.0011792918075378908,6.0199733767663225e-05,0.0010154698875489863,0.00012317126511028286,0.0007667050189054536,1.427720366503837e-05,5.544938083027495e-06,0.0009328474036927217,1.7768446699212864e-06,4.309948378025122e-06,2.210753570688192e-05,3.747989271439756e-05,1.707684273276963e-05,1.6844172952871095e-06,8.550890543095254e-05,0.005323752533185233,0.00046902670726192274,0.0026324549787806757,0.0019488769520637872,0.00038215913487246923,1.3793521400558967e-05,4.560604923857058e-07,4.547959409512433e-05,0.01305985546787039,0.0037088102704900686,0.005809244057264701,0.0011410973919092952,0.00023445918352490644,0.011107696781623906,3.0441485020801973e-06,0.0008775031395161317,0.01305985546787039,-0.0003782676404359038
r113 N2H3 + NH <=> N2H2 + NH2,7.769133067088247e-06,1.4897090443810107e-07,6.088781520712927e-07,6.92800428070461e-07,3.9670489877685386e-07,3.7790285511523377e-06,2.5876913728321924e-06,1.4032139408142624e-06,2.618002588949608e-06,1.065024005439935e-06,2.48220385126357e-06,0.00044107139368332364,0.0004826876346657818,0.0005624446449977538,0.00044581650620490815,0.00014082231622995168,0.0004442770310375006,0.0005193106731618562,8.649051952396559e-06,9.071097390066767e-06,0.00036471186719260325,0.0005833684274357337,2.654023343635849e-05,0.0009315156639518518,0.00021481046845023415,0.0008659419422890425,4.9069385887362334e-05,0.0003532179058399144,3.282473262680652e-05,9.634512132895002e-05,0.0010454141423143167,2.71360137262206e-05,1.5897265663741993e-06,1.0361786500574115e-05,0.0034500273295745777,2.9411626547815863e-06,1.7750335462219944e-05,1.0403429356303797e-06,0.00038981491628060027,9.185367442606247e-05,0.00042773580807228226,0.0005192785084164103,0.00021165303057718644,0.0006042900234117594,4.05488432379389e-05,0.00015947631879212695,0.002430195250291284,0.0022016532089993235,0.0011144011171540717,0.0024107412864889438,0.0013945632443580506,0.00011757623583767677,0.0009986667023317536,0.001191719419959998,0.0003336384234054553,0.0019630378168871265,0.00035761741563754187,0.0008117382845489453,0.0008576498599193245,0.0013595160457085772,0.0004005515280939624,0.0018074500282498217,0.0020073172699411074,2.3298411759664962e-05,7.050822876544354e-05,0.0002444360158647069,0.0005130682187092471,0.0003712543860626726,0.00013875014336038645,0.00039703514943328075,0.0013331558486478548,0.0006423206081248962,0.0006175275534925019,6.767033572622539e-05,0.0011691371946034716,0.0007211027527352186,0.0008950375299946269,0.000998511518389509,6.606028836888473e-05,0.002893991223108272,0.0008531701836767097,0.0009885206872536916,1.598780153515143e-05,3.3794565279841223e-07,8.738294590757653e-06,1.6144729718707416e-05,2.041430765831835e-05,1.2382154852585564e-06,1.671797310823436e-05,0.0011347930898521173,0.006895609386081605,0.00023709634595258183,0.0017398456156786444,0.00620254319585774,0.0001969567025263399,0.0001899995326600617,0.0009145577318708804,0.009385271594046047,0.0016175195828008917,0.003499173490343905,0.002660265010555817,0.004658454395402262,0.002561832000213534,0.000640419782643349,0.0008747448639672844,0.009385271594046047,-0.00023922990684231897
r91 N2H4 + NH2 <=> N2H3 + NH3,4.753529054472644e-07,9.645565911962523e-07,4.69732812281727e-07,3.6714158156358614e-07,2.8068757085929373e-07,9.366409401280374e-07,3.084841872173713e-07,1.282533741445836e-06,5.765061494694145e-05,3.555419817579378e-06,3.1126751187862075e-06,0.0003800671323395436,0.0004062601312528656,0.0009255519764426101,0.0008829335030202997,8.437911933299798e-05,0.00025373721610822417,0.00037147666798510113,1.2129670631020584e-05,3.234531763341293e-06,0.0003819816226406487,0.001015149830100531,0.0015634874943377436,0.00025707165453589027,6.806358255090362e-05,0.0009627386507665164,0.000558984470542712,2.1968968565391184e-06,9.173309720155779e-06,4.796080626341718e-05,0.00012727609894901544,0.0030824189892655705,3.402409692281112e-06,9.452473929737159e-06,0.0037438807577121996,4.155283754111082e-06,1.84850410708456e-05,6.931214665649492e-06,0.00032617760524577784,1.8055179563786375e-05,7.220966999946015e-05,0.00012333411994084782,0.000715257912346877,0.00030691766327372574,0.0005441564170028606,0.0015284908350740492,0.0012560299925449383,0.00020104071853080293,0.00018773710988102655,0.0024571927014419587,0.00020417738804713232,0.0006931406406941868,0.0025759149092808176,0.0008505599491052228,0.00045832587459539967,0.0025936969893201947,0.0008442350036994903,0.0007931209753043062,0.0009962909325077775,0.0013653662464117602,0.0008691994906048919,0.0021913841429108635,0.0002766742513872003,4.189060649843858e-05,0.0001594414226690312,7.243926641974248e-05,0.00020369657206674346,0.0010236167975903956,0.00046294767367192175,0.00021234871651711046,0.0012104113633426743,0.0006251888120232228,0.0008584221217100747,0.0005436705942886124,0.0014421763960737752,0.0009077380701232326,0.00034730136480414723,0.0007244236233045552,4.1070646649281246e-05,0.00010268604254406656,2.7053866628992405e-05,0.00031639648505925143,6.042173395906075e-06,5.141967570853088e-07,1.6693098692258038e-05,2.0651227434223485e-05,0.00016351460948208852,2.45927202338233e-05,3.713971130553351e-05,0.0047173378733479645,0.00011878552419900119,0.0004509348292517599,0.002180891180232047,4.2369494611208355e-05,0.0013212505681101736,0.00014253926043202367,0.00016824913362739746,0.010829858516972077,0.000798504975754066,0.010630194899323849,0.008319182700693038,0.0004256332026606717,0.0033122798925481534,0.00013478442135265124,0.0008738993821880919,0.010829858516972077,-0.00013119785321407009
r107 N2H3 + OH <=> H2NN + H2O,2.9418899871984623e-06,8.659067439845268e-06,4.717910865674708e-07,7.41884444439704e-07,2.1929814872798215e-05,3.1494070258250366e-06,1.4097247002766541e-06,1.2184435998637682e-07,4.088867843618845e-06,1.979216370828756e-06,0.0013512665207333894,0.0006238746529720067,0.00016216731109504098,0.00023908831679863757,0.0003686195744961597,0.0004889098439530658,0.0008797501060866963,0.00033884092655498386,5.54290546056185e-06,5.237813981816264e-06,0.00028204598101004016,0.00102037356932965,0.0002449870309336797,0.0004414014261562314,9.060565700531452e-05,0.0014136378809864937,0.00022694752909334612,0.00038965267680388614,0.0017028572663725099,0.0008167756376662954,5.6886959766725666e-05,4.3314971007416503e-07,1.4181592548892938e-05,2.4002897141504828e-05,0.004955549514943775,4.021689623342305e-06,6.849363638702423e-06,5.022598174803038e-06,7.4599627948071395e-06,0.0004194307360644391,0.0005659087675045564,0.0004563454833484224,0.0005543185157780283,0.0006624769384743481,0.0002737174511828317,0.0010291461472870169,0.0008280408336484715,0.0024355488852118314,0.006727222559192461,0.0011656505093540937,0.001430423837389973,0.0018644318850043091,0.0010458632632674553,1.3297335851387538e-05,0.0005198702808193843,0.0021168229202431113,0.00019670380695810435,0.001332853889829636,0.0007766455441560207,0.00018286842934998193,0.0008727658927545421,0.002026182244953966,0.002043310657814956,3.230685524632374e-05,0.00011359908926152616,0.0001503777751804105,0.00022067929698307853,0.000205959508781056,5.426745027183502e-05,0.00032684237486673107,0.0008907954218987507,0.0006925668159624216,0.0003262523446765984,0.0005223623996098708,0.0005562350705526211,0.00033964721993436726,0.0002208873430736556,0.0013724160321859978,0.0004774519396284979,0.0030915889625887528,0.00011194830702586816,0.0037804642479922577,2.7688217910760073e-06,6.353446189322838e-06,1.791102728461728e-05,1.1358101967688987e-05,2.6746612478642772e-05,5.2724282204155594e-06,3.523314138603295e-05,0.004716659280201482,0.0013677407890562835,0.0030746435376034368,0.0017385330200294351,0.00029790492323192525,0.0016057827284148662,0.0004582917086607972,0.0010037973155259865,0.000774970833637148,0.004104124197261405,0.002815023222872401,0.002072515075116375,0.004958972656792224,0.001307197384664952,0.0004152687754497122,0.0008659235400284613,0.006727222559192461,-1.9579538432793855e-05
r68 NH2 + NO2 <=> H2NO + NO,1.1394826749513856e-06,7.718899232729854e-07,3.0581330388817156e-07,0.0008315530192530907,9.462974611469363e-07,2.363843757965388e-06,1.7591135903172602e-06,9.584714288957298e-08,4.179289103018458e-07,3.214202557197689e-07,6.940111152604997e-07,1.2579437129750995e-05,0.00043180799703161746,0.00023510246925141732,5.967083106234885e-05,0.0007238301625982435,0.00032899303711527155,0.0006778134318947581,0.00033910844873848443,7.034955752068976e-05,6.347557364738293e-05,0.00023790312073967022,0.0007792565294890317,0.0001465175875457826,0.0004220879049126735,0.00022860448109012987,0.00017292855548117566,0.0001512374269483451,1.5979919115396412e-05,3.758962431589333e-05,4.654268934802472e-05,0.0030852178764048895,1.7427376823484983e-07,4.564510288141467e-05,0.004321374137422243,6.76464129023726e-06,2.1994219789069645e-05,4.062147782099224e-06,0.0006708256472617029,0.000982140377639279,0.0003932034964750379,0.0002355499648461478,0.0005493072090186996,1.185040511641028e-05,0.0004052078745579333,0.00017915380720235624,0.0011930130415096322,0.0014608391311509478,0.0050647224550529725,0.0020979161624540155,0.00208849180234234,0.0008341234135650586,1.9330095230767384e-05,0.0008728386166005989,0.002271245780818687,0.002608097426674443,0.0008516365912933209,0.0007841438220960604,0.0007013697575581376,0.0005846133499978287,0.0005031308055334432,0.00023548232657966212,0.0002708342208059646,4.887054379763706e-05,6.787592826659324e-05,0.0003747246181070752,0.00024794727620307863,0.0004912757079812229,1.8400391543461123e-05,0.0001546651044292084,0.0004949748536076745,0.00013958741477155552,0.000812811475770527,0.00011694659264353075,6.763152791828076e-05,0.0008075388261359978,0.0009747828443924779,0.0005182860254539129,0.0002781278297757002,0.005150477201370327,0.0036223251852745327,0.003959637133409777,1.0590582609074288e-05,2.780505481324374e-06,1.2031317333893187e-05,5.610115744448985e-08,2.084858573769978e-05,7.683532826549754e-06,7.777621969151785e-05,0.0053197737742546655,0.0014929860912479486,0.003945163588705526,0.0009313995951721231,0.0007275913362924373,0.0001300322180155488,0.0003770701385584077,0.004262091933993458,0.0014407631688240464,0.0011631954012031101,0.0006526915038545033,0.0073611769816785,0.0005802007949993551,0.0021562204115955727,0.000958891659241256,0.0008591725899654909,0.0073611769816785,8.41818841640795e-05
r136 HNOH + HO2 <=> H2O2 + HNO,3.6955787059661723e-06,0.0011827746621641626,0.0002274341672636843,6.610829935862315e-05,1.0128051756463922e-05,9.556967164347446e-06,1.898977921683286e-05,1.9100819628932287e-05,2.9547909344570662e-05,1.3424087223914163e-05,2.2486201464363307e-05,0.00011966117629739028,0.000337018029668562,0.00023902920141358216,0.0007980818456011982,0.00027958747189792675,0.0010723056553714142,0.0004333458050719395,2.3396755635293172e-05,1.8949354050566897e-05,0.00038835192433177767,0.00019264348508731265,0.0005746056189608966,0.0007886056977486389,0.00024411160956740847,0.0007674382883883155,0.0019499398348070223,0.0003338354343553043,0.0014422544947337514,5.191222386302081e-05,2.027542818034191e-05,0.0031460911936553775,1.0789441120969189e-05,3.821007374184833e-05,0.0049503182596785005,1.0833469029913303e-05,1.2173788840501362e-05,9.738793883816342e-06,0.00038656212679164355,5.31034066303231e-05,0.0002627455430322602,0.0006368513759323441,0.0005576908406682911,0.0007432970377788271,0.0010024259977629046,1.107019918400559e-05,0.0018540363086755824,0.0028713864799485454,0.0029185396661004174,0.005967976332249975,0.002713893550045698,0.001410006292874836,0.00203209218405517,0.00020693287802892686,0.0004733570698437141,0.001630844474088485,0.00016463299837776835,0.0002663617657658938,0.00045557050792147607,0.0004338266474214397,0.0006206391211316123,0.0008209374240481629,0.0021313304035108986,0.00010460116758231659,0.00019210100584690886,0.00044603430958477534,0.00039024712935257355,7.995287089419148e-05,0.0004462874920679129,0.0001337551504517472,5.4208392000487836e-05,0.001351715423758005,0.0005015458954394281,0.0009138367002577562,0.0012451062331477133,0.00054472239964589,0.00030523093163030147,0.000539690350852236,0.0003432745072747635,0.00014270960432056012,1.1470012200107287e-05,0.0004008394403269302,4.46813746819808e-06,2.9089759480808246e-05,4.906672074486629e-06,5.751135844982114e-06,1.1880490222999394e-05,1.4769727651392403e-05,0.00011202285069354896,0.005578277797821035,0.0006896396829063825,0.0030574112854700568,0.002295277450873663,0.00037003280146762497,8.916138357265151e-06,1.0567420503412194e-05,2.306827344506641e-06,0.005208828721170309,0.004809856510115597,0.004807980172213067,0.0026445252739624946,0.000671809792990588,0.00018730845633975013,0.00016013663530466403,0.0008588072525678374,0.005967976332249975,-0.0002735643932084995
r104 N2H3 + O <=> HNO + NH2,1.1709093873821384e-05,1.7788673533487587e-06,1.2081526564459854e-06,1.5087518674325188e-06,2.923641758471073e-07,7.7899762412449e-06,6.014987971102797e-06,2.5003200472083777e-06,6.0248372032677825e-06,1.699934053511567e-06,2.164797828908158e-06,0.0002962162243770602,0.0003076813050500443,0.0007173729856158659,0.0005788195884944452,0.0003087018527857007,0.00045953411298897174,0.00037657820571339,2.060570317333188e-05,1.1487487373616595e-05,0.0006140484879362248,0.0008794276331917026,8.846253598470385e-05,7.757944552934811e-05,3.6091071461693446e-05,0.00012417110145730606,0.0009896121505124432,5.7816545081972145e-06,2.1189456176829326e-05,0.0006849611285792916,3.833294555613571e-05,5.843345650967648e-06,2.7541992480016826e-07,3.476145292878485e-05,0.004796525983846085,5.091717148593165e-07,8.432605931047724e-06,1.8489133908010647e-07,0.0002647612649345199,0.0004348101119472757,0.00038869774542195514,0.00024546966651294445,0.0008089278104782766,0.001253665547259475,0.0014393467139184346,0.0009732532638472846,0.001238391655319447,0.0004253424942838864,0.005151829157062783,0.002788783734686621,0.00047785300981733226,0.0012578574955031065,0.0005816270675389926,0.0005895346273167934,0.00027332412263639217,0.00011266376533193724,0.0007586504186976418,0.0010913674170435486,0.0005584673303963193,0.00037087045587227995,0.0001482136564058578,0.0002514888577854112,0.0014601514236843058,1.3729914638342939e-06,4.264415309618253e-05,0.0003170913615990481,5.302778847809723e-06,0.0007777520297955952,0.00013409991800222658,0.0010175644788945253,6.175395358981921e-05,0.0008917374135231684,0.0005112682949259973,0.00011461623562029818,0.0013981546112670873,0.00011677117711254205,4.7534848173660276e-05,0.0002838161731891,0.0004918793842758576,0.0032746972349727674,2.4089263705583533e-05,0.0037390849347617113,3.857984675821521e-06,1.9582645441339337e-08,5.260059584726272e-06,3.7286404065505905e-06,2.106704148400514e-05,6.7615919821377484e-06,0.00015559440362390256,0.0037286633982737435,0.0027207924947775797,0.00015278942973560427,0.0018328153038517174,0.0007620274375642962,7.292519835878534e-05,3.774175070519469e-05,0.00024625224940843105,0.00990974487863131,0.0027258343779049334,0.004255753329737325,0.003169263547306251,0.00012680783571340947,0.003647927850130863,0.007286388380721232,0.0008557161235463169,0.00990974487863131,-0.0002468408329220542
r101 H + N2H3 <=> H2 + H2NN,2.5142360988606527e-06,4.325976887109874e-06,2.033365640147345e-07,4.061364618434654e-07,1.0800499504881522e-05,1.1010608273086886e-05,1.0217667106702164e-06,3.898153566163283e-07,2.9350581561326906e-06,9.57386699099108e-07,0.0013526809094688032,0.00010787677338930008,2.317744103933227e-05,0.0004875546910789861,0.0008760484399042644,0.0005905879154190076,0.0003976613001736094,0.0009136369223458478,3.93914820799083e-06,3.223293078051069e-06,3.37036660005354e-05,0.000908127408837288,8.584939452680738e-05,9.995101023807035e-05,3.566720131343268e-05,0.00045782834374118013,0.0003503075439058757,0.0008833759863259426,9.033090717940841e-05,2.9362918055548654e-06,0.0010537168971136678,0.0008181273601934745,1.4358339770741113e-05,4.49346529081788e-05,0.005066188525229463,5.875424830634896e-06,3.886870420183947e-07,3.4571568178009205e-06,0.0001815303917724374,0.0008663732446798951,0.00014562783520658145,0.0006709912982102685,4.565850292292802e-06,0.00042085402346775516,0.0010718801201879025,0.0010168925443046312,0.0012397380536534114,0.001404556331654667,0.0001496255370010407,0.0009383009938254649,0.0002172558551922089,0.0007694907932577571,0.0009268120479130628,0.0013244777975725257,0.00023523387227269142,0.002104202779569468,0.0004888347481954943,0.0011594520772941815,0.0007935645681029242,0.001247223883870638,0.0002581458994368452,0.0007974140492848023,0.0012786299471318069,5.6886183217165605e-05,2.5105309652457556e-05,0.00016538231073279257,0.0002596486794917896,0.00016026421418574937,0.00020838615490235634,3.6409261941879045e-05,0.0012801578667172193,0.0009795609308647147,5.280126693855258e-05,0.0009535698583274814,0.001105717556319052,5.278790666153128e-06,0.0004016135669071639,0.000880788694810143,2.036949757874235e-05,0.003784724400691671,0.00024656280758237237,0.0033667194993781107,8.813466121703398e-06,1.3567083937306372e-05,3.540394260601195e-05,2.4210249387751234e-05,2.742555501732477e-05,1.266318416787576e-06,1.952647225776138e-05,0.0040370337777135374,0.001280438944625437,1.5064583448878903e-05,0.001655605410200959,0.0006456722530136654,0.0014090271041874384,0.0008116163540301683,0.00479983825828302,0.010517045878589142,0.001403441528366723,0.0038278713608101483,0.004541668869306494,0.004989692641646079,0.00019057039666766577,6.500545016063394e-06,0.0008529711426971536,0.010517045878589142,5.6685664931085876e-05
r202 H + N2O <=> N2 + OH,1.0814964550318117e-06,4.1259664352224793e-07,1.6311912119811744e-07,1.2662264800048453e-07,4.4811523455756853e-07,3.3164038395671726e-06,1.4551511650942915e-06,2.7516420547750894e-07,2.6776404612483633e-06,2.5583130275740727e-07,0.0013495808325757418,0.0002987508710622004,0.00018780671327743952,0.0004603814099346177,0.00035327069425271037,0.0002070634683178318,6.305198476554225e-05,0.0005401965224189258,0.0004343264017764153,9.695728997501566e-07,0.0006896678246104241,0.00036320304366476,0.0012154447108888209,0.00132108156072469,0.0004414917269595041,0.00019519548268200738,0.0019185985948309992,0.00020388834968146363,0.0013224876744605317,3.205297400595669e-05,4.590307080731343e-06,1.0161270370083482e-05,1.604114706647166e-06,2.447356888286039e-05,0.004423193551323478,1.8212572228633151e-06,9.030175570885673e-06,5.107099238835417e-07,0.00035984209615556975,0.0007836439425267987,0.00040348190895413475,0.00026978526807304546,0.0005585266912817326,0.0007549389916037479,0.00013690587401559576,1.5933995640325093e-06,0.0009284320820728752,0.0016965145478092716,0.0013290315323367227,0.001695773969884841,0.0014320854832630707,0.0018696307401667024,0.00046038631864354733,0.000254957996471954,3.148189687127844e-05,0.0014571154009026656,0.000991900972594923,0.00039969765551721025,0.0004255476324012538,0.0012054632712333398,0.0006503049597042692,0.0002803905216187894,0.002073571264544665,2.1334071526816454e-06,0.0001059260826807809,4.8182315541079465e-05,0.00043194569100462194,0.0007838006265060842,3.775129066216641e-05,6.014826389144703e-05,0.0009641614828046213,0.001073747934589986,2.6561096021889565e-05,0.00041140473059208957,0.0008854148366462748,0.0014370955972940582,0.0005039413454550004,0.0011698426134817406,0.00041278963081216205,2.9497967133209594e-06,7.869527148799722e-06,0.0009541163738413882,5.134118284058298e-06,6.410686397935342e-06,1.5289962446834e-05,2.3591550968474442e-05,2.240676863704229e-06,7.852330078990281e-06,0.00032930120114208665,0.00539686237980682,0.004332286795853547,0.002637142614675133,0.00255061601293443,0.001460538548383633,1.3847625620870415e-06,1.8894891105848415e-05,6.029957246797456e-05,0.0040329615842864645,0.0029642559718776624,0.010953396845216954,0.006350830058897539,0.00013111547790119811,0.0014412382815711807,7.76015510385603e-06,0.0008517721062483353,0.010953396845216954,-0.00013203723297143663
r53 HONO + NH <=> NH2 + NO2,1.8022626343026032e-06,1.3753325535300394e-06,4.2983033193221303e-07,2.0762186299364644e-07,5.391421975991483e-07,1.833350209024766e-07,2.2873127566863092e-07,7.054776867294826e-07,7.789947101660854e-07,3.62752800279891e-07,1.0842670318178468e-06,0.0004578639868236628,0.000360752364287458,0.00076313413596432,0.0008803283041026143,0.00016385146766622556,0.0006372339744594437,0.0007273950114248525,0.0010223617934956614,6.47669820993469e-06,0.0004832632503570544,0.0004376448554008077,0.00014496106268157335,0.0014177585503124008,0.00019592627601202012,0.0008728469151248087,0.0018987158318311246,0.0003282941365070111,2.2664677632959447e-06,7.624892377687122e-05,4.3419139471060134e-05,1.278140759795437e-05,5.986469745082944e-07,2.4445553401622285e-05,0.0035129957879809384,1.0029141007914295e-05,2.5487448209235084e-06,2.6388951535308855e-06,6.165518936380981e-05,0.0004113821375997121,1.930434095040689e-06,0.0010113126873989512,0.0008028409873577176,0.0005566415459952,0.001344461872067213,6.143274395115513e-05,0.0014523819589272774,0.002038428281972136,0.00515907285730092,3.822987418595112e-05,9.374318471030022e-05,0.001289391835883536,0.000586346201353345,0.0009698689032000526,0.002160840713199693,0.0010275207732293417,0.0001273092446735206,0.0002846827187620896,0.0009910433713303717,0.001164661796666115,0.00010140098047011963,0.001356649838847916,0.002177615362736469,5.122089705254419e-05,7.576326637918955e-05,0.00027924665762579727,1.9231744273515448e-05,0.0008622896349994657,0.00039275579208040637,0.00024679428239555117,0.0009230502751592857,0.0007547517525636119,0.00040166749947149685,0.00047999707437478386,0.0010964068034892936,0.0012728553477607684,0.0006599820758839131,6.792578029685163e-05,0.000552456609533364,4.9813447678395506e-05,1.731768105945856e-05,0.0010081643047031832,1.5521498053437243e-06,4.060274590251407e-06,3.092208444219867e-05,1.9054200747515786e-05,3.063870253981574e-05,1.3653361001958895e-05,0.0002789103524459786,0.003141502985985532,0.0018566611041200645,0.0016567429963003655,0.0007256908155371121,0.00037079405357990616,0.00021985172276185413,3.327229381387593e-05,0.0001364203236097888,0.0008159108656475873,0.004563386867232971,0.004468058876577553,0.004734942365053081,0.003202081683502035,0.004359092966432734,0.008481436285417587,0.0008473235848453794,0.008481436285417587,-0.000260400668736849
r164 NNH + OH <=> H2O + N2,2.1106246205380515e-06,9.292343745030493e-07,3.208741303853416e-07,4.828539951726602e-07,2.127791752250579e-06,2.387744348651416e-06,2.1796662607476185e-06,1.6906932676416997e-06,1.850079783108164e-06,6.671557676177003e-07,0.0013518069972800033,0.0003305470310125628,0.00041383757443798136,0.00048156809326420537,0.0001285577464012854,0.00013629616998565034,0.00014670953524334787,0.0004715738031314046,0.0019961937073967526,1.5919884541808524e-05,0.0006631760531889912,6.352173688007975e-05,0.0005385928537641603,0.0009253439475449072,0.0010197571371527029,0.0003117845702086181,0.0019134230613813987,0.0001986144349779533,2.3010572591861007e-06,5.634612809196852e-05,5.380148266989672e-05,1.5600959373302578e-05,2.9484000971320256e-06,9.892488253448476e-06,0.0008975150874236147,8.032334393084183e-07,6.0339637193782014e-06,4.000402193861164e-06,0.0003571479739082247,2.4487623865790386e-05,0.0003994939869510709,0.0005723915925258158,0.0006186720062949801,0.00048060626728465205,0.0008284983000238365,0.0003461249806289783,0.0013397704817969408,0.0016996199202388334,0.003776733690460129,0.0019722845193344365,0.0037875749671727956,0.0006658388982011456,0.0015713179216082665,0.0007703275686121946,0.0013623347103177653,0.0010940467070279158,0.0008049891568988718,0.00040590747249324424,0.0009041213718187257,0.0005881972885628338,0.0007173924792609153,0.00032187254292612405,0.0015057252771795173,4.539470054348796e-05,5.954460882104671e-05,0.00011315947142742186,0.0007267260678192488,0.00032353612874890116,0.0012830459131001504,0.00021163709298473613,0.0009823884533899487,0.00030981191816113757,0.0005021999804869661,0.0015181150188455547,0.0007248730681180941,0.00026055306006379515,0.0006050620179930245,0.0008761194748420456,0.0007124878227315029,1.7683870440102974e-05,1.4348159256011064e-05,0.000910710885236772,1.2404446763920908e-06,1.1409834550041276e-06,1.2933184921047204e-05,1.2592616029141012e-05,2.599961009864538e-06,3.190550674954334e-06,0.00017776688098253502,0.005676033357239598,0.0014666513686900633,0.0021934010156361688,0.0008682566859005553,0.0017876102485763095,5.381727221524379e-06,1.128219627576634e-05,5.8826806142957796e-05,0.010927164363976782,0.0013185839975825744,0.00037911162989298695,0.00843676097400762,0.004482364388881847,0.0009687508714323772,9.459457165067352e-06,0.0008469730133402945,0.010927164363976782,6.787494199552746e-05
r133 HNOH + O <=> HNO + OH,4.791446678883893e-06,1.047927693154681e-05,1.9254104877062837e-05,1.873323870612097e-05,1.8863849721218787e-06,9.871510278044098e-05,3.3520541035166305e-05,0.0010218337413086796,0.0037783284537360553,2.0298287565291435e-05,0.00015467114343778956,0.0005741023703430885,0.0005548165284663804,0.0001936825150583031,0.000616598121208286,0.00026848217789525295,3.095942363284738e-05,0.0005449597029935721,3.958221589864566e-05,7.3925658878738625e-06,0.00042309767640081355,0.0007010031845914457,0.0013757769224381467,0.00043136460972141994,0.0003433354862190076,0.000337490590421677,0.0019363821318550555,0.0009084926013433871,3.620067379766893e-05,0.003084486279753111,1.9489260008661556e-05,0.00034743327545612315,2.5020114707623108e-05,0.00012843413967783372,0.0047402948359495925,5.7755829968179854e-05,0.0002572686018969218,0.00027828532338217447,0.0001615102236268974,8.788548534032203e-05,2.5374658712547545e-05,0.00099271980063984,0.000783694332573479,0.0004924324775598785,0.00149770199698378,3.600422774642809e-06,0.0007761284027935133,0.0009343037586578682,0.0034405436442710604,0.001780412403643977,0.0005598083618679862,0.0010551707147265694,0.0027428442420212164,0.0013151872756788344,0.0004014270841394123,0.00032888651640271694,0.0007087647661712521,0.0013506998847844307,0.0002464379193373484,0.0005824079041234918,0.0005821260012401318,1.4979116200819903e-05,0.0003596435705893089,2.5963951333756067e-05,0.0008384331461591287,0.00013395823858118028,0.0005289725936866202,0.0008853988424283512,9.501099474633915e-05,1.9608918347450452e-05,0.0009344959493917509,0.0007907637989595838,0.00025280935902940435,0.0008458535936455034,0.0014200307423316112,0.0005314588191432946,0.0009051152246384355,0.0010548170233811154,0.0003877927324808713,0.00033029648265742086,2.249249618545944e-05,0.0008797623751601415,2.3000870985448546e-05,1.5399327537864445e-05,8.92564826694201e-05,0.0036826011616773735,0.00019994130192912477,2.443515058166359e-05,0.0002734538072764409,0.0037340746368422014,0.0004847042497328311,0.0022733905528781123,0.00254697249187931,0.0020434657655275935,4.4110901452236495e-05,1.3875702298546949e-05,0.0001489631660700594,0.00582839764923734,0.0005643560436214636,0.0039161869143738825,0.0014601136229717166,0.003781644361726857,0.001330044710501203,3.838443476853882e-05,0.0008466269080258676,0.00582839764923734,-0.00010432548925428535
r20 HO2 + OH <=> H2O + O2,4.102174805341023e-05,1.6658151761982103e-05,0.000266360803965173,2.7686774511229367e-05,4.3692853159771354e-05,9.055653691716723e-05,0.00338180580902556,4.937349238415689e-05,6.840114692713254e-05,4.339682643507731e-05,5.3007579386420076e-05,0.0007342362651921342,9.882208610446851e-05,0.0005379484679028082,0.000688963858649796,0.0003104937612222164,0.00040062049638096305,3.849086649720743e-05,5.846995766002535e-05,3.575831560481598e-05,0.0007992052621565522,0.0002437453854898805,0.0005982640929404179,0.00027589239766649367,0.00018079066317783828,0.0001814771424075086,0.00010375548499561352,0.0007868499164556607,0.00011754794238785341,4.375483313738824e-05,3.0235777188397153e-05,2.0640938617142227e-05,0.0028954009471221713,5.997824105468745e-05,0.0046189417485843496,4.921972666621992e-05,3.9812480099175074e-05,0.008909496203992956,0.00043572042287407,0.0006942769949558397,0.0005302528568910962,0.0005418007994054175,8.328719291940937e-05,0.000931145774918567,0.00107381221912559,0.0019692536693376107,0.0011147894239320118,0.0025491274020019044,0.0001973994511116093,0.0016589728573153226,0.0002520762648085319,0.0016551436515648632,0.00015096430091216288,0.0016541922974282644,0.001460056366993637,0.00211095599335745,0.0007277660042615639,0.0010695009036538917,0.00016771767498505657,0.0008683641150547309,0.0003954362279072159,0.00030843917803478665,0.0002831212396855006,5.6110796169784685e-05,0.0015302376063668181,9.613262873069132e-05,0.0003120314896520383,0.00027522510831054866,0.0004727239507457847,0.0005158110600738719,0.00014997416894543933,0.0011582202067721046,0.0005342082865229306,0.0018752292175291392,0.00028486352534441337,0.0003968419152536767,1.3931985911989997e-05,0.0005748270378138596,0.00010065394627897045,0.00029310833012063573,1.723938257371943e-05,0.00020425520926913986,1.1911467582493556e-05,0.005601000337901718,9.682610225226693e-06,4.509979679039783e-06,5.216503165348496e-05,9.388870416376574e-06,0.00010633193943340281,0.002910457061578181,0.005048816523370665,0.002986072265045365,0.0002843148003086576,0.0006951949852030269,7.352660468017507e-06,1.533489683395161e-05,0.0002522910473872129,0.0003196886112261447,0.002260205094360122,0.005935737036375796,0.0003028570019112786,0.00027095412291370976,0.0016149716722207693,5.0746539744380604e-05,0.0008407303718609856,0.008909496203992956,-0.00010584702865749405
r89 H + N2H4 <=> H2 + N2H3,1.6702376014043283e-06,1.8032327096307947e-07,3.398625750161902e-07,9.485782527580667e-08,6.515359340903392e-06,4.943111554947597e-07,1.5766251589371152e-07,1.2372752602956937e-07,1.519094501955776e-07,3.7725517707620745e-07,7.412948632539677e-07,0.0005227244152421924,0.0003364045911773271,0.0007975456017141849,0.0005063198542101541,0.0003133667428869807,0.00024093577876900082,0.0008488214977571842,1.6438136123154812e-05,3.783776064924545e-06,0.0002429598960005017,0.0010744422179393193,0.0014244632696076573,1.0552470566857813e-05,0.0007709132149206335,3.27193759962539e-05,0.00011580282648177665,1.7691370162609376e-05,5.955024594074477e-06,2.4272440005222142e-05,4.433389434453348e-05,6.476241974247917e-06,2.746302319612204e-06,2.2306786216159084e-05,0.00016916146507366928,8.5769714519273e-07,7.986156765863994e-06,8.701376490237181e-07,9.158419570700126e-05,0.000605216802361234,0.000556037306592763,0.0009176588697902191,0.0007553222147437582,0.0002949814794642726,0.0008520461835496243,6.339250494910051e-05,0.0013610708004105883,0.0002498686615826813,0.0036544261370810367,0.0036064133231071484,0.0027804094145231803,0.0006275130418060558,0.0013087872470810735,0.0010947650499051338,0.0006742509426730718,0.00219340695273615,0.00045652520068740175,0.001238274998678311,0.00047063190734878286,0.0014187636552107446,0.0006614226010979678,0.000446143732383205,0.0017576829766208283,6.130043050571899e-05,6.95126171731954e-07,0.0004191827174175541,0.00037348361804623927,0.00038636324252896883,0.0005466482895873222,0.0005267100779310738,0.0012450067607385987,0.0008886811376464238,0.00014566672347276956,2.5870459967509144e-05,0.001694660202068267,0.0014094615700010553,0.0005349639943002043,0.0005231089486934231,0.00011494331133815154,0.0031762440094760653,4.9752655933302324e-05,0.0012198187018886784,1.77710749724339e-05,1.3751943838171477e-05,3.625501613762693e-05,4.267522444696627e-06,3.031845112201309e-05,4.704275484861037e-06,2.8262732541062604e-05,0.005662215811880354,0.002340841784537432,0.005591366131302795,0.0005574975253287313,0.00039033740434212796,0.0013993113933594144,7.336447672787414e-06,0.00061566830382718,0.0084012350317558,0.0015396881433926658,0.0026317572986211814,0.004797379489012215,0.0019343427669105497,0.00036597563225633094,0.0015856522957784602,0.0008366037753589721,0.0084012350317558,-9.642683865851187e-05
r80 N2H2 + NO <=> N2O + NH2,2.96169712288851e-05,9.899817994676834e-06,7.082321354582158e-06,6.0195376456103785e-06,1.158969879880215e-05,0.0003073447969949192,0.0016890211032031424,4.986298145901754e-06,0.0036219939649882625,4.836464052008033e-06,0.0012079042101053748,0.0002853306790410054,0.00046453942221681916,0.00033294127518552417,0.001051007517404383,3.5057650158099775e-05,0.0010796632190215143,0.00010715873875745711,1.8888547153135272e-05,3.183762419766006e-05,0.00011677366191070102,8.526311097874575e-05,0.00022155197948996392,0.0007455382540567788,0.0016161725415129626,0.0010183988185328426,0.0011916622933139218,0.0002667574870639662,8.773998582616718e-05,1.949462446801132e-05,0.00017430904799102748,0.003546687187060939,8.549920157522029e-05,0.00034915780232887234,0.00392016246524864,0.00016537530281408698,0.00046966749392339557,0.00011684634970629142,0.00036740462584406586,1.6974942726530673e-05,3.879370304104245e-06,0.0009692685345731755,0.0005324304990361427,0.00021831773457099582,0.0015013470249390813,0.0015742539310486716,0.0015274134853858997,0.0004910129247136384,0.0018762173613525617,0.0013810107364758616,0.0008253618212787057,0.0014546173756351422,0.0027246367618668226,0.0006810035781520855,0.0024349665107941394,0.0012299695694070244,5.237631039690755e-05,0.0009045058280649972,0.0008139917273171484,0.000830007235481208,0.0006850712829489805,0.0017086322537197428,0.0019323594856685655,0.00016996967710330643,0.0007627657507355132,0.0001110518341383184,0.00010020041430715271,0.0006457980695422974,1.0550338012466214e-05,0.00034321101649658606,5.884850759677725e-05,6.294465975708219e-05,0.00034456875420786745,0.00015707111789272342,0.000887466464566264,6.098597650049698e-05,0.0002503320026137167,0.0005035019178578399,0.0002341439165941136,0.00023300444961017118,6.506383997434264e-05,0.0003439709682627314,2.1738358104776844e-05,0.00010079848123747891,1.7257217837847845e-05,0.00408733295790465,0.0002042212048542748,0.004951705882607436,0.00032693874377137406,0.003509795314027312,0.00025097799974351865,0.0024590381162161805,5.8731244639751596e-05,0.00039982351635885015,2.0949966076897854e-05,2.7652568243955375e-05,0.00018534420627030473,0.002096693935822892,0.0010945179847072631,0.0024603988350625403,0.006357297268830599,3.46213703170611e-05,0.00037884015565732397,7.607491217292059e-05,0.0008241058489748795,0.006357297268830599,-4.185205262478651e-05
r22 2 H + O2 <=> 2 OH,5.21788337260074e-07,2.236332278781982e-07,6.17348431481224e-08,1.555315017910052e-07,6.204147038184956e-08,6.765124022863997e-07,2.6428060656713304e-07,2.912831637302923e-07,2.59243310480497e-07,1.8408461889650637e-06,1.9231686555964444e-07,0.0007251777116462051,7.140532316022475e-05,0.0008345210246292834,0.0002075478986074393,0.0005288755641908596,0.0004091801975315276,0.0007696559374296847,1.273398518865043e-05,2.5092220359865508e-06,0.00068363434587617,0.00014832403295970875,0.0008314916260968363,0.0001871594717824779,0.00039399117451634604,0.0007768677426178975,0.0013725426663446874,6.208667661832069e-05,6.662607919967149e-06,6.049723511107248e-05,0.0010349971071765872,0.0030849185713847115,1.2086437553227646e-06,1.0109249790873818e-05,0.00455448968827568,6.794144325162673e-07,2.8703685909574325e-06,0.006626293974729018,4.0936764900243664e-05,0.0006629462124643857,0.0005982121482691596,0.00010826440800130567,0.00013671530532814721,0.000536148395665287,0.00015073280194753886,0.0015352810328573216,0.0008628214440872921,0.0021527417742457345,0.0022426577410230124,0.0009882202552770987,0.003691200018219646,0.0011614773399700644,0.0030427328399753118,0.00040322780118689686,0.0007051398737990294,0.0022477860235517403,0.0006262414673320927,0.0007058962395913063,9.67625787911223e-05,0.0009920360013048152,9.665409156752784e-05,0.0005280272815584209,0.0013100915760021154,3.0524395924096196e-05,0.00011264587972458917,2.6560913455127886e-05,0.000400604073589166,0.0001816805600432606,0.00010466739742103814,0.00014222276116602193,0.0017050622866707275,0.00014914391507717188,0.0001122899291414496,8.369130532599114e-05,0.0008899093691865302,0.0006080924102017985,0.00039377885035260084,0.00034066856940998533,0.0011794380068035652,0.00012447217703569726,7.709180802278197e-06,0.0009549052230066252,1.0077315907441643e-06,1.5477388385942835e-06,1.4036120237748325e-05,2.839204462859345e-05,1.3773399588859583e-05,8.089813933630371e-06,1.930601469379862e-05,0.006096802271179667,0.0009126467693136074,0.006257379578410404,0.00011599260520714797,0.00045559392563648636,3.2142347179009366e-06,4.958152414810262e-06,6.886936492576046e-06,0.002203547112350821,0.005147819074009488,0.0024623569345065643,0.003050471797443274,0.00020682066767669158,0.0010721825281675382,1.550387919722806e-05,0.0008141762367866114,0.006626293974729018,-0.00010201867850299946
r119 H + H2NN <=> H2 + NNH,1.7275557338161106e-05,1.7798049006084222e-06,2.206568501355848e-06,2.4186609540493844e-06,1.0122595339542142e-05,9.142580080694941e-06,1.4648467384758755e-05,5.243473471431848e-06,1.5309324081629007e-05,2.7667521286208776e-06,0.0013398532045765502,0.0005260708183122409,0.00012552743532621803,0.0008777848804247846,0.0005607961745647219,0.00036105667999350384,0.00031161242683997413,0.0002661027234017617,2.6403710665163166e-05,1.9081631208864503e-05,0.0004720111304266567,0.0003833154804343343,0.0006623094992902008,0.001285089191180177,8.747145705929315e-05,0.0011281342389037015,0.0019099160354497755,0.0002634963040343561,8.966020449103628e-06,4.005868693090011e-05,3.09082581966853e-05,0.0005047368920268671,1.7393665848057132e-05,3.374375804801642e-05,0.0048764280369882965,6.860606427693171e-06,1.516994082831673e-06,7.57209818153244e-07,0.00020653327621197268,0.00011898100975391167,0.00016552422943320075,0.0009249281929330554,0.0007292553120196541,0.00011791239017072985,0.001468782389255728,0.00019009786623131874,0.0015554757325154606,0.0011645922260733552,0.005404050409884749,8.770817431812293e-05,0.003349106022877284,0.0009347286605285756,0.0018180515112429586,5.4074270039613186e-05,6.935629080059277e-05,0.0022946814912461044,0.0006592905266599394,4.279784155594864e-05,0.00033203694929311576,0.0009554958763285645,0.0007749276122037093,0.0021018426081698925,0.0017942154582963475,1.6843244989672034e-05,0.00012239591105557793,0.0004392890913484696,0.00024992187220537765,0.00075851846827785,0.0005992375377740172,0.00014111970766964393,0.0003091006389734323,0.00024920890260861546,0.0002912067459362705,0.000895199494707734,0.0010731106771817219,0.0009163006045166943,0.0006936280738470973,0.0001674933683140977,0.0004968870535185583,4.534015324936239e-05,2.1667224964734295e-05,0.0011483680186130587,2.990279454154699e-05,4.009745792435185e-07,2.077483271007803e-06,2.3200142017347248e-05,9.290957589662708e-06,2.985286288773994e-07,0.00014079911555468972,0.002677854135227131,7.85638295718304e-05,0.005250580323001746,0.0011243012793494193,0.0017307130306492364,0.00107758471921336,8.501406139304476e-05,0.0003211492091621205,0.00043011106859954976,0.007175895550004213,0.008087752649545267,0.0001892571608177686,0.00330764212225635,0.00011843104537456701,1.8571667349937334e-05,0.0008080479990440725,0.008087752649545267,-0.0002742877975033747
r149 NH2 + NH2OH <=> HNOH + NH3,3.331153417317895e-05,2.7813046836877936e-05,2.0969520769462396e-05,2.0150984137117816e-05,2.9115303896661435e-05,7.033097417286621e-06,1.7697365913113086e-05,0.0010056513264060543,3.1276782890341467e-05,2.723970524116441e-05,0.00016999409849364106,5.4684972479591904e-05,9.726039268122346e-05,0.0005656506694442211,0.0008280339662431877,0.0005925809621277297,0.00032965963021699664,0.0005872712188003803,5.773371066028017e-05,1.7368993479459683e-05,0.0003252335641565616,0.00015984570950976183,7.375007577798899e-05,0.0005450490314450105,7.720483359419792e-05,1.3679449315765384e-05,0.0001847060347105464,0.0006588549301344215,6.71297360526093e-05,2.8537404185284015e-05,0.00011458896480279032,0.0008650584048439282,4.964418989706767e-05,5.163272407054592e-05,0.005115091811585598,6.388812643229525e-05,0.00013407484740254704,0.00012049001916098083,0.0005685526154351103,0.0006025630676762953,0.0001872551855506975,0.0009896090473354596,0.00017390194612697526,0.0004092364853477357,0.0002916765310203278,4.747898348085958e-05,0.0011379432517786556,9.472024201930869e-05,0.0008197801055928301,0.00069827578886265,0.0034043102219419607,0.00015619421773477706,0.0002309530859879352,0.00018942237661949985,0.0002905597473196695,0.0010265686862819656,0.00021225281819238097,0.001038915178151164,0.0006618397896768323,0.0008493448962521145,0.0003050922194258519,0.002610269142899179,2.3566349494699187e-05,0.0016123743977928687,0.0033248208012688013,0.0003967518620049679,0.00016254566554571364,0.0004681550292063736,0.00014781210489216593,0.00013574874306437236,0.0007224431427367632,4.721945473196873e-05,6.046024488151454e-05,0.001962309884564842,1.880609695745333e-05,0.0003491194609455052,0.0005444016281836671,0.00010536188767081849,0.0005986835963351386,0.00015946118314813705,1.964359457408603e-05,0.00023064202227460488,5.7867399055206285e-05,3.069062885963393e-05,0.0001451791068866425,0.0037167335283063083,2.6871561572337495e-05,0.005057519822495062,0.0002353709065862491,0.000546469827884369,0.00474775320353525,0.0021173649411773588,0.0038047720597989415,0.006012780097320072,0.0001411256105555908,9.603624705524894e-05,0.00034021860742130064,0.0012795014528001537,0.002488089216507527,0.0027787065932352198,0.0021521424452708975,0.002591123793312927,0.0030241991994919295,0.0013552220395580835,0.0008077090212409315,0.006012780097320072,-0.0001630883860117272
r218 H2NO + NO2 <=> HNO + HONO,2.8471757370364306e-08,1.4790363189190792e-07,2.0593719924796318e-07,2.105652689403643e-08,6.64756755250159e-08,9.852293886809995e-06,3.6953644872390024e-08,9.835408433072269e-08,2.4327758922816254e-08,4.021686438956762e-08,1.9326129155651017e-07,0.00021894069313051998,2.720874436672504e-06,0.00034015600177504803,0.0007857533092489205,0.0002629398053505115,0.00017820271259791148,9.542875437058854e-07,2.7119241567306127e-06,6.55871048838065e-07,0.0006299028492591036,0.0008043748605168234,0.000596038490347686,0.0013146014627793705,0.0008155188365711177,0.0015065927975260961,0.0019297193796013095,5.8581385430951356e-05,2.551808987301471e-06,5.001795136696974e-05,2.841577344103503e-05,5.275491853613917e-06,4.7219783550076163e-07,1.7350254342771154e-05,0.004818044279296642,1.4631456102044641e-05,1.287307244420374e-05,0.009016460871837599,0.00020210066852752783,0.000679494732045405,0.00029486857382484425,0.0018140440912609377,0.0006981311844583459,0.00018591800681269166,0.0014955004067264683,0.0003317013271248705,0.0001504927217557933,0.005479966345749145,0.0017823167661909244,0.0023778732269547575,0.000659303434438645,0.00040435876972821536,0.0009832874057761332,0.0011645000417781636,0.00010731019509836836,0.0015056805757951803,0.0006963876736446583,0.0006543624970951395,0.0007994465695634419,0.00036145246618422865,2.8144719662704026e-05,0.0006522554228886123,0.0014426631863908893,9.096277266565745e-05,7.357631459731683e-05,0.0004199895392960895,0.0002025409568320193,0.00011033677371409934,0.00010961819742809376,0.0005546472540674868,0.0013215756688082334,0.0008153256297781936,0.0002848551037777984,0.0017152936644011447,0.001055740257968384,9.635992167813552e-05,6.978826350281508e-05,0.00026632446143426885,0.000630990936710295,7.443175781063539e-06,1.485735611769636e-05,0.0009722165075963759,2.677797214349495e-06,3.046252981882717e-06,1.5026047574325992e-05,1.5762209331535622e-05,8.577085547430064e-07,6.133862509945307e-06,7.93826894853642e-05,0.00527473291808428,0.00029204909460807654,0.0066540152363380525,0.001698461661608508,0.000352029941867543,3.4795621329924676e-06,5.395863287285896e-06,1.4175493907557147e-05,0.0043736126421031465,0.0019577623693321864,0.0003809907915208026,9.141345652647532e-07,0.0032583050667299835,0.0017418174348123009,3.72951184581412e-07,0.0008011555716011229,0.009016460871837599,-0.00010945699197878604
r168 NNH + O <=> H + N2O,3.7623465123928197e-06,4.472995081829606e-06,2.320376890874601e-06,2.162409237316079e-06,4.51256212660467e-06,1.6227293403747017e-05,3.774359544355654e-06,3.824314352130796e-06,0.003877007345364082,3.930053159531348e-06,0.0012927821965580608,0.00022615318986340103,0.00041971911316939636,0.0006124547303170948,0.00041503905557019734,0.00021783106281506541,0.0008048948722079872,0.0004722594897101181,3.7564078198225806e-06,1.242191572949947e-06,0.0006282622485336934,0.00020264880023685976,0.0010045699666339613,0.00046327041181267457,0.0006923688020343476,0.0007556202826300217,0.0019229350495888926,0.000506907002960542,0.0013408577917485862,5.40579246014953e-06,2.801997275102381e-05,0.0005186414003116313,1.7176344044058497e-05,2.002397477820771e-05,0.0006128031660536636,5.977149189589408e-06,3.707055013505504e-05,5.06647988210777e-07,0.0007544622682302719,0.0006584283859184485,0.0004581462032979177,0.0005728289082540344,0.000289496815457069,0.0002648418699181873,3.3055139473636356e-05,8.732457146558298e-06,5.111585256515287e-05,0.002434522748634107,0.00015220847894791394,0.0003206284104463377,0.001544687591763476,0.0015688363873970802,0.0028660329650521984,0.0007340396587555721,0.0005554538679726112,0.0015550019486139312,0.00041120691341460313,0.0007787654970614652,0.00015643539172456036,0.00012898887365530104,0.001510908098713765,0.0013108498819364872,0.0009061163866809295,4.5595391245248716e-05,8.265644855108819e-05,0.0003566147247804096,0.00020311935014549705,0.0005375750424930542,1.5724731001718024e-05,0.00030066443433345225,0.001761937571502902,0.0004079861631071343,0.00020647741926369033,0.0002418775357652964,0.00011451979099482334,0.0006066713588485528,0.00047472651698298205,0.0003123110949722256,0.00023010515697142908,2.2542131493775577e-05,1.6587838589674202e-05,0.0008075679407303248,2.8888267096689544e-06,1.663402607363701e-05,3.5466471226985366e-05,2.0847441016811534e-07,3.046973530980463e-05,9.481625529351436e-07,2.220044454182141e-06,1.0420052686817465e-07,0.004080037545516206,0.004421462378020042,0.0013466370230556459,0.0053565959361307845,1.0300981028533513e-05,7.292516038180585e-06,0.0001152087164082019,0.004991435694865453,0.004547697785651898,0.006180265852197554,0.007206796016057508,0.00019864240403135193,0.0005866501290987167,6.975117756040686e-06,0.0007987228980682056,0.007206796016057508,-0.00030715732925803237
r117 2 NH2 <=> H2 + H2NN,0.00011522046430854437,4.96080556643587e-05,0.000138566020838962,2.2027871515733994e-05,8.031389632958411e-05,6.018266764502077e-05,9.039823912924642e-05,0.000970273154853651,0.003961715771254158,5.3869575968549366e-05,4.2930817324314196e-05,0.0006716657640275837,0.0003962418264160265,0.0006064381698360109,0.00048037281962642534,0.0006402254667267911,0.0009918577446721825,0.0007151918724414452,1.6160452061339908e-06,2.9903429384631774e-05,0.0002735400303527102,0.0005330046449229285,1.0854720393244146e-05,4.247248693569562e-05,0.00016559223432912064,0.000726859858725038,0.0005067455823477278,0.00033386547558473173,0.00010411477311951716,8.053453832590779e-05,0.00023038401354221036,0.0003162013321425047,0.00012026442469724066,0.00042471411688916444,0.004232950518592177,7.686737619470059e-05,0.00015219603732711555,3.3924285887916946e-05,0.0005611887181149371,0.0010152782455503655,4.9705440325030045e-05,5.362885919114134e-05,0.00023452000696086667,0.0003126086930006617,0.00011821817498512277,0.0007843467947366978,0.001254776573840895,0.000775248906357053,0.00043887924055197264,0.0012479250020450523,0.00278940622414949,0.0002700195523732142,0.0006125096308695691,0.0009971995390522011,0.00044668226607841,0.0004118302331506859,8.552407059617144e-05,0.0011706652993617444,5.4294314296018457e-05,0.00023803595366356456,0.00038640839852119297,0.0020867719666726723,0.0010684836415025016,0.0010159821576144637,0.0009752779383054725,0.0001828536768180839,0.0002601025360304333,0.00024552468724200593,9.642981257386541e-05,0.00023968158826721602,0.00033013154871359615,0.001282144326562876,0.00019654342664030637,0.0006784187057081279,0.0016717181386328986,0.00119709550341618,0.00015169465653282476,0.001064908962535876,0.0008225170707753266,0.00025221222545580244,0.00015183953970774545,0.003063672308938245,6.392994955378825e-05,7.124719797472246e-05,0.00011040994346015156,0.0001896589414726179,1.222325800058588e-05,3.270487443852441e-05,9.11153582780615e-05,0.000121635541177177,0.0012553139411481291,0.0024743734099591393,0.0002076841868282838,0.005087016728601663,0.00044908438328026954,7.01164430940494e-05,0.0005735821107203176,0.003198361402077782,0.002300379621930524,0.004863258893256028,0.002875431686409085,0.005252378198524407,0.0030726618612772357,0.0007463676339842564,0.0007975533292821575,0.005252378198524407,-0.00021213870991826188
r205 N2O + O <=> N2 + O2,7.46203841185264e-06,4.577204701401713e-06,1.9264665360221256e-06,1.9924471641788736e-06,6.660034899952683e-06,2.09338365525496e-05,1.1869395510358033e-05,4.302326362647255e-06,1.8913335209655803e-05,3.0520371060338376e-06,0.0013308771365410348,0.00036012278394542463,0.00010004669778709598,0.0006514864470907515,0.0001529365688663542,1.4870538296504407e-06,0.0010874484449567474,0.00022708544648841183,6.708702630090092e-06,9.85215892484317e-06,0.0005613857710826165,0.0003200303623122874,0.0010127219616586037,0.00036941393056884433,0.000934294274573614,0.0004027552648152906,0.0019211600628176913,5.0625553548204985e-05,7.671424856572176e-06,4.672935732430663e-05,4.625049115556407e-05,3.117729562018566e-05,4.604123172771332e-06,0.00030923027060851326,0.003920280734916409,3.8894018860306844e-06,1.1006671520961156e-05,7.790408137332633e-07,5.781695287165981e-05,0.00014472589075863326,0.0005760603084382984,0.0006535197707699966,0.0006200299596902867,0.0005141447210436974,0.00030385054263857496,0.001976582421975484,0.0014656320384941186,0.0012757420202283056,0.000965204893433492,0.0002257924690463258,0.0028380360076344963,0.0007207689182424567,0.002307177358912668,0.0008280589141846758,0.0015511255824091931,0.002098586023521188,0.0008397860170301962,0.0014572402806732026,0.0006996627715290987,0.00046926830809529375,0.0008071092118252753,0.002874040201159756,0.0015727759508416344,0.0010063377673460087,6.31665605768633e-05,0.00044059312841785835,0.000288887634407154,0.0006006337340533815,0.00042177033333570384,0.0003436667181943439,0.0011720269387694522,0.0009129247042398692,0.0008394095390331591,2.3593148759556532e-05,0.0008880753147805742,0.00021598083984768624,0.00015008296194612904,0.0003222491053791739,0.0003171917723348275,1.89469299470468e-05,3.1213093705182787e-06,0.0008383043748233511,8.954401024294505e-06,2.864882971276246e-06,1.223785290920639e-05,1.4023132371998656e-05,3.04785695207841e-06,2.40889030994912e-06,4.513342604420273e-05,0.005879664190461909,0.0035178717570588263,0.00046735724419063934,0.002548953808124263,0.0003342172271858387,3.31168515284029e-07,9.735909599854604e-06,1.1590573614144596e-05,0.004731775220924832,0.002890767439947422,0.0021758986006961737,0.007961703686764108,0.0006426624469326788,0.0005567247752691246,1.5454614348742817e-06,0.0007932011236642394,0.007961703686764108,-1.4696303983845531e-05
r54 N2O + NH <=> HNO + N2,2.3133263158009097e-05,9.301435796636989e-06,3.1552385682308e-06,3.3023552122970897e-06,2.1991719380756157e-05,0.00011886372563665427,5.92418900776557e-05,1.0823967437428507e-05,0.0037881140561842118,1.2797814215417282e-05,0.00123137899221205,1.053485385363606e-05,0.00048793128171057266,0.0008922176499590114,0.0006509890123837654,0.00022301854518953605,0.0004509555443558625,0.00040905725882082604,4.9359928493759425e-06,3.2059863006485216e-05,0.0005484027167384354,0.00029459848681484936,0.0007050373865169516,0.0002125082265801996,2.2869310387914292e-05,0.0012476341785108086,0.0002392049372324058,0.0009509897338160545,4.370966854649132e-05,0.00013632551454847183,0.000943710110815147,0.0001666348384578337,1.2908278857311077e-05,0.00029845778738524546,0.0012759983033032599,5.8920486712279907e-05,0.00011144287016419169,3.252947789754767e-05,0.00010008597200025351,0.0001380978021403094,0.0003516223643363715,0.00013189994885810615,0.00029915564315381466,0.00014955687091449752,0.0015426132599579074,0.0023227973055241808,0.0009694636917626589,0.000826080380681823,0.0011388599309589274,0.0017455941091596967,0.0015151901943151877,0.00017843568074746123,0.0006418317691847375,0.0009859711054214545,0.0005164612862362331,0.0021246050769707864,0.0009307360638458377,0.0010843008639666025,0.0002545526139469503,0.0015071890687153107,0.0007860775286541653,0.0008186921481088447,0.0018816304053553717,7.10409997037079e-05,0.0005578390408762824,0.00017552324713148026,2.6598723040260983e-05,0.0009679251729724458,0.00016613045032308848,0.0005051819741688466,0.0007000007487120058,0.0007056640885297413,0.0003414274572032067,0.0004885917344745276,0.0007025658274221529,0.00013009605670052468,0.0007410433704047145,0.000920386416354779,0.00048302724912005176,0.00014969564100243763,4.626037983973623e-05,0.0012732294974656469,7.912849583713027e-05,8.130799272499641e-06,1.8151389008079617e-05,1.2676990322055826e-05,5.8344300692204266e-05,7.119360571391012e-05,9.87625880060929e-05,0.005837234994250865,0.0024066399448972567,0.001899754589789618,0.0009280936334786941,0.0007356760085810197,0.001426534033104652,1.8297334750764764e-05,0.00011470728985379015,0.007526610436728683,0.002983671597655885,0.002129669501899911,0.006626573966021206,9.0301537794041e-05,0.001274693366713809,2.23728839367079e-05,0.0007904484155958252,0.007526610436728683,0.0001515403109348151
r71 HONO + NH2 <=> NH3 + NO2,8.574075927821079e-07,4.594589951677629e-07,2.2574563697977248e-07,2.5273421224483076e-08,2.667923401026348e-07,1.2004442093425602e-06,3.734913589172297e-07,5.929242467851556e-07,5.583945016989304e-07,4.09029750509036e-07,1.938651164170444e-07,1.511222207457593e-05,4.0864954797519186e-05,0.0009615990638406197,0.0004241001219586792,0.00012460711003380048,0.00028445071670414433,0.00010084243536123264,2.2192555139860824e-07,3.999881239398263e-06,0.0006022727173253406,3.8136227812172286e-05,0.00016371033351742645,0.001089592548075703,0.0001872963039713536,5.9113963416423815e-05,0.00028522123639909154,9.559355732011609e-05,3.0977748497161385e-05,8.866641530679488e-05,4.494299162479157e-05,2.1145136533196077e-05,8.62666048265115e-07,0.0003119376198247129,0.003466550834966384,5.7512151783491314e-05,1.8264920602929643e-05,1.4317987466968639e-06,8.61500519797488e-05,3.7202755040870464e-05,0.00043585075202530466,0.0008529771319533834,0.00035672338142196165,0.0009101210266565384,0.00028083229326132875,0.0008877977845520202,0.001243077119433774,0.0022914883320074024,5.950168493472018e-05,0.0009108389674728044,0.0028401389312412437,0.00023490007674676329,0.0013963917775532558,0.0009137547093029437,0.0019766145460148403,0.0010069227540296147,0.0008993034361536729,0.0009056985321779345,0.0010820876873236926,0.0008982551050026261,0.0005510850205569906,0.0018320369719627676,8.714613818628012e-05,0.00032273873955105585,0.0007719159918676303,0.00041039591126091013,6.260179456835124e-05,5.572461014983019e-05,0.00089136930883978,0.00036082904430709294,0.0015375841607298745,0.0003017300582898424,0.00019166323704068012,0.000987249168835892,0.0005048206842582703,0.000260732281480402,0.00016994330284097147,0.0013838734519683363,0.0008442922830888141,8.596209645004714e-05,1.4269641804570869e-05,0.0002320338738156501,3.59816227625776e-06,4.530521396908754e-06,1.3726610889432409e-05,6.802202398819043e-06,4.4939052690063975e-06,7.268921705335325e-06,0.0001578787549448225,0.005484461984843782,0.001409953137044033,0.003021480140896821,0.00019980486518451714,0.00036699637533899705,0.0003109368290983779,1.7143402239062755e-05,5.474915555165678e-05,0.011020334374151215,0.004608867630993497,0.004314044844785192,0.005087921279756118,0.0006963631526575689,0.001803428178457676,0.002570729888518825,0.0007890031861254016,0.011020334374151215,-0.00016851235592488806
r169 NNH + O <=> NH + NO,0.0007160814560655325,8.466696657686952e-05,0.00012088033466955308,3.9990447601903365e-05,0.0001709277368182661,2.5354137176981832e-05,0.0016587103717301893,0.0001161366570937023,0.0038390474479407773,6.309117371853571e-05,2.5042701687345894e-05,0.0009032952223363061,0.0003471128892610717,0.00074089478573561,0.0008810348870966034,0.0002738891773212269,0.0007257306980858203,0.00012950028450371193,0.00016394550577465109,0.00016130952285155437,0.0004996298157209104,8.660095732894881e-05,0.001236727076113762,8.927141128943002e-05,0.0008954567845991255,0.0008984497683370046,0.0020978499286403583,0.00039086806921751746,0.00027115256737838595,0.00018312538357683278,7.375809705690179e-05,0.0005573927138281536,0.0003596248568995192,0.00036894509284166494,0.0013839126068520393,6.581889842104063e-05,0.00038856091031259254,4.586720690626204e-05,0.0004323463909474555,6.749244875330017e-05,0.00033772071235876086,0.0002773243338726162,0.00011540543830189936,3.329565788222538e-05,0.0012730872661409738,0.0001117388454846915,0.0014412991631845128,0.0015919074575387192,0.0013989199203290033,0.0010938644663599786,0.0023714507213217274,0.0005137663523957048,0.001504730661150243,0.001397149695561689,0.0005616168389258063,0.0009904289062693087,0.0004298019019179263,0.00023743398455502743,0.0005341429638721983,0.0002824739546636155,0.0007094920422452743,0.00011770721103220415,0.0013892039837667895,0.0007750497297358946,0.0010348577485010894,0.0003607364587359819,1.5294086392294566e-05,0.0006621706222736678,0.0007696946396570573,2.481194631800802e-05,0.000751631974622649,0.0010836765471546688,0.001201242043977935,6.544723645419597e-05,0.0010220715144274278,9.613648554282586e-05,0.00039544657326649805,0.0004719303231230878,0.0003544882594570029,0.0032550509647424545,9.665987981925919e-05,8.705580451938766e-05,0.00018804423933911865,0.00020978857408466374,0.0002908118086110621,0.003973969744159499,4.6351383062067625e-05,0.005136085681557384,0.00018839909906475362,0.0036784144514444552,0.001769258859183025,0.0037949150003548744,0.001958923332958443,0.0002800297995164768,0.00014336033538292245,0.00013603488870104336,0.0004600273543546959,0.002995540113221508,0.0014643140898225812,9.00539504994676e-05,0.0005784600672987596,0.00012414063216476437,0.0013461276522236452,2.4707166150359427e-05,0.000785525643558416,0.005136085681557384,-0.00022559602294810007
r207 N2O + NO <=> N2 + NO2,2.6406475007452415e-07,1.029922648926365e-07,1.1235741965126961e-07,7.936157129969026e-08,4.764003180744029e-09,6.22318055280878e-07,1.2043626679102442e-07,1.282164627530326e-07,4.786355544432914e-07,1.2071211665241302e-07,1.0459772728483356e-06,0.0003873576440593283,0.00023515696543126465,0.0005843713913596493,0.0008029573251243589,0.00013243772051853408,0.000984710748040604,0.000373300555280905,1.8055715311349153e-06,1.460589530324047e-08,0.0006677652320244493,0.0003741901077443408,0.0003979244399807192,0.0008349557615475605,0.0011415880088806016,0.0010848971814982774,0.001954216631806307,9.123017756045865e-05,6.698996935855905e-07,7.402881321372416e-05,1.1060139452103445e-05,3.1677658546862335e-06,2.3557414745774771e-07,4.366442389450275e-05,0.005111859655716354,1.6377570610940984e-06,6.513776528109083e-06,7.358254376344897e-07,0.00043755899036629624,0.0006316294880127707,0.0006149445420980349,0.0008201396925318117,2.1999391487713792e-05,0.0008111445548026969,0.0002631728935647227,8.092455992607932e-07,0.0008959170115230517,0.0015180625106118479,0.001090471217755432,0.0026151947827060215,0.00023264314011769548,0.0006181486268812136,0.0026775000362758983,0.00020904239525730716,0.002772801011408305,0.0019061237221655513,0.0007840936455168996,0.001040905961136634,0.00043565912381769164,0.00027373234230092795,8.911616732634782e-05,0.002168322480033427,0.0013451229284118951,0.00035876598345334967,2.8595206030080166e-05,0.00019910155705631595,7.570139597376682e-05,3.688472557432192e-05,7.488197910756654e-05,0.00022826722864817517,0.0009694028621140965,0.000475760790262228,0.0004363195222860624,0.001424186085987422,0.0012081938438828009,0.00010247876094476487,0.0004832563673296964,0.000763350019248579,0.0008155165608357467,1.4485350044680307e-06,6.033261926852664e-07,0.0009124652294778393,2.277905044504091e-06,3.3517764278755203e-06,2.440372477626229e-06,1.555313454564028e-05,1.85347474234124e-06,6.050588954324855e-06,0.00041180011000423004,0.0045823688866895125,0.004816391636782988,0.00283983253975454,0.0025505523252945636,0.00035985209176620756,5.765871642694156e-06,2.692215082661522e-06,1.4463697464854502e-05,0.0025419965549790813,0.0037626985824395017,9.74343398755175e-05,0.007343499142011464,0.0030601606347810087,0.0009294171837806224,4.693266698548095e-06,0.0007839434206478908,0.007343499142011464,-1.956315796136451e-05
r26 2 HO2 <=> O2 + 2 OH,8.004822926379247e-06,6.873351596506782e-06,9.924800165779003e-07,1.8082346280805953e-06,1.1608112841470134e-06,1.7118176145751682e-05,3.344928062876787e-06,5.2201283238411365e-06,0.0018653633206060212,3.0025946889194463e-06,5.802237472927214e-06,7.536034359046511e-06,0.00041873757538226546,0.0005696331678784512,0.00014477202519835226,0.00012065262781710316,0.0002813550566297026,0.0008592581637230571,3.717701941272519e-07,5.087183348001685e-06,0.0005389080272892165,0.0005888589653117938,0.0007763497640444921,3.155282156401751e-05,5.658945814893143e-05,0.0009476016587383049,0.001390996637166944,2.4730837381055855e-05,1.5402528209941348e-05,7.146358157274853e-05,7.40367486905818e-07,0.000495001901012829,8.209392223654933e-06,4.2309672004598265e-06,0.004767759887868853,8.64571515341551e-06,2.0917419112662035e-08,0.006490155092011748,0.00023151875463481975,3.7578276671045664e-05,0.00028167753278447277,0.00021206130801630508,0.001338284231570388,0.0005790574786478428,0.0011304613806131195,1.7678819334652162e-06,0.00025462810450520615,0.00011409812097717067,0.0007930447526046264,0.0007005683531540861,0.0009371085388871951,0.0013371819360776054,0.0018146554875421966,0.0002537499513240461,0.0016039863674148197,0.001423500356224806,0.0004530681445431512,0.0010591092213189763,0.0007765024057163948,0.0006887941952298698,0.0005375757905122737,0.0015833660764867877,0.0011696158955176665,8.521835582206368e-05,0.0010962409195273961,0.0003247664111820486,0.00042110766077647465,0.0005928578415130024,7.384639486368808e-05,0.0003176665829827968,0.0008426050995190981,0.0002359829141138149,0.0006464116987751722,0.0005736454844625444,0.0014823873019727415,0.001048920421968464,0.00017049541413356278,0.0006188493866228106,0.0001341158980656356,7.11815902198205e-05,7.320182036347783e-06,0.00024235155953181945,5.8139520166232124e-08,1.1709567362420575e-05,1.4354089662269773e-05,1.7439580039180017e-05,4.4915159061322855e-05,4.894456921331393e-06,9.78464630854302e-05,0.005541684751304746,0.0002989978922577036,0.0007047405380771287,0.0009244066461729922,0.0016563928800130672,4.650467626704284e-06,0.00012166566836542931,3.573035608929755e-05,0.005749634460352522,0.0022944019746538595,0.0008089196687993738,0.005680751437345239,0.0018773427798396203,0.0013099005240300712,0.0053135147472101445,0.0007822711261430213,0.006490155092011748,1.0488967224659794e-05
r204 N2O + O <=> 2 NO,8.036825439767803e-06,5.608514971634862e-06,3.168594045004703e-06,2.803559639462896e-06,9.074315914328133e-06,2.4465263143143777e-05,1.8884744960411285e-05,7.895996449705188e-06,0.0038744282221174716,6.600751815442641e-06,0.0013088303979729985,0.0006069605832160703,0.0006842684053583122,0.000580633709327989,0.0007883534934037508,0.00025331769447672014,0.00019227563046229326,0.0005511101839062678,9.811860303573106e-06,1.254908403725017e-05,0.00032697547200889184,0.00020049529288858572,6.80863384343036e-05,0.0002958614543592532,0.0003884812048747045,0.0007420845607884936,0.001906047898152511,0.0001225553711685275,1.011886486501463e-05,5.013224624947357e-05,2.6629632461506356e-05,4.1185839546263855e-05,6.531738543891426e-06,2.308773519639e-05,0.004889829735719508,7.235649444704574e-06,1.9065193093996685e-05,5.430843691542542e-06,0.00018545675748776725,0.0006509246025326295,0.0005790204458710803,0.00012302716188211335,0.0007771724486965402,0.0005888199870071093,9.35597686812253e-05,1.0778422313860009e-05,0.0017514826058367447,0.0017596291834129846,0.0029856228696422947,0.0005671682337357035,0.003656890300853327,0.0010107140507958322,0.001566742819620135,0.0005251405731963512,0.00022339648413135003,0.001790593132698864,0.0001324182001014209,0.00036261580443630104,0.0008080491319964828,0.00041813103208429683,0.0006263260273025063,0.0015186736578701125,0.0012197752532083132,1.9818473920389608e-06,2.5539607049718365e-05,0.0004702055807654137,0.00011056925187027372,0.0004952561385634946,8.94217287503126e-05,0.0005902536397141174,0.0002935179600064203,0.00013742633529634484,0.00029433140627329387,0.0006503771131426261,0.0009442017818681981,0.0015235815348208876,0.0007670721278173336,0.0006509312857914306,0.0008306213466691997,4.3709733956390325e-06,4.32250283566411e-06,0.0008334352939323873,7.851093220240278e-06,1.7999344655349925e-06,9.90894365480697e-06,1.1448553557685126e-05,2.923539537424444e-05,9.854917403515268e-07,6.16638355763659e-05,0.0022920413914064835,0.00391908160343155,0.001936998558689103,0.004044688318913227,0.0003395623835711784,1.955579337735825e-06,1.5403894234872343e-05,1.4466060594988469e-05,0.0022753997750422695,0.0014090198775016532,0.0032847237841141935,0.009345590499930003,0.00017791580618854437,0.0006332059449342642,1.2565097928558077e-06,0.0007744486783564561,0.009345590499930003,-0.0001257016415007812
r93 N2H4 + NH <=> N2H3 + NH2,7.868315189121251e-08,5.928474365644653e-08,1.0694159425736609e-07,3.397750918372209e-08,4.0358835108490595e-08,1.2366229026144565e-07,5.421022792213776e-08,1.9694987715347678e-08,8.276968970774705e-08,9.907882904180557e-08,4.4271931549534745e-07,0.00030555960280683825,7.809451523394072e-05,0.0008178927112368465,0.0005466148236229734,0.0006133938913135969,0.0003930506374762336,0.0002139966033037687,3.4242337773366687e-06,3.9334297470227606e-08,0.0006511121199973403,0.0006091215756258653,0.0003978048522912844,0.0008183308349260437,0.0008320864641643171,0.0006463933324277358,0.0019465250253436915,0.00048318190710505487,3.990822435437507e-06,5.736216900862472e-05,2.949617197512958e-05,1.20190259207475e-05,8.916427059609784e-07,1.1566773730045553e-05,0.004383748775626012,1.7498449005738044e-05,6.910630272204627e-06,7.976982438505805e-07,0.000239884422562447,0.0005774449071871203,0.00042426687601759545,0.0004005771442861311,0.0011081189330344522,0.0010683717897129541,0.001628252317258395,4.1771284918438775e-07,0.0009085081947218902,0.001422396487670332,0.0035446827266685287,0.00034146065161686705,0.0015963286661434455,0.00023333070751073898,0.000668058662773814,0.0006261340681849106,0.002444532601889898,0.0006184888525590219,0.00024496103093619797,0.0013623159194468717,3.73052309102295e-06,0.000792767874226112,0.0001977249419583029,0.0018839570514027281,0.0006263603558466645,9.178858789335582e-06,0.00010009598838867491,0.00021363962965448757,0.0002663158560940631,0.0004361419436051292,0.0005112348881442007,0.0007867512144276106,1.0872293616630697e-05,0.0003364709422086727,0.0007748566958166683,0.0016220660876500013,0.0017549800893393195,0.00032089288619843986,0.00041358430905379914,0.00074415453788634,0.0003286266018732961,0.0001214823654151847,8.044411797918305e-06,0.0009348310211639541,1.8812927549576665e-06,2.72000040915792e-07,1.4415622344814431e-05,2.5141145573197418e-06,2.9924909631125557e-05,5.092013077821942e-06,8.297716509636592e-05,0.005425630051134994,0.0008236527402078044,0.0010243239699677653,0.0072097249460528505,0.006795836257815114,3.4347050463309262e-06,1.0802619218870634e-05,5.655835813731208e-06,0.00541954554084115,0.001670904656916675,0.0036399045374221175,0.0001738190711727011,0.00022715686031052907,0.0010739179606669988,3.886466605436818e-06,0.0007710058979079237,0.0072097249460528505,-0.0002639525242625105
r221 H + HONO <=> H2O + NO,2.483804737422168e-07,8.84837480867497e-08,1.0344847880173966e-07,1.3891232671880433e-08,4.266839409337154e-08,4.843826543377037e-07,4.4743562991657205e-08,6.374204091664783e-08,1.141470466777026e-07,4.5312072845506e-08,5.363455383912576e-07,0.00044358933713311964,6.212603688592081e-05,0.0006623715745182167,0.0006738478739232566,0.0005085245962377173,6.921189935779302e-05,0.0005404512698081862,1.9158921771153697e-05,1.6165683649733055e-08,0.0006529091864189532,0.00012057771408486584,0.0009118313435399276,0.0008375827602430492,0.0003920867845553058,0.0009762874688079091,0.0019225255739266755,0.00023590104694824608,0.001335341880848017,5.9277438800423394e-05,1.8959727116301342e-05,1.4072121764429889e-05,9.007855380555842e-07,4.074535400388447e-05,0.0009253342782077522,1.4946355759075023e-05,1.4961666303533067e-05,1.8145631832900193e-06,0.0004622736708916186,8.963579358577558e-05,0.0004834401705618549,5.711979418858443e-05,0.0003519270765050352,0.0011292869775700765,0.0002587141128175836,0.00034134562028155643,0.0003416235055974783,0.00033183074872198575,0.0002418386805297491,0.00056405099932026,0.003586728907894889,0.00041711953500960067,0.0027160680494600744,6.568893561782628e-05,0.0011262390928956207,0.0010108597380472915,0.0008648880046487736,0.0013898202644517803,0.0007410482122597418,0.0008221953602687717,0.00021307602186408683,0.0007946432851316927,0.00013316459562515335,8.765642132567016e-05,7.572517873501488e-06,5.2223408500025254e-05,0.00013688660384344822,0.0005105953673197568,0.0003024522624070951,0.0005930913808228371,0.0017990693813913507,0.0009923204152804104,0.0002063653112646511,0.0007421148688603119,0.0014025545577017093,0.0014427135218367444,0.0010508251136783406,0.0002629064974761062,8.60656388831626e-05,1.4882046780919046e-06,1.6166298038898936e-06,0.0010842171561401524,1.246304042979382e-06,3.19537981268132e-06,1.91373452740572e-06,1.7506470671124548e-06,4.1323132459011904e-06,7.291611080274529e-06,0.00012513438832882783,0.00425865476047113,0.005009902971215697,0.0007969598996565494,0.002550422417911862,0.00035179140973906365,4.4622596144127234e-06,1.971678880361916e-05,9.060098155990058e-06,0.008876597276908291,0.0014820256080511135,0.0058012980461208,0.007901133897435577,4.104997321122545e-05,0.0014502485902515726,8.129757148882255e-06,0.0007640444213100708,0.008876597276908291,-0.00010279430144609097
r111 N2H3 + NH2 <=> N2H2 + NH3,9.732301391228516e-07,2.228373150655442e-07,2.4049373452288117e-08,7.314823971317177e-08,8.108536295910719e-07,1.3546379938995303e-06,5.388599770820921e-07,3.8941286334879573e-07,6.976063271377833e-07,3.9801477311316287e-07,4.618137531777136e-07,0.0003507904128137211,0.00026111697545866494,0.0006896444535312406,4.707605482301827e-05,0.00046573904298792513,0.0005808224738487139,0.0005044676227740223,2.6148338996563325e-05,1.3271717323715054e-06,0.0005957452061613975,0.0002465908749825403,0.0006743447871162484,0.00021720487449845968,0.0007949961058264845,0.0006654864026452343,0.0019079622740809075,0.0004985141811140211,0.0013339555797782063,8.56410334651001e-05,2.645583979496642e-06,2.9240773090476264e-06,9.258420087898937e-08,2.5518726716054147e-05,0.00014589505564158053,1.3814424875533254e-06,4.3817773254567906e-07,3.588976880472249e-06,9.077738470682194e-05,0.00011410970283399573,0.0001266995692414115,0.00041380543941526486,1.6453899367546426e-05,0.0011817644787361131,0.001560234020954865,1.5745533960848158e-06,0.0003504153247848972,0.0024842853007216903,0.005935679036801871,0.0006821360948803385,0.003258731259170001,0.001355594428650054,0.002044348007015351,0.0005332551080207264,0.0011938067057850798,0.00037320458196659744,0.0008483811579273849,8.675333878298726e-05,0.0003454236203296022,0.0012767218950577926,0.0006702966570193777,0.0014691473849108678,6.715768000418251e-05,6.336510250095629e-06,6.535402030197595e-05,9.364061280445288e-05,0.0006307777472599293,0.0007824706074302961,1.349265297287589e-05,5.270430757185651e-05,0.00010480226978886123,0.0007707579709834711,0.00015285140969954338,0.0008052858958488289,0.001680240232786593,3.30095690474697e-05,0.0005229590157132527,0.0008883273169538766,0.00017894244884356425,5.196097742524136e-05,5.267732870146977e-06,0.0008942623734999157,6.8720636541846095e-06,4.113626859732047e-06,1.3380476857720058e-05,4.324872342146338e-06,1.4854906463332376e-05,9.690627040217298e-06,4.774021855695782e-05,0.001221478047003316,0.0006624357843552227,0.004441382633299347,0.003994050839623471,0.0004308507181788548,1.7633478428339028e-05,4.2968126166546536e-05,6.53172378643835e-05,0.008350814103797637,0.00405922061691401,0.0019204032456477547,0.00776712060486096,9.348251598779829e-05,0.0017488082589651095,2.4665916858756674e-05,0.0007624212709444819,0.008350814103797637,-0.00014634823343332806
r87 low 2 NH2 (+M) <=> N2H4 (+M),8.754194436850502e-06,2.7042528354699955e-06,1.755068040069497e-06,1.5875790474378567e-06,7.570315352475486e-07,4.227060273981148e-07,1.8901111798623544e-06,1.0120800278227107e-06,5.667637035559515e-05,7.483454130131841e-05,1.2619770938061426e-06,0.00029006999136895015,0.00018699017508412802,0.0009649864751668023,0.0007429909733978058,0.0006513048517334244,0.0005751657445148873,0.0003373334410567331,0.00010163705256645105,2.227374930438932e-07,0.0004744903321879691,0.0001610824950907889,8.441200801202803e-05,0.0003759732696553784,3.2618129552426944e-05,0.00047814411815332687,0.001099515277488001,0.0004238973427016743,5.199689279762126e-05,5.355063343422215e-06,0.0001341565595080633,0.0004414153501005406,2.4369930742469747e-06,1.4350277152185872e-05,0.004276000003794207,8.04661321191451e-07,4.533962291825961e-05,9.385379933181409e-09,0.00033536248912266925,0.0005686340035814573,8.658618876812675e-05,0.0004480546820280461,0.0009510087627439904,0.00010342115879906396,0.0014977383434003893,0.0009284417286344259,0.0009606736824564143,4.9346972811829354e-05,0.0008092808246715296,0.0018602483202125966,0.0008443826440115604,0.001129931504620311,0.002334412387581172,0.00011202639238074128,0.0022933362697308375,0.002580490628928878,0.0002100258774912841,0.0007637797922875462,0.0007287059037386636,0.0014912633315070775,0.001661550121022651,0.00023663466838122976,0.0009526233145988651,2.0760326974965893e-05,0.0002658883627785027,3.679767633597054e-05,0.00035014153116414413,7.594174542934412e-05,0.00043339221665735693,0.00035591126208381585,5.906444262981056e-05,0.0011316780624459515,0.0009286054243830798,4.509926140963849e-05,0.0013676512767733316,0.0003095903491052934,0.0002572029206912489,0.001276781366843552,2.1604185729237174e-05,0.005072239912762155,0.0013804784467046478,0.0007627477600058567,3.8664845516462435e-06,6.693662638677865e-06,1.3840339195585964e-05,1.8346899674609175e-05,0.00012900845709691168,1.694445150362062e-06,0.00017291256673438363,0.003872765225077599,0.0004987823257697606,0.0026836191137214185,0.001993705887155671,0.00036936527417204924,4.4494400354963745e-05,3.123709086123277e-05,0.0001598994414985672,0.00015211794861732242,0.0011696546369399478,0.00871615646293349,0.004297473834271517,7.283680174592318e-05,0.0027381903647970066,0.0018510742731360583,0.0007614579576635417,0.00871615646293349,-3.963567109369154e-05
r185 H + HON <=> H + HNO,5.0690770283774594e-09,6.177140803693348e-07,8.510210223926066e-08,6.582549499021928e-08,4.6889032299271346e-08,4.564298191934742e-06,1.434920510881862e-07,4.33511560233308e-08,8.458550409672653e-08,3.4290050872083934e-08,1.610986763013737e-07,0.0005447288109493273,9.278248426198839e-05,0.0006784930055762731,0.0008970798384146131,1.5652287908902098e-05,0.0012192001713279242,0.00028154364002109025,1.4983038188220742e-05,1.2230037881703244e-07,0.0006570391160116408,0.0005105727582459513,0.00025607518616630425,8.847552796838547e-06,0.0017785096936080971,0.00019390725822702052,0.00020931682494985317,5.5547539159765284e-05,2.8324681607249138e-06,2.4302775031348786e-05,5.068636662074724e-05,5.8698702048799455e-06,5.558959146948349e-07,0.00031587968651145183,0.0008618796772966927,2.0741764438983468e-05,1.7294718204564245e-06,6.140404318396418e-07,0.0005079795799558802,2.8409990392641608e-05,8.620290909357262e-05,0.0004562221344606843,0.0001070235999160925,0.0005123843783367407,0.0004880280019220334,1.4613190866124055e-06,0.0009336170962266743,0.0016866265118472942,0.007102374766404231,0.002459872313404342,0.0009282674403518896,0.0011836824353588047,2.1811694790922036e-05,0.0006586540761648847,0.0003269719009080428,0.002294113663508268,0.0009247160520133938,0.0005519802999018881,0.0002650939468016804,0.00013689625385182794,0.00035002822780605484,0.0003364974969024676,0.001138718632956258,3.223233669762033e-05,8.590196402428857e-05,0.0001519841680476246,0.00028415309619341515,0.0008515788936534383,3.859403601637568e-05,0.000543423249458393,0.0004108955236186189,0.0005356855849572767,0.0010393303965328632,0.0006980870686534083,0.0008732559062176728,0.00024091012111564187,0.0007213431530461821,0.00024719903853001206,0.0005348419795735244,7.452815105350735e-06,8.143394317417666e-06,0.0010080324511125471,5.150801889109239e-07,5.761966391815875e-06,9.488167040321926e-06,1.0135610290127369e-05,2.447642769216066e-06,6.82912848525953e-06,2.68464602756957e-05,0.0057683832231857,0.0059058335542004625,0.0015058237646013253,0.0014563180879581736,0.004631434727484015,1.591504680313352e-07,1.2391910383024104e-05,5.0554648629413856e-05,0.008318625543015379,0.005234074751699174,0.00038979639042872487,0.004315088128738083,0.0001711790688221643,0.0007437759989982853,1.7462889345997777e-06,0.000760319561829466,0.008318625543015379,-0.0002051489477104156
r235 low NO2 + O (+M) <=> NO3 (+M),1.51444834348604e-07,1.569992551822173e-07,1.5883062624023455e-07,2.1607371231967962e-08,2.1893586760472673e-08,5.448961954498114e-06,6.764875591909017e-08,1.605466503666025e-08,3.694834964985986e-08,1.223793203423572e-07,8.460861819544281e-07,8.308059406430924e-05,0.0002985040771052982,0.0007083823564970498,0.0011339890709221557,0.00016383511845308895,3.1738790853395135e-05,0.00045000731303571014,1.7189376069954505e-06,3.958320733580387e-08,0.0005383191648010539,0.0003386797446368912,0.00019375013461164035,0.00016262745620468136,0.001011291618059983,0.000653169563680812,0.0019284804182608133,0.00024224241257686234,2.0354657598594662e-07,5.533777940035928e-05,9.773899392893851e-06,1.3241927208787228e-05,1.6277877983245474e-07,1.7177497439482148e-05,0.0034828535257268207,9.06010256347121e-07,2.9209385853592186e-06,7.69743901212013e-07,0.000433632636279222,0.0006281174844356793,0.0009048582500755531,0.000324391012273035,9.780525027307686e-05,0.0002561349468007874,0.0002018557223359734,6.22168255214763e-07,0.0006343194042816746,0.0028627621864472587,0.0004931479647187079,0.002711897221191341,0.000918382088636386,0.00033595760093944963,0.0001476536941963515,0.0016102723951840366,0.0006839758288957621,0.002277966554318982,0.0002732910126724336,0.0006131218357123873,0.0005240250724399158,0.0014511943007497663,0.00031532090036255384,0.0012693683898161985,0.001589073819068159,2.5340752303718383e-05,5.846759484672541e-05,0.00011619380070480701,0.00016342331777830296,0.00030190114211152256,0.000553686781626324,7.324792264029508e-05,0.0014623804566419815,0.0003518735633326823,0.0010045272132515111,0.0005751452885360032,0.0007479715498405145,0.0002837628811948394,0.0003486532533892227,0.0017825415189447866,0.0004229821195545457,7.98955664681261e-06,2.1356406431686687e-05,0.0009744259271979034,1.8861834764056494e-06,4.966802303987452e-06,1.692057793676002e-05,1.0493275212981788e-05,7.2213067728735165e-06,6.765571435418461e-06,0.0002694150975489913,0.0014264500778478195,0.0038867909431508814,0.0017471619190901207,0.00659787512014342,0.008388167785416657,1.54264386491775e-06,4.658981945630703e-06,5.686394829363196e-05,0.0008745202132111234,0.0030191058052836126,0.0037667926382688966,0.0023687296455996215,0.0033195098833335383,0.00083527500795312,1.9820882281908017e-05,0.0007595789034081993,0.008388167785416657,-0.0001834199318519143
r129 H2NO + M <=> HNOH + M,3.4788609197295673e-06,1.3621794824058835e-05,0.00021810978472485136,0.00021927429598094485,1.4843737815356037e-05,0.0008851812481954721,0.0012431059407760725,9.34391295899358e-05,1.6329217623488856e-05,2.9415745147617826e-05,0.00017029603295867527,0.00019623128099071951,0.0002180968959195259,0.00023673523963456213,0.0003911742937169873,0.0002530199214347654,0.0006348977189838036,0.00026502229012743863,2.7200099853667614e-06,5.0905428184652016e-05,0.0006916059359789097,0.00043328848769664277,0.0006257314938678619,0.00038890539236379287,7.49046188070603e-05,0.0006145617523282764,0.001137642593642326,0.0003105103700525506,0.0010172289982915792,4.043279946226167e-05,2.034903860440915e-05,0.0005291941020298604,0.00014952209526276545,0.00033783558523846287,0.004716856293717302,5.312114857832242e-05,0.0007130457498170883,0.008639841057855525,0.0005233753476818801,0.00045609498698594256,7.944288693574497e-05,0.00042116745426102416,0.00021388866522629568,0.00018806046982390852,0.0005494237804549397,0.0007647482824370853,0.0007736947423186615,0.002545918139812492,0.002498392189338961,0.00187747999697283,0.0024725697965058842,0.000517829461709184,0.0008159936718344581,0.0003026366658007106,0.001101347881864994,0.0019878833522453216,0.000611563940392185,2.985406334268639e-05,0.0005240901911313668,0.0008697450071877166,0.0005992999448601075,0.002598246109919596,0.0018885346831165157,0.0009579817186399742,0.0041172117618285915,0.000140563079187288,0.00010723283180503593,0.0003029131830552667,5.286346624972662e-05,8.115406276094464e-05,3.796891714190802e-05,0.00030180018206542433,2.413676582936645e-05,0.0005534921543538648,0.0007216258397358456,0.0015633917655860194,4.847615508331994e-05,0.00048553557052525745,0.0007361580214303154,6.386375024109288e-05,5.818414660312723e-06,0.00022197845153774354,1.2009161432649926e-06,1.015144050781734e-05,4.195535757613438e-05,8.93362606819607e-07,0.00016866024169377911,0.00048456059564477795,0.00015010229026475396,0.0025950184718597016,0.0008646211861476391,0.0017989665344724272,0.0031191177214335785,0.0003746537099808099,0.0001022921116781804,0.00012153851528801094,2.950561076652305e-05,0.003309975206015755,0.0016090225823982252,0.00019512483725998278,0.0014404895220116027,8.811866292466525e-05,0.0007387884421689828,4.6191758440519703e-05,0.0007565083967527957,0.008639841057855525,-1.9824010503684062e-05
r181 HNO + NO <=> N2O + OH,3.516394225440833e-08,4.476536190032282e-07,3.168385470128304e-07,1.5909934019874038e-07,2.736964471658794e-07,4.3824887536624566e-07,8.921613163665837e-08,3.341161336600464e-07,3.113241795559807e-07,3.561734609725752e-08,0.0013483542703641295,0.00042996972002022404,0.00021587781726771708,8.348094164290763e-05,0.0005329200448048169,0.0005448984915603645,4.9309179171007713e-05,0.00036278266888062105,1.94596609772586e-06,5.825164844507507e-08,0.00032241481830957687,0.00038459167812590335,0.00040493405972335725,7.284798160203432e-05,0.00018587226798214912,0.000940897186884394,0.00195714365564566,9.92853747601874e-05,0.0013332794950635905,5.588132628488831e-06,1.9555139323050796e-05,1.472546790054146e-05,1.1634838349166857e-06,2.2789838392992653e-05,0.003374364098126648,7.112203358656002e-07,6.475995415479585e-06,2.687227409452665e-06,0.0005442886311159929,0.000620884320067952,0.0006327425293919991,0.001792113636816978,0.0003998978752143648,0.0004522199357178972,9.474784108141748e-05,1.361826700104311e-06,0.0014709041010400488,0.001424795625695916,0.004908501986315139,0.002356783734227748,0.002081121885121788,0.001627322647914688,0.0003671834332954011,1.0952532250542473e-05,0.0009896808431577844,0.0025861506842135484,0.0005129907320286871,0.0006058031925551585,0.0006787853615093708,0.0006230598643372146,0.0005078855813956435,0.0006152868760342451,0.0010571642377310978,2.079762474259364e-05,5.019885138662425e-05,0.0003078930952049624,0.00023702017016283324,0.0006648862870608248,9.679731802094214e-05,0.00045714985726383496,0.0008129363390964057,0.000991332668188013,7.77884006435734e-05,0.00011004546496846603,0.0011821079270046347,0.0006896780646874589,0.0004942170618030085,7.570514876470953e-05,0.0007635122821045416,2.8657239866800567e-07,6.8756538508559075e-06,0.0009361273435562372,1.801077217691247e-06,2.425141122544483e-06,1.5739976447665572e-05,1.816907685510682e-05,3.0592289020864886e-05,5.519861919620505e-06,0.00027261628550073866,0.005679556250983696,0.00026603069190608445,0.0010830777338901208,0.004153817845783762,0.0003464999444492517,6.279842945031011e-06,2.5216938195418697e-05,5.40157930870074e-05,0.002287048149327963,0.0006921324917305235,0.005648332585338106,0.008415849845715634,0.00012905145330687875,0.0007822794086073953,8.81424848439973e-06,0.0007460021002419195,0.008415849845715634,-8.548448707964804e-05
r28 H + H2O2 <=> H2O + OH,2.9827446644432516e-08,1.9159866648302983e-07,2.3041760860642064e-07,9.847690818492673e-08,1.0905466539825398e-07,1.227453937386855e-06,1.027553315315051e-07,1.0716643227830495e-08,1.499945286529854e-07,6.883431017976536e-08,7.701121621468895e-07,0.0005290020806680737,0.00065497469414301,0.0008563884354176626,0.0003073909782811535,1.1803720958774735e-05,0.0011218743595736665,4.270143727503902e-05,1.8182828196407682e-06,1.33129311338096e-07,0.00022382331510979,0.00018566369972893167,0.0012435293219453451,0.0002499676866413333,0.00010400222257412052,9.850105872166543e-05,8.508378295822119e-05,0.00032399829584920113,2.7992047286746647e-05,4.5465337923288336e-05,3.914632147344412e-05,6.171584382496395e-06,4.357949701787125e-07,6.176915731659378e-07,0.0034170980740690707,2.045298894876077e-06,2.507309456969025e-06,0.009013461872745892,0.00018017649865147075,0.0006643981036447866,8.527907966352299e-05,0.00023035666323156285,0.0005909881562205674,0.00026916145168468533,0.0014939806325344912,7.990579091367945e-07,0.0003614166603644828,0.0006532510530373776,0.0002753716956543315,0.0007669662339255341,0.0033860529193729077,0.002345249223715443,4.3739814562933735e-05,0.0015030044706271699,5.517087399956872e-05,0.002598575500831402,0.0005978537041199599,0.0012109863974197042,8.967128406406034e-05,0.00027046976501711353,0.00012325521391067206,0.0009363817037489338,0.0013651876293743178,2.125891395940814e-05,0.002625843332676225,1.9580014787572346e-05,7.824764051251035e-05,1.275063550941548e-05,0.0006262246199371286,0.0004345119111092535,0.0005653550606540172,0.002031392044495775,0.0004343844014600448,0.00018879576846805507,0.0005401048917834236,0.0008351064871511063,0.00021401423911122325,0.000354930935925636,6.52614273381313e-05,1.3740610047232686e-05,1.4962152671375362e-05,0.0008988115702321446,2.293205438814924e-06,1.142136903899547e-06,1.334801528476204e-05,2.4479887180411696e-05,2.1040451934818047e-06,6.93824704353469e-06,7.676233164656296e-05,0.0048565792747796415,0.0012911060339060197,0.0019885834408041488,0.002600290913465853,0.0041026804600824375,3.146478055963164e-06,2.3400240927345345e-05,2.2773297379784355e-05,9.855781227972135e-05,0.002984963425601694,0.004682482357115282,0.004917708782371991,0.000124426832174537,0.0010437977513618737,2.1758221924990033e-05,0.0007457781799326933,0.009013461872745892,0.00013354426650458273
r106 N2H3 + OH <=> H2O + N2H2,3.5698136098328932e-06,1.4735665459181768e-06,5.869088056239118e-08,2.52223101821498e-07,1.530456567350512e-06,6.351178823959672e-06,1.4994159832039506e-06,5.467457826129174e-07,1.1867776014401045e-06,7.067536943281017e-07,2.1394000790930747e-06,0.0003685563279676123,0.00024040705813891135,8.07918559457561e-05,0.00022747203442797045,0.00015371250601789026,0.0002791993934148597,0.000516242361612691,5.7444032230989774e-06,3.774352488100254e-06,5.353484271817075e-05,0.0009335981572965501,0.0007307909887149826,6.214620516036046e-05,0.0009034399269574602,0.0008018720708685026,0.00020831852215237473,0.0008904710309042941,3.2084309215755004e-05,3.254553540738029e-05,5.254787993451861e-05,6.419966975503207e-06,1.2344358705956076e-06,4.3063155126193294e-06,0.003386697729489046,1.4616702290954954e-06,7.617496560710169e-06,1.7164086789092604e-06,0.0004205309882556744,0.0005812321570407219,0.0005351669091267034,0.00033068979015065417,1.692338728080844e-05,0.0009223837987172428,0.0010359204624657361,0.00015824218772704152,0.0014687385973972547,0.00288747685940252,0.0007727001952756627,0.001184171655578265,0.00021741645279036594,0.0007076412383206024,0.00013745041728734035,0.0006908487252534439,0.0025724652102704945,0.001827357245203519,0.0006145740652804878,0.00042906325970351654,0.001059655249784022,0.0013629647486194457,0.000852446023732217,0.0005960603933676678,0.0020751291199700116,4.332125553205796e-05,8.658488982595838e-05,0.00026217257956923627,0.0005613142008526559,0.00046673998169021987,0.00013784442876586277,0.00022196342835652857,0.0008356713779590497,0.0005230636332909427,9.594769635686461e-05,0.00012046469657048317,0.001196220317350098,0.00018870624059204706,0.0004497400013937719,0.000807125026744927,0.00026540860579026183,0.004993082488777781,1.4852811547076063e-05,0.0037095368809252774,8.186415782579725e-06,2.4990695080721645e-06,1.4082171887231467e-05,2.4018493406554146e-05,2.828144959723164e-05,5.697408814263316e-06,2.8386573356668484e-05,0.003742896272436609,0.0013543871614343555,0.0027545867862286545,0.004435139018854793,0.00034534882055324486,5.8290118788370815e-05,9.272016958910801e-05,0.00026573547565167827,6.621891577240037e-05,0.007233298343765276,0.0023961108640499686,0.004507074935742195,0.00027956938978026586,0.0009995058858357291,2.0179009222174346e-05,0.0007413965503702287,0.007233298343765276,3.82242616646162e-05
r148 NH2OH + OH <=> H2NO + H2O,4.581656946942618e-07,2.368151736609515e-08,1.2066093657649214e-07,1.5414281276830893e-08,1.281142915963757e-07,4.427761414319683e-07,1.3083259452866519e-07,1.0714691030906944e-07,3.5045380275636514e-08,1.572714920441713e-07,1.8737974039074458e-06,7.458540583684145e-05,0.00013322742067654178,6.92254981859258e-05,0.00033574399679908284,3.0736261707438075e-05,0.00011570559825188427,0.00016591712577276597,1.4120921411125923e-05,1.1680636203174358e-06,0.0001404744651667418,0.0007254630160736694,0.00023039040555251585,0.0011124436303599967,0.0008808515027527458,0.0008702730129404018,0.0011785339613637695,6.308702069549279e-05,0.0013262537529495097,6.673930171660184e-05,1.3588367791544444e-05,1.560108023330313e-05,1.77796282462043e-08,1.8768083754256318e-05,0.005150785494371658,3.6576894165075707e-08,1.1904292979591835e-05,0.009011384368049297,0.00036252222436011853,0.0010645362104372736,0.0003845305413948925,8.845155493888512e-05,0.0004314820178968482,0.000572709317345118,0.0007570474833144087,0.0008777824266822153,0.0015352290306888338,0.00031508131280537507,0.0018017979356247994,0.0014929168613790418,0.0018228025235889557,0.0006523020689165458,0.002592066903720514,0.0002966479750320297,0.0012606753275588235,0.0018654961904485963,0.0009366286871539674,0.0001117708165297874,0.0010687311216987924,0.00016641251769036739,0.0002858605317112936,0.0010886472851010798,0.0016799215667225719,1.3250673725607899e-05,1.356141068319194e-05,1.718670301669214e-05,0.00023994929898564203,0.0006098071168765259,0.0006333803952763924,0.00022706712904441143,0.0008094031778358992,0.0007698841160980875,0.00047162331911118947,5.133590498224424e-05,0.0012477253951451858,0.00013805077359269264,0.0004160633018387678,0.00027607389881802895,0.0005801697451547137,1.3464995508002029e-05,7.693621222212684e-06,0.00091865780566824,2.4532930187471006e-07,2.1888192553720522e-06,3.2221864386582834e-05,9.872312558798909e-06,2.2158660760383468e-05,7.383983646993982e-06,0.00015328249848296487,0.0023119137451855397,0.00121040778952265,0.0017005988702979767,0.0014738199513879863,0.00010894216920784544,7.761415643169233e-06,9.011778571494717e-06,1.1670839987098897e-05,0.0013128732263242681,0.00469346706642863,0.0016844473751619394,0.008470985590048092,1.9148270720891702e-05,0.0011236161237670795,9.93326455836699e-06,0.0007413737449299067,0.009011384368049297,8.869950441340936e-05
r192 H + HONO <=> H2 + NO2,4.838190302596708e-08,1.8407721090490206e-07,8.030490717564889e-08,6.099021221581135e-10,8.355484388475264e-08,4.24470474088092e-07,1.2596835931490293e-07,4.906506627653233e-08,1.2935468809581456e-07,5.323657215632942e-08,1.236697724685628e-06,3.5514730706097056e-05,0.00032165289064294624,0.00038765494944144064,0.0007737368702814427,0.00045850270575176276,0.00016517405298485625,0.0004672302011790241,1.0624148542309228e-05,1.0040582618230381e-07,0.00024109249144808157,0.0007694970237874916,7.295259389696606e-05,0.0010096506908806443,0.00016672957556052205,0.00013788426376394592,0.0019239907432857712,0.00014510623051664225,1.1519833995366336e-05,5.051175249257394e-05,2.7632972958673958e-05,9.76719160944497e-06,3.552059681234683e-07,1.9948419794144934e-05,0.0005433530548808073,9.37734622864901e-06,9.101573379630308e-06,1.4304943265325495e-07,0.000564157155164007,0.0006118016764837995,0.000456690144359505,0.0005756029612856649,0.0002558105521603828,0.000619369637083063,3.343211854113055e-05,5.192106436741363e-07,0.0010994121001146962,0.0013644862105132948,0.0016848739233510683,0.0007707060109353401,0.0026672623926184457,0.001001781541039399,0.0027287562741647167,0.0005911861998955908,0.0004993707315234888,0.00218411755080944,0.0004612290720547085,0.0014037816219788486,0.001152772839703554,0.0007759430074696206,0.0005095867068987546,0.0016926266193028547,0.001539116975572483,8.40582301409802e-05,5.658783183532281e-05,5.910326861322529e-05,0.00018897796355110948,0.0007060152352977639,0.0007062278519068843,0.0002971491714324442,6.109616099863071e-05,0.0008696764638981651,0.00039642744820843746,0.0006571550612337004,0.0014294886912890308,0.00024183858782203098,1.746558988109103e-05,0.00047334873113308773,0.0003146394614374821,1.9860961636284006e-05,8.422786361740052e-06,0.0009078233260125707,1.6418854931403179e-06,2.6285749961614585e-06,1.5615375355001664e-05,2.5055117424517944e-05,2.5553438338635718e-05,7.974753539900229e-06,1.5738885574784874e-05,0.003981494330986847,0.0058420403118602075,0.0023374290484988085,0.0013110182701728062,0.0019219112750330904,1.873454454128774e-06,1.0788002088692687e-05,6.4966227359839615e-06,0.006226501214825664,0.0006135659957903466,0.006609667816714273,0.0030784651263195237,0.003614975600304638,0.000874782752100339,1.181844708047193e-05,0.0007408462792974365,0.006609667816714273,-4.4691414301591795e-05
r206 N2O + OH <=> HO2 + N2,4.3350067053216254e-07,3.015788778852398e-07,3.3811806907385476e-07,4.432859546260044e-07,3.359379664058145e-07,3.7523128855649825e-06,2.2195090343869213e-06,1.6220106704130326e-06,5.696814685694969e-06,1.11649162123001e-06,0.0013402254551954478,0.00025898537262952423,8.883349594428649e-05,0.0005837936248861625,0.0005784421914842947,0.00013632187205650672,0.0004431149953056295,0.0004374202105158519,7.277488997423355e-07,8.314392079035574e-07,0.000530056353516767,0.000670683034112182,0.0003425062750900478,2.834954526801789e-05,0.0007254694948595937,0.00047529678744969643,0.0019074318268573573,0.00042318710718769085,4.016596700222401e-06,2.864506245519035e-05,4.398461901082917e-06,1.2977969539638138e-05,2.2401258022893657e-06,5.933460475756471e-06,0.00028644469491619583,3.580874617707715e-05,8.388480745740539e-06,0.00901229104905218,0.0002936191010810131,5.3562064758248575e-05,0.0006297189262732086,0.0001459469437093718,7.797316798075108e-06,0.001255538112816593,0.0016115666771872145,1.6201868664846036e-06,0.0001474785508728044,0.002779910203037184,0.0012210466912037986,0.0004979266130131344,0.0031665572727211043,0.0014547774212552455,7.963037324610836e-06,0.0004785833449098282,0.00036901975768222317,0.0013903627908042056,0.0002635761515791425,0.0006072140205622959,0.0005451848891179907,0.0002558494012627494,0.00030197528844509995,0.001327445194703158,0.0022090854753549507,4.337373857959921e-05,7.078964322114172e-06,3.951525099877893e-06,0.0003883026442794304,0.0007147171497653371,0.0006616133915090664,8.95771649639712e-05,0.0014269551557108602,0.0010073489982462267,0.0006548569857449488,9.789827839854852e-05,0.001691148071053736,0.000205954660270955,0.00034818703123270313,0.0013495327976066399,0.0005117395037027311,5.10482242907992e-06,6.598234226643852e-06,0.0009279028972522653,2.661704330840367e-06,6.941210436022269e-06,1.4463954104887089e-05,5.097478681195497e-06,2.9502017265939227e-05,3.1837527097833642e-06,7.653810150439457e-06,0.0037776637863513717,0.005500694707953098,0.002326221429812631,0.001521989255483383,0.0003600493794167921,6.905465351602043e-08,1.167508758653301e-05,1.0689782879399897e-05,0.005852279843348031,0.002788476841060751,0.0004089548001701324,0.0036006682169200544,3.56810113433932e-05,0.0009800026667698876,9.371876917275686e-06,0.000738540770718728,0.00901229104905218,4.90226195483892e-05
r121 H2NN + O <=> NNH + OH,6.672500973676949e-06,1.8923471893379196e-06,8.187376567063048e-07,1.0085932844428262e-06,3.0531119787098887e-06,7.703634324935257e-06,5.582547104481595e-06,2.441172120245977e-06,7.46132054859824e-06,2.2303940612881172e-06,0.001350868255149088,0.0003155266913056298,0.00040562071679733246,0.0006111676791753813,0.00010146160437340216,1.4201299664287598e-05,6.208194927895587e-05,0.00034697883665759147,6.415088027449224e-06,1.2697280401474836e-05,0.0005465088314223797,0.0008962070122410195,0.00029488643316361924,2.9785844601086867e-05,0.0016436726208380094,8.173295022463389e-05,0.0019343022799271927,0.0002298999830442872,1.6774144359378325e-05,3.117870138688892e-06,5.392750036909755e-05,2.5857948635748137e-05,2.0499195751784745e-06,1.6655720984270315e-05,0.0034956679019525973,4.9106250374970696e-06,1.1675772847494508e-05,0.006634873229257065,0.0006650896166466104,0.0001400625150294112,0.0005701551976063857,0.00014658326139390643,0.0013232737409307718,0.0008020843075412297,0.0013930512412790414,0.0008719492711180747,0.0011251146674524386,1.7128721048637545e-05,0.0037637077445558634,0.0019932334672347614,0.002442999179810961,0.0017905992052539741,0.0007752054144317658,0.0001339937690331339,2.046699949521024e-05,0.0002659853120819541,0.00027433579902468773,0.0009574782500921606,0.00026067647101091646,0.0008051953924112633,0.00038342257065690613,0.0026960510363416047,0.002506190408417834,8.804723234877313e-05,3.8381490794349705e-05,0.00018539092078038514,0.00011626218349228977,0.0007645157529849285,0.00038038820086800236,0.0003171849868836486,0.0008480087132307065,0.0005398228724891522,0.00022904813526246148,0.00020748855472565002,0.001192224217586607,0.0015269124412350754,0.000155730573370484,0.0013479930950253153,0.0007445860498919131,1.1745283715656519e-05,2.4037975203963624e-06,0.0008628988013553612,5.070043162049017e-08,4.105170533218937e-06,1.293262240479938e-05,1.619779126876814e-05,3.44320158015496e-06,3.6447732439608135e-06,0.0001512833729515658,0.0027775430458133444,0.0001259513130956874,0.0032380776587933443,0.0019194232421838623,0.00043081314963971284,2.10272991771798e-05,8.24069542616797e-06,9.945611107915708e-05,0.008822371092734291,0.0028084389241635277,0.00043784009736679133,0.00021795167509805935,3.990621662390188e-05,0.0007399422104796948,5.705582849506689e-05,0.0007385303211993923,0.008822371092734291,-0.00016115038561629707
r120 H + H2NN <=> H + N2H2,2.063828957374977e-05,2.6397383106957268e-06,1.2611209920126456e-07,6.253016577072069e-08,1.452722738975434e-05,9.305115214263913e-07,5.0973012511520245e-06,6.3239208771490566e-06,8.135441392588951e-07,3.939722114046942e-05,6.731403779261196e-05,4.6735523643554704e-05,0.0005211786783290744,0.0008457110333865842,0.00045022972792499574,0.0007029716938244332,3.7838764578093735e-05,0.0009110661730987497,1.7147777272713905e-05,2.7564096922975802e-05,0.0006000410123169113,0.0004227898021380711,0.0001707869892335846,0.00044596449207889583,2.941807690886962e-05,0.00024384510843197176,0.000162697689967387,0.0002663356352736124,4.320409542659306e-05,0.0008134178250468228,9.435277512353145e-05,0.003143098465231019,1.7232589781393225e-06,5.764335532008601e-05,0.0042133821667885455,3.7044795543338846e-05,9.686226371124277e-05,4.305154200497589e-05,0.0006996423887196012,9.748691700206579e-05,0.0002668045967588538,0.0004037546494908351,0.0006048060123637597,0.00086214065377613,0.001525314007256418,0.0009955031529503666,0.0006640358910109001,0.00020621550642235584,0.0017244442143882707,0.0019459734783389407,0.0028792243883366086,0.0006178192963312782,0.0002899429141811814,0.0006264322299185944,0.0012861449461018296,0.00043277636754615525,0.0009525429817490877,0.0012982122182948457,0.00020491017529334276,0.001453640326050144,0.0003412856356716654,0.0016392734730314154,0.0013478668088048734,0.00010901968166505958,0.0006908053690018905,0.00037279090336158157,0.00027645682072314793,0.00014792342496709342,6.990252446066621e-07,0.0009457270698101306,0.0002616037425441807,0.0007809805936471315,0.0005320158703195608,0.0003675644986216418,0.0003719491394910265,9.64189590640543e-05,0.0006905679370608749,0.0008797954007958252,0.0007598294158814168,2.3678464983026095e-05,1.7370705052516788e-06,0.0010135741058716764,0.00022383341373050563,5.332492138218674e-05,0.00013445336008247036,0.0002408576855212522,6.180673032741805e-06,7.08113422490992e-07,0.00013079148709174127,0.0014795593346876715,0.0009477551744586588,0.006224705543664432,0.0025185665926867537,0.0022646100782572703,0.0011673037064445192,1.7726711352877972e-05,0.00021438058171452124,0.0011311216921433367,0.007115691486955953,0.0029066822536857537,0.0016416692447736494,0.00025867587396718127,0.001482324888266029,0.00025206294315459907,0.0007375604782364548,0.007115691486955953,-0.0001456385712823274
r14 H2O + H2O <=> H + OH + H2O,7.969762897626645e-08,1.5049626409358026e-06,1.0455750803780724e-07,1.5542649232809532e-07,2.7989098956103337e-07,5.3391417462522454e-06,6.084716658620462e-08,9.194088282053895e-08,1.7921000863466514e-07,1.1609851480355668e-07,2.0821232309623853e-07,0.0006640759513592098,9.402569438624753e-05,0.0008502856623438225,0.0006865448321708993,0.0007537519226633869,0.00025565267752763863,0.00040602487024697057,8.441860343589557e-07,1.8383355230841528e-06,0.0006741766708278818,0.0007120519606140986,3.816515372791182e-05,0.00019318985718372637,0.001442618098849307,0.00010380542422996748,0.0019451726973462597,0.0002845676267432239,1.6973684466402137e-06,6.221479051206923e-05,3.723518675655789e-05,0.003080650953298828,3.018845835893849e-06,0.00030756021862279263,0.004740473918541181,2.1273517241467997e-05,1.3928541802961124e-06,2.4766095540999993e-06,0.00033488672410572954,0.0006346345065439709,0.0007045326883368737,0.0002648774679145295,1.3404794207803671e-05,0.00018390132274989553,0.0002413725392316461,0.0015334763873282736,0.0007994491003271044,0.0014758176164768582,0.004784641024297661,0.0018721333040103768,2.303411244948714e-05,0.0002181184672186474,0.002158173988835713,0.0005899015835205739,0.000969076382538955,0.0001413929440537457,0.00015978625203328666,0.00030877354368362826,8.699418499696874e-05,0.00025246518491536915,0.0007846915526388102,0.0010168840854901237,0.0018086557393750995,1.2242776875589593e-05,9.922266795163207e-05,0.00046165433805531126,0.0004887213037713106,0.0007108603475471179,9.671974000122324e-05,8.570551799379671e-05,0.00016791188698076192,0.001456298219924892,0.0016035292565516033,0.0006529510063766823,0.0014580252004155374,0.0005048243416317327,0.0002518243164496797,0.00034716317143563267,0.0007026433911976492,5.577078231150479e-06,1.2922541256974281e-05,0.0008752533746632342,9.411838331756738e-06,5.3939369514376925e-06,1.4876902050289214e-05,2.0267286946288502e-05,2.8741808252221602e-05,7.106418772180112e-06,7.36821054223275e-05,0.00014245552169892174,0.0015207354613068096,0.0022529345432389415,0.006736000702145496,0.00016131925081805604,1.3455800700467139e-06,1.8757765284223131e-06,5.961331129904192e-05,0.004535174176790001,0.0034953742109007304,0.004680649692195528,0.0028640343063720784,1.3110784816421381e-05,0.0009585829826077559,2.275043011350528e-06,0.0007337787835171981,0.006736000702145496,-0.0003738224478224602
r152 NH + NH2OH <=> H2NO + NH2,5.397214075308442e-06,2.423406846537862e-06,1.5521530813941394e-06,1.3750372876874725e-06,5.147757087418683e-06,7.794790138979948e-07,3.434469286962859e-06,0.0010389459024812944,5.929268102184145e-07,9.542333747525543e-06,7.739936102180363e-05,0.00045664500016475535,0.00021077174319056533,0.0005693777797441081,0.0008888890988010763,5.93892305352943e-05,0.00018634964297718128,0.0003614548476623636,7.573519094766141e-06,4.169501934400199e-06,0.00028927267641382185,0.0008475305475275245,0.0010196930850473467,0.0013556545871752758,0.0018463015501928224,0.0001991916510431003,0.0019406366945020287,0.0008266280102729382,0.0013406578136791903,0.0008186881234519882,7.398268773940436e-05,1.473413427538285e-05,1.3963865426309478e-05,6.4534271619150155e-06,0.004921575239451668,1.033273365682462e-05,6.721989823198702e-05,7.265789367336711e-05,0.00014694360443981926,1.932148119737114e-05,0.00027909065558668017,0.0008078202295930963,0.001309570585763419,0.00037001860502704627,0.001491457835542237,5.125094209231597e-06,0.0012094470250986714,0.001327826704550299,0.002307548824985181,0.0005117715691638319,0.0018820216227971413,0.000561291068598977,0.00018390831487890714,0.0012894728385771533,0.00185831539885808,0.0005101679839680769,4.869544181648752e-05,0.00027856098499930024,0.000591757155741782,0.00121136337650117,1.840945227310581e-05,0.0012293152287847333,0.001041498356179286,2.0648783967204464e-05,4.0833309026379566e-05,0.00021160866939030828,0.00017179999388339067,0.00041377948539497283,0.00017572980052642863,0.0008228026490760103,0.0013638021041146775,0.000306290305927684,0.0003450843123435712,0.00030182811184295593,0.0016317663693934837,0.00013373107244665737,4.8534214769812564e-05,0.0010997482445560267,6.412028233930613e-05,7.2162837767363955e-06,8.202655515410899e-06,0.0010852238755693906,9.61162220322696e-06,4.943990821931866e-06,4.32816914927792e-05,0.00012392608915954108,8.080276557972924e-05,1.5322023074301245e-05,5.414631213235968e-05,0.0019426968453941523,0.005953306839215764,0.00041989754793960495,0.0013602741870841237,0.0038706503951231553,9.843445657402661e-06,2.2286877283570116e-06,3.954779173956616e-05,0.0014303190495206094,0.005218333547027397,0.0023926256613511767,0.0007031601832665947,0.0030339287053024228,0.001147475761691986,4.819903462225843e-06,0.0007323172887762246,0.005953306839215764,-0.00023344858115040932
r179 HNO + N <=> H + N2O,1.3635468517955513e-06,2.157362279264293e-07,4.5253893105780305e-08,1.6158937450588807e-08,7.121872496478885e-07,3.43660989098886e-06,1.1648156673953317e-06,4.6938862744854597e-07,4.280049789363984e-06,2.666599507571938e-07,0.0013437531247323105,0.00021859268266368771,0.00012489190412016257,0.00041102967476183114,0.000575872897671184,0.00030187973964861467,0.0001924758166221272,0.0005905180750975159,4.384348311351739e-06,5.379743470997056e-07,0.0005343096206466969,0.0004663615215991546,3.768237042060305e-05,0.0002790076721879449,0.0005410117621122669,0.0012058739824002873,0.0019154929903682472,8.203856177575832e-06,0.001322322690925283,9.595471833211266e-05,5.685401869284179e-05,0.0008283343286462429,2.2942288590724698e-06,1.8720201832677308e-05,0.003497106902907159,1.2309375722320874e-05,4.1271708949191685e-06,1.4681100175017459e-06,0.0005464436104852533,0.00012764900356357592,0.00011399071883702281,0.0002103701142897962,0.0007212688529946488,0.0004839198273174198,0.00010666238157885234,1.7466955418407649e-06,0.00023913584005889183,0.005893350264708465,0.0005526811805206687,0.0025046050346684036,0.003959558136669167,0.0017751824083963193,0.002056226072621798,0.0012488684380682377,0.0020121579767030016,0.0017174379229984644,0.000561799066314317,0.0011469553705893035,6.140627592394512e-05,0.00021593126349931196,0.0008104055120320458,0.0018604445062215856,0.001986544543874544,3.341881814819418e-05,1.3451290028185848e-05,0.0003596736929692586,0.00019138689670113821,0.0005076255901265907,0.0009223609002278942,8.915728390744746e-05,0.00035160212951535895,0.0003220405728918936,0.0015965270141387472,0.002399065317888658,0.00027694847599062626,0.00028932932485016945,0.00017658888851360423,0.00035299769440245266,0.0003791621375765454,1.122033841179141e-06,1.4845820500901645e-05,0.0009318267086019791,2.3303489943672612e-06,1.763626010255846e-06,1.4999240675624717e-05,1.056652885541898e-05,2.858914260779422e-06,3.2870295039337628e-06,3.036319681785703e-05,0.0037214563040662103,0.0014431677336496761,0.0006783048245101502,0.0014137392438370957,0.00036313686062488723,5.429934817446944e-07,2.4819047485760508e-06,9.75276009476003e-06,0.0022808874186429416,0.004556028498286681,0.0017735152432586281,0.0016223922594058356,0.0023921838432856843,0.0009813377031843915,2.8166376094488714e-06,0.0007311069893356474,0.005893350264708465,-0.00013356576838614726
r146 NH2OH + O <=> H2NO + OH,2.7852014905777246e-07,4.807368685497972e-08,5.60435522829965e-08,1.0584546673768044e-07,2.2977332545585367e-07,2.3221581017016415e-07,2.486114279355859e-08,1.5632262342234777e-08,2.7243657812582997e-07,5.530476670886447e-08,8.251596087490497e-07,0.0001197990479290525,0.0003046793630965591,0.0007369533483277574,0.0002852820142099067,0.00016922579603563038,0.00013433992853295037,0.0004258984470824908,3.0857882156751774e-05,8.254209114106407e-07,0.0002633479411662026,0.000646485557239191,0.0005340075478189939,0.00017345582113781235,0.0006490862821910719,0.0007834504126955513,0.002052255590545793,0.0002408331254242295,0.0013364904928415903,8.507800512316974e-05,1.622148573832163e-05,1.2765286160700048e-05,1.100735526145266e-06,5.307968052363446e-06,0.004710057106633707,7.420579023189916e-07,1.0381811282193014e-05,1.2530060969637954e-06,0.00010538054840566591,4.158384958939166e-05,0.0005466341139383613,0.0015814214159962838,5.315934706243971e-06,0.000558219177296957,1.1174086127166673e-05,1.3848905845066676e-06,0.0012907631926186629,0.00027056822221196557,0.006561589973517892,0.002251025383590421,0.0028664506320119068,0.0014741836871130084,0.001782869962730775,0.0006083758804013364,0.0009279847161853598,0.0014383898268887573,0.00029416779311006055,0.0011822243535142029,0.000710676770466387,0.0002770605718944317,0.00043834544516806775,0.0001312865823461887,0.0022894628593238217,3.872225952906925e-05,0.00011436075419671641,0.00020205134048893308,0.0001969374196378014,0.0002566457897750571,8.720757072967719e-05,0.0008105084590683704,0.001169409196321954,0.00047286379826850004,0.00046162173533381733,0.00033612450502091054,0.00027854024854219586,0.0008968721610222312,0.0009166635876036576,0.00048368273432189873,0.0007371457151421076,1.1145043885772279e-05,8.811733455010847e-06,0.0008852343378640274,3.0300747501714108e-06,6.144504612928768e-06,1.415786809119671e-05,1.5443803563444854e-05,2.612863116715006e-06,7.024959685375409e-06,8.138134545956208e-05,0.002843167433657946,0.001242901171416316,0.0013291797165665717,0.0014210248912305099,0.0003690467861223664,3.3149379125539155e-07,1.2584613291172772e-05,6.021929115801332e-05,0.00452429405090388,0.004504274460319362,0.0028896255454254906,0.006347134950787133,0.0002620496983372412,0.0003307970051264156,2.1738514860017105e-05,0.0007310728716387186,0.006561589973517892,-9.930941059128837e-05
r172 2 NNH <=> N2 + N2H2,7.490239417026141e-08,7.595918233181347e-08,1.6783799980973136e-07,3.251548804300676e-08,2.69473830042339e-07,4.530267830515161e-06,3.772598864766495e-08,1.1699835182623189e-07,4.5584056758496284e-08,2.8149668805355413e-08,5.350413552310806e-07,0.0005622110608586797,0.00017170567521688885,0.000341481150211937,0.0006078954148740201,0.00018451450530785954,0.0002837496676119029,0.0004526226110785784,9.73615592584498e-06,1.6231665639767686e-08,0.00039698351325182353,0.0007814712369175323,1.3132892451854672e-06,0.0005743015244375976,0.0008052912223081512,0.0006703715670072479,0.0019425406187002256,0.0001495477382132549,0.0013357622860327065,4.512131829217316e-05,8.85064891430502e-06,1.4746197798110479e-05,1.8019320224725815e-06,1.4029174658886337e-05,0.0047423660524992675,1.1543489948522215e-05,1.4363026656066646e-05,1.984858226819594e-06,0.0002088457667724561,2.7590391881420623e-06,0.0001005052831490494,8.800305871783743e-05,0.0007191948961089681,0.0004691323239803462,0.001498235437261783,5.351873139241478e-07,0.000746170352646322,0.0007295163947961597,0.00011916663240629361,0.0014088795973121236,0.0016828403865271804,0.0019348869703603973,0.0025368257023983855,0.0008783213331229724,0.0013700599744684557,8.645980881948943e-05,0.0007128300866075784,0.0013659526848722944,0.0011316515836560734,0.00021754582532186858,0.00038578839759903196,0.0021633144543635194,0.002337114725047026,3.0022817089882166e-05,5.190718413541127e-05,0.0004006206616184289,0.0003158400340107459,0.0005180418163547153,0.00033519654532549717,0.0005517577237879716,0.0006543432043770189,0.0004104322639994499,0.0008800371838364087,0.0007742300283628325,0.0012279426250667875,0.000669280357424829,0.0010298446073554852,1.4447925615964844e-05,0.0005320038158089298,1.2760124629497636e-05,1.5407789108797782e-05,0.0009630873759151245,9.959294406852619e-07,5.837897440293279e-06,1.3889303840940011e-05,1.0051484064963874e-05,3.467874897787322e-05,5.9198577821921505e-06,9.314663639703046e-05,0.004712257590356309,0.0012777367985431834,0.0028418587846877046,0.0022735488122492594,0.00033943444643411505,3.6441225302093533e-06,9.2013347556878e-06,5.853851840137383e-05,0.004750377006893813,0.002290988157652378,0.0020089671585057966,0.007461551265042277,0.00019352080082068223,0.0009112479792599285,1.8776874957968187e-05,0.0007281744819202308,0.007461551265042277,6.075566043277413e-05
r102 H + N2H3 <=> NH + NH3,2.625082653553702e-07,5.977088911793405e-07,3.001642456659991e-07,1.0352278117851242e-08,1.8803297981908134e-07,4.878918224346746e-08,2.1705014248915942e-07,4.855444756756229e-08,3.5454442903309143e-07,2.4574786496974485e-07,3.0141456459555954e-07,0.00048457173660723706,0.00028762005917360784,0.0008381616995909208,3.8240473786717514e-05,0.00034295121872003257,0.0002557034369496448,0.0005809888551387159,4.724623808555586e-06,1.4337101472456172e-07,0.00036360212144007683,0.00013378809535049532,0.000401387549639718,0.0004399088713658693,5.02548363767249e-05,0.00028114207035921234,0.0007839444716576158,0.0008492716948279661,1.4043419143473854e-06,5.338846197682289e-05,1.9188117854633987e-05,8.316707414680662e-06,6.323867508435307e-08,2.2818825676755893e-05,0.0034278696894924094,9.332683027461552e-06,4.532196229289497e-06,0.009012979967650417,0.0002518762880636804,8.166436569332287e-05,0.0004253022218401424,0.0005945759982459116,1.073699988094905e-05,0.00036772007694782684,0.0005869019705533219,0.0015434807363200846,0.00020721390327085266,0.0019693117362862256,0.0013453997822861683,6.525794949870906e-05,0.0027786671159891383,0.0004222629411017954,0.0012748365825595769,0.0011261691143707054,0.0014998499001110505,0.0020210067796634203,5.0995206276988555e-05,0.0006871381800490855,0.0001612246560422234,0.0014444130616668247,0.00034207798756064354,0.0019819672312510004,0.0022893637731768333,7.031096803454461e-05,8.23877046158485e-05,8.961713304107793e-06,5.769140374816712e-05,6.202982627159182e-05,0.0001501976279561856,4.352586902110574e-05,5.7119392902914644e-05,0.0006555984113891215,0.0013164849076881503,0.0009356741081241707,0.0009479151814234119,0.0008139330391609349,0.001035701129773315,0.0018166268334403324,0.0007736760701214493,2.1533429927041443e-06,1.1936456455923501e-05,0.0009058375025173994,7.78169246263468e-06,9.516948526288392e-06,1.6074483254560896e-05,1.468298380899596e-05,2.608675199404303e-05,7.256827883030824e-06,0.00015589967396916998,0.005768403645683636,7.755858977878334e-05,0.002475268480111495,0.0012307928671080085,0.0007029801157459989,1.1174257573032225e-05,1.0920449891277453e-05,1.0234934837000866e-05,0.0006333439719522459,0.004978859063577875,0.0046088089174790665,0.002313379140794903,4.143475407818632e-05,0.0006418093394219278,3.5344501463730456e-06,0.0007280947372186266,0.009012979967650417,-2.70834671994633e-05
r126 H2NN + HO2 <=> H2O2 + NNH,2.0932146691430673e-09,4.3160977427206535e-07,1.3656486598024406e-07,2.7106588377400278e-08,2.8290470321479985e-08,5.078732824993367e-06,1.3019077821377112e-07,4.6573671539119115e-08,2.1273003849271076e-07,1.0763717137574283e-07,3.5464900186140635e-07,0.000519911984963774,0.0004017786096047804,0.00043020042585237414,0.00028538807699921855,3.46279370416341e-05,0.00035971108692739397,0.0003621628762421328,1.8952743656012212e-06,1.2905898234112315e-06,0.0004673318763607863,0.00023977757919667466,0.0008593457581101281,0.00015845190207586807,0.000580647428778666,0.00021662398604701787,0.0019569868057608803,0.0009591594914954833,0.0013243029815622803,9.112464794909697e-06,1.3299198518571523e-05,1.2650488302569231e-05,1.9726470107472733e-06,3.866879572609265e-06,0.00010010737128778715,1.207042872494425e-06,1.3444429907510487e-05,1.7348236505182204e-06,0.0006734662359761383,2.4703902532755092e-05,0.00029585825496339325,0.0002330308537964357,2.0493365240210433e-05,0.0005439714090419011,0.001492599638151651,5.850946308702928e-07,0.0004878274154893652,2.632357666776406e-05,0.0005931002806221914,0.0024579294568522862,0.0015134054888056218,0.0007232778878142115,0.000516833240337219,0.0011817014652311594,6.447568148563029e-05,0.002003139313735584,0.000553378309696645,0.0006983346294695862,0.0003778135529640611,0.001109379727773269,0.000315202216482347,0.0017493746053822397,0.0007525467482028508,2.857629568822518e-05,1.0571341691798136e-05,0.0002915883096575298,0.00012044528178534543,0.0004891588312344551,0.00042124569774875737,0.0002754820436282932,0.0015771277328002673,0.000609685213716205,0.0006478864104473116,0.0003675065910253185,0.001392923606358024,0.0004626779980535486,0.0009905316135295967,9.46700683778729e-05,0.00023068494167855717,8.349415509087736e-06,7.849111196199748e-06,0.0008773605020171287,1.6424819240510138e-06,5.044944712997794e-06,1.500638779520559e-05,2.0139905428682186e-05,1.9633444826532552e-05,9.944560849853628e-06,1.6658384823990584e-05,0.005815575674073138,0.00017071114932545861,0.0009033150702191277,0.002551812193435049,0.0036302955662312476,5.354414251701939e-06,7.989799046142077e-06,0.000122407541266463,0.010927560743006198,0.0037938845881884203,0.005875614183241699,0.0016853523451307738,0.0033111234016760176,5.8866437810221936e-05,1.651611538893678e-05,0.0007269333546698724,0.010927560743006198,-0.0001730227254829949
r165 NNH + NO <=> HNO + N2,5.250997154146958e-07,2.583331537706524e-07,2.5580521199881834e-08,7.390207740197895e-08,4.793749158168871e-07,7.782990749652456e-07,1.819454406821368e-07,1.3350935325471805e-07,2.821171511271579e-07,4.4887667040423424e-08,3.896048527078074e-07,0.00020849226787338044,0.00028427046420318727,0.0005273956434629358,0.0003595887897317463,8.89904203995846e-05,0.0002908836891563401,0.0003915415930563208,7.532938598426392e-05,4.1240730459876095e-06,0.00016834836635631163,0.0003433393121121541,0.0003232714142460166,5.498573228200882e-05,0.0007327708494744334,0.0009684576063307879,0.0009663351879656487,0.0009286638100917677,1.1183084877445866e-05,5.3889063141455265e-05,2.339794604807446e-05,0.0030796007275655677,1.577662495797388e-06,0.0003050575025155238,0.004370088972646724,1.3526904267886762e-06,1.63694516861785e-06,3.245995544689149e-06,0.00016971035037183864,0.000635575573838491,5.381349512675337e-05,0.0007981559564847345,0.0005917866702662274,0.00033757768423627954,0.000508079558838668,3.977298823676916e-06,4.575247758397097e-05,0.001456711419862767,7.373649832598008e-05,0.0020925764889497427,0.0021955240891042864,0.00047686113614094484,0.0018763441765910108,0.0014664145863761868,0.002713217327377642,0.0006469453916998724,0.0006711492477146236,0.0006253174981975765,0.0006697515452501824,0.00011226555068615133,0.0003707337638946973,0.00012527920463514458,0.0013558187014329171,2.3080418758636443e-05,6.278868116375864e-05,0.000452852688778663,0.00017244739195962952,0.0005009407356640658,0.00016268097180749448,0.0006408032719085888,0.0009432856849380605,0.00037657019231222583,4.21516624664703e-05,0.001066250492895789,0.0015393540935346422,0.0010780133096072542,0.0008625124913762839,0.00022322946563818326,0.00019328156523719964,1.1026410269069847e-06,1.5196988468411799e-05,0.0010946101865616383,2.377489320066638e-06,2.6584786791676175e-06,1.5057668790554705e-05,6.6541236715330916e-06,2.5494348518248698e-05,6.591123500704061e-06,0.0002246889567025337,0.003358669298825019,0.003920173913030791,0.002273008993541564,0.0015284346093865724,0.0019453980327433613,2.0212709246781187e-05,7.5169741878845335e-06,4.944632620620695e-05,0.0011502046783145592,0.0006690846486345127,0.006104871184296244,0.005751076100275745,0.0034222449283872196,0.0007414863883770371,5.141391567715059e-06,0.0007242857004062041,0.006104871184296244,4.459326168049219e-05
r69 NH2 + NO2 <=> H2O + N2O,8.103404084731332e-08,9.066039376264128e-07,3.8932805930629035e-07,6.437712230424268e-07,1.218955238017462e-06,1.4769277811240933e-05,5.5726525634393806e-06,1.0559430201400047e-06,8.219870445355523e-06,9.222497225289684e-07,1.0847371253093388e-06,2.973909852114628e-05,0.00022157588914228669,0.0005333924250486382,0.0004624888645798936,0.00041907888935708025,0.0004179488151095589,0.00020371379569594786,0.0011033876469135478,1.9734694263222345e-05,0.0005103568889818685,0.0003833132454271573,0.0002137332188139683,0.0004051967013581412,0.0006075446510983794,0.00012388328332461096,0.0015301381830012178,6.001026346664715e-05,2.387912595885631e-05,3.30599328837643e-06,7.799239657021053e-06,0.00047796204215595463,4.941043642679588e-06,2.634894979177724e-05,0.003435951861482792,3.7711144081309585e-05,1.8230940508807353e-05,1.8428898790744474e-06,0.00029506784185361475,0.0006935686520122974,0.00016843100302256047,0.0005024318001759648,0.00043421309108587915,0.0007207937521230639,0.0015761323691665188,0.00017232380133698673,0.000762345490437303,0.0021879069928788576,0.0010984073684053828,0.0026059345794822823,0.0016286723019535846,0.002377835090747995,0.0012877352258295494,0.00047409906091846213,0.0021323747516870627,0.0006722858672035774,6.70032597619514e-05,0.0009652691444433536,0.0007670829997703081,0.001387598603968252,0.0006735050652987905,0.0033116174146934347,0.0002983176610193983,4.683824508672746e-05,3.360215873616819e-05,0.0005332831852196228,0.00019845482117251503,0.000755236131038655,4.247847321315789e-05,0.0007138317522251674,0.0014565071985351609,0.0006471715416520582,0.0008512011939121317,0.0006189884720082537,0.0009137355232974375,0.00034411303812881424,0.00025262429268969156,0.0006908084245906127,0.0003024148869182499,9.440625970756093e-05,3.5959317234838475e-05,0.0004987513865799048,4.2650854048279e-06,8.287742888532179e-07,1.417830534857753e-05,1.7707238732826217e-05,7.611517634853113e-06,3.415627258237924e-06,0.00027979597434101293,0.00021789736225992637,0.002496241205835122,0.00092144358805429,0.0024481610757291594,0.000500122631655203,0.0013964127994390999,5.5432311294022014e-05,0.00023200996989960213,0.005638575180336426,0.0016760025753770158,0.0005951841162571,0.004825900761826348,0.0034093533970648107,0.0009743251590628399,0.0019352208733398794,0.0007236492233596155,0.005638575180336426,-8.661598219063942e-05
r198 2 NO2 <=> 2 NO + O2,3.715667748784591e-08,6.527927281739961e-08,2.650210506656114e-07,2.1373614810706643e-09,3.7126391224021295e-08,1.4945824505935897e-05,5.974242624896684e-08,5.7994851304982785e-09,2.807781925546253e-07,8.069909452830585e-08,1.2206936870973e-07,0.0001375532848311571,0.00011530768851969391,0.0008786171359221304,0.0011367972547937806,0.0002563705368280965,2.2429573290999476e-05,0.000695704499719018,3.8445174003965374e-06,2.8200858789175078e-08,0.0004684900141752016,0.0005203325770334943,0.00036210574579212683,0.00045265718360887173,0.00046982569839123687,0.0007311245213714548,0.0019280061379401765,0.00034683383823555394,0.0013235119363764203,9.722192998405371e-05,4.538693577981055e-06,4.48006275083988e-06,7.788240715472933e-07,1.6203960682386293e-05,0.005464878672196455,2.9727593381076607e-06,1.4132032083678324e-05,8.414168232320862e-08,0.0005650834437771787,0.00048057221565792464,0.0005924521032712067,0.0017059984323575031,0.0009501921891830191,0.0006096147962173527,6.90671426793301e-05,7.869940765768454e-07,0.0007268246899254139,0.002175595454361113,0.00037714104435313076,0.0008683897685204207,0.0016905777953527866,0.0001588457179327887,0.0021704146374242504,0.0003375756559938452,0.0006258253307037068,0.000759326317564926,0.0009583804845021797,0.0005560373601855177,0.0007324866426941556,0.00037167030181031887,0.0001388212740452679,0.001376465059889709,0.0016956986901369953,2.162836620718892e-05,4.0449955238197046e-05,0.00020177135438222737,0.00018162550728425782,0.0006344582751873759,5.753436488278132e-06,0.0006352764465177475,0.00010304250039922816,0.0008682402711196835,0.0007420302494205886,0.00163778738380912,0.0017457866649605762,0.00014163433932736416,3.534069728839081e-05,0.00011374344470262337,0.00024749190852722146,1.46905360590076e-06,1.4487468055979498e-05,0.0009593049904699515,6.450615165828288e-07,3.5353882817514654e-06,9.692579308444286e-07,5.12869662685271e-06,2.450199961599567e-06,5.7807162673834995e-06,1.6292515228078733e-05,0.0037612993089794176,0.000948799343967497,0.001352714873679537,0.0003281284655922468,0.005592459447010655,7.408243595664113e-06,2.2714759122245925e-06,0.0001299075822943654,0.0011372395352712817,0.0012597596338534535,0.006490459635854399,0.007761473819481568,0.000869984294204995,0.0009428957730856908,1.0018154076675985e-05,0.0007223607724381158,0.007761473819481568,-0.00014175835023233862
r12 H + O + M <=> OH + M,5.047501265424847e-06,3.600802906659241e-06,1.470419998466448e-06,1.3176901580352575e-06,1.6509304660287652e-06,1.7815183563875768e-05,3.540050134310886e-07,1.390625956789885e-06,1.8868388012283782e-07,1.2836174605281777e-06,1.0232959387956287e-06,0.0009255217001474805,0.00046825386727165495,0.0007864829222431587,0.0005948876088543025,0.0004763422626262295,0.0002417554925980388,0.00035708247404221373,2.866996040075831e-05,3.281115514865456e-05,0.00017997992232218378,0.000567267926679593,0.00027191910954658504,0.0004968032277672932,0.00011078222988136383,0.0010979696499554162,0.0018582671322036034,9.330468773327902e-05,8.052651748741556e-06,6.564172547393789e-05,3.731257540533866e-05,6.171570334870057e-06,3.419242465100113e-06,2.6666384914956203e-05,0.003564797365826022,1.7693774554031763e-07,9.387913495307867e-06,5.102953016549732e-06,0.0005295441541669669,0.0005948812171874873,0.0003360377464354592,0.0011764278437004412,6.616535858030945e-05,0.0003894000795737788,0.0007026185914573319,0.00017014524021776594,0.0012951834404053286,0.0010381260747154887,0.0011393822494525363,0.0005255750010584466,0.0019426710820802788,0.0006988541679447494,4.7519412091229674e-05,0.00029285153706975597,0.002015221315420001,0.0022131576880603473,0.0009963639919126253,0.0007592606031521684,0.00034220891999068616,0.0007259687082888222,0.00022328447115807666,0.002868193325079277,0.00024079704500644852,2.579838811020176e-05,1.9314742343131365e-05,7.180506682405632e-05,0.000418184595822865,0.0008262781422950723,0.0007272905264781838,0.000596165295497858,0.0007309462082022824,9.518463398891176e-05,0.0011506290948035895,0.0004860081646380577,0.0010618985844341763,6.860863338620724e-05,5.920842058434455e-05,0.0009018167389732209,0.0003499815479521258,2.8856953574454072e-05,1.558921455296216e-05,0.0010680784108651835,8.642641923026104e-06,3.4436695839085106e-06,1.473164993600715e-05,1.6407183556968332e-05,1.6367308579424858e-05,4.824343710649145e-06,4.184197023417273e-05,0.0012201547795201175,0.00017436126670190272,0.0014564312245235285,0.003183483438331673,0.0003704987630014021,1.1803718573111777e-05,1.0800369866722492e-05,5.2542406679747955e-05,0.011562453830519633,0.001184005481581419,0.006349686088307666,0.0037356239256448862,0.002034048933118612,0.000713586206431384,7.320593028649671e-06,0.0007168703444936887,0.011562453830519633,-0.00022687844615708753
r135 HNOH + OH <=> H2O + HNO,2.5713007540693663e-06,1.513667161071791e-06,2.1375638291404635e-06,1.9842780342944354e-06,1.2019281668786393e-06,1.6265507095108804e-05,6.918375488653445e-06,1.9067238914080313e-06,0.0038867254688401253,1.7010818329779477e-06,0.0012759936400523455,0.00046303441717674126,0.0001442899979995478,0.0010777534895506943,0.0005286489534013524,3.652349944365791e-06,0.0002577229045298768,0.0004302947265702204,1.401143522724316e-06,2.6043303207738693e-06,0.00033542640361001,0.0001913850980679466,0.0005452284679137171,4.357054666192481e-05,0.00124889584355912,0.0002805938646470145,0.0019554410480004656,0.0006500946443443003,2.433644762329753e-06,9.697933050487012e-06,3.3361549272072075e-05,2.8138024869466604e-05,3.505835170047006e-06,2.333386382775814e-05,0.00447300235526171,6.501044213544025e-06,3.574251941021176e-05,1.1391202493516373e-05,2.7649944174478697e-06,0.0003895796359724863,0.0007702340178657096,0.0016057544153004028,1.5988709377511403e-05,0.0005211475978461082,0.000650619618901742,3.519053496434329e-06,0.0006177939943968919,7.295325235043228e-05,9.910113389314967e-05,0.00255026516343454,0.0032426378913273835,0.0012368607949385024,0.0013662394200779824,0.0010946877168660682,0.0025997735192966782,0.0015617260039118373,0.00016323725310792006,0.0008302665038682826,0.0011133373287151068,0.000983168943370116,0.0007033194297660477,0.0010182672178831308,0.0015226752523347967,4.311719170199071e-05,3.5870397829622015e-05,0.00011332828252923385,4.4613954686058406e-05,2.2991898393641442e-05,5.9065764593771866e-05,0.00012642689183222465,0.0013944110091278611,0.0004880890144220877,0.0007647798002958726,1.7014472357687202e-05,0.001341393808321213,0.0006882695392913897,0.00035698381940204985,0.0004949799910388941,0.0007320895678775639,4.889344362883223e-06,5.377598387253279e-06,0.0009380622304477051,7.462992297562496e-07,3.0598270196931256e-06,3.303667443673399e-05,3.252578456566446e-05,3.527466425539746e-05,1.9362324142857363e-05,0.0001284717475390085,0.0008788865752016007,0.00547395634868759,0.0018139598582005876,0.00325464249748742,0.0006280608085284901,8.530106779702427e-07,3.1543263402723853e-06,0.00011470970045182531,0.006164919585675624,0.002335941009334621,0.0025818033538281097,0.00036952162328518696,4.0630974400915405e-05,0.0002207318683149291,7.450358248789312e-06,0.0007166869076612189,0.006164919585675624,-0.0001682705807676293
r52 NH + NO2 <=> HNO + NO,5.256533633705784e-07,8.042501622862355e-08,1.1509248471410852e-07,1.0936710546182395e-07,9.704106507470714e-08,1.4268067221193724e-06,1.0279077015171873e-06,2.7636169333679113e-06,1.7012437907331292e-06,5.713774693197594e-07,2.3243255105851747e-06,0.0006136503247454333,0.0002736236172077291,0.0007537393730564714,0.0005356585062024589,0.0003962545998705299,9.864053675571757e-05,0.00037135647001584513,0.0010427377475615458,1.2665962809025764e-06,0.00033838488944047196,0.000942140537198252,0.0005915133451449879,0.0007232387464071701,0.00033705216721146783,1.921227869745356e-05,0.0004169554880125165,0.00028656437310077315,1.0860052819977561e-05,2.439546648906725e-05,5.1673803263541814e-05,1.4736231409875917e-05,1.7261518131127834e-06,7.61103785846056e-06,0.00045623703149551227,2.917539203763843e-05,6.8560032010571495e-06,1.8540677325490097e-06,0.00026960425972916656,0.0007110551360922184,0.00041904498667382704,0.00019888496952731274,0.00017410306870212078,0.000715256393837625,0.001808715073359064,0.00016716148878108948,0.00016614648708045298,0.0017634068717074362,0.00048216851392341245,0.0019318681183395764,0.0007917154287400742,0.0002568535531309051,0.0027473997875392107,0.000452674776341925,6.704318301638777e-05,0.0026994237720837032,0.0009962608919066654,0.0012291679971343876,0.0008529559374763472,2.0072865471815915e-05,0.00043049082626515716,0.0023115112122195506,0.0007994237490902301,1.4571003339006021e-05,0.00023821529769100142,0.00041038734462240615,0.00031023365392364747,0.0007845911856728864,0.00010718189684623259,0.0003321023189111828,0.0014199963985382423,0.0003884011234433971,0.0007980981425976262,0.0009453853898594457,0.0015896982397309769,0.00017998747540586222,0.0006493188004296276,0.0005333308855766667,0.0006332140083458177,3.654817735845652e-05,2.7120675942418162e-05,0.004221420121545879,4.96982809059023e-07,9.030608902977256e-06,3.0578073233808555e-05,2.8336831571068235e-05,4.2630150188243325e-07,1.3116496553211797e-05,5.8517740202985916e-05,0.00531920764076029,8.33349032556966e-05,0.003538828176392776,0.0029795916377419514,0.0003036651522515573,8.205408080787517e-05,8.340119594216103e-05,0.0002105181434384486,0.0007874643976818642,0.005179729986451107,0.005170179874069556,0.0018934654556043036,0.0007088467034477446,0.0019780354952617257,0.0015432238597970454,0.0007157896049790629,0.00531920764076029,0.00011867000167288972
r132 H + HNOH <=> H2 + HNO,2.9275929414209887e-05,5.947780048645084e-06,2.9416323391464135e-06,2.4368982981732143e-06,1.9917656189074874e-05,8.994641554588633e-05,4.863914969664739e-05,7.902904302246331e-07,0.0037852983933642143,1.0383909059740333e-05,0.0016132508257139535,0.0006303200437771994,0.00038308877607365214,0.0002883685464355475,0.0005949072014037894,0.000204077749023406,0.00021017776202396599,0.00043397870552322546,1.1629410079696798e-05,2.5708827722452643e-05,0.0006899641633977247,0.0006106455337672366,0.0006909640301428429,0.00015108302913533855,0.00019690770731496435,0.0008303131549091732,0.00014934119557395326,0.0008095012479587368,1.4820419425365414e-05,0.0007006827828936029,8.516082382546804e-05,0.00037955790925991604,4.3741511531211446e-05,9.021514743442569e-05,0.0015754860470628303,7.31956926520484e-05,0.00016800640755589886,0.00013930843922732656,0.0001045748964492111,0.0006950922871297878,0.00042309063971272126,0.00010493753187269667,0.0003696683159718396,0.0002635387187733667,0.0009318629679771883,2.09248877496533e-05,0.0007789057028174674,0.0008537467465006737,0.0002487483137524992,0.0028709566515687257,0.002186751464184516,0.0006853331999890894,0.002558771116210758,0.0009713291801184034,2.4169167025500793e-05,0.0027143816742706698,0.0008342115092447211,0.0005352988660984016,0.0002891375115426549,0.00020909495230039598,0.0003311709534821046,0.00018363103222664002,0.0005694264654271724,0.0008070668090626503,0.0006287977413559242,3.328783031823855e-05,0.00031719512115380833,0.0002459982891191397,0.0006877113619516285,0.0005392359635376843,0.00011986238928034828,0.0003066371018350636,0.0009246669474498143,0.0004658979660563738,0.0014584620659977073,0.0002787296152566416,0.0001144123354907466,0.00113034282674488,0.0007218147086009881,2.1343852867828985e-05,6.238677186114797e-06,0.0007494625362188174,2.2807984575607394e-05,5.710689144280764e-06,4.687967230574791e-06,0.0035067986635263226,0.0004443255545131497,0.00022163289736625924,0.0011309175014220705,0.001713016137693155,0.0008656762030632932,0.0010730067268597352,0.0025333667156915776,0.0003896331263114695,4.536467178985294e-06,3.379327977364413e-05,0.004311916450021215,0.0009144480448050502,0.007827205103580535,0.002230541248608717,0.0009206404861898072,4.119281476217514e-05,0.0008849260672812911,2.227736870797133e-05,0.0007135476686097986,0.007827205103580535,-2.6074680082759573e-05
r234 HONO2 + OH <=> H2O + NO3,2.816735145250921e-07,1.32514897420063e-07,1.0366194316310902e-07,1.5885379010816725e-08,2.803041450234527e-08,1.546074993164118e-09,1.253044059774964e-07,1.4489502598919757e-07,1.642131170474031e-08,5.643659310234787e-08,7.430901571061208e-07,0.000558469715159026,0.00011214190859278035,0.0006443377414581619,0.0002733883810718195,7.54351408246068e-05,0.0006113571749644062,0.00019698589778418345,4.465586071476376e-06,7.351281266036265e-08,0.00020911773173398464,0.0007997358218149363,0.0010878914574738374,0.0002519001994050122,0.00022228455336730166,0.00019357401509130902,0.0019342439704751048,0.00014006402519895034,2.654294293202823e-05,7.72956980122266e-05,0.0010481100939123428,2.0908136667852616e-05,7.499260804178062e-07,4.486576957054037e-06,6.885192688671603e-05,1.27554861127948e-07,1.1112658651536518e-06,4.2550706252663947e-08,3.3273200502080316e-05,0.00042745361974154097,0.00014410326986078584,0.0005683294533579503,0.000934027539490803,0.00042800626248046524,0.0014994675484034472,1.2487735528673507e-06,0.0010597224578910837,0.003048070014551291,0.0018474196078026549,0.001205963014559862,0.0020447462759478835,0.0015464623536757113,0.0009595650510256244,0.00023380352663943102,0.0014349162848299314,0.0008134319132139976,0.00011907159142041797,0.00033673108783269684,0.00035852846960236057,0.00020117883544129299,0.0002300141268534339,0.0019960692370463253,0.00206650774061946,6.373838739640946e-05,1.3594826130283193e-06,3.191821514209941e-05,0.00026280527703650855,6.360689742477869e-06,0.00019819997538015038,0.00014859409655833158,0.00011418033407631789,0.0006515278882644044,3.562026287709256e-05,3.373902264507638e-05,0.0005827017894726722,0.00033775136364282284,0.0004939270466216895,0.00037883471608298077,0.0007206892052824753,1.3998890139804121e-05,1.3824027665789856e-05,0.0009391924300704023,1.4000018030556774e-06,2.636364125718032e-06,8.611760359808922e-07,1.426892177322208e-06,2.3432800838617763e-06,5.802677293356242e-06,6.67113320647944e-07,0.006016861338121559,0.005205114368014521,0.0010358567569719221,0.0005273024857489322,0.00040768729645856375,4.050513942678866e-06,2.081971304221017e-06,1.4981321417208712e-05,0.006093630576330208,0.006600430497469658,0.0021657756115619534,0.00367179818541804,0.004481210382009482,0.0006857706256428824,2.148832637017683e-06,0.0007121370729888554,0.006600430497469658,-0.0001923682725404304
r228 H + HNO2 <=> HNO + OH,1.944771792111291e-07,6.967774914525583e-07,1.08586715993947e-07,1.7821709025994232e-08,1.4670395437521166e-08,7.209697511854731e-07,1.181390936248983e-07,9.570020770876535e-08,2.654421261868274e-07,3.986956203761541e-08,2.1270711014411628e-07,0.00037163910624140554,6.6483265916255024e-06,0.0003421395485092285,0.0002914148371231831,0.00017356730977545817,0.0007925477230927197,0.0004446982273241396,2.9086171534845463e-06,9.783979530479942e-08,0.0005387671415238805,1.25817315850901e-05,0.0008190271333059811,7.35193048109408e-05,0.0010137736716895364,3.859071447122983e-05,0.0019341323143840998,6.184028391983864e-05,5.418265964838683e-06,3.212485592299791e-05,2.335857430045483e-05,1.2379449932137862e-05,1.872282022681939e-06,2.918434781388078e-06,0.0035281626512842397,3.9375758634399186e-07,6.987349199785216e-06,1.523816123213096e-07,0.00044200431373704526,0.0006724531487911196,0.0002446155095454516,0.00012719112546756274,0.0004955849805840326,0.0007401551418087194,0.000564780517532554,1.2267792742930199e-06,0.0018946180429125097,0.0014902167877499798,0.002331079768080133,0.00229888473820371,0.0012627709348642972,0.0011256528007374483,0.0007940772751890869,0.001018954012858315,0.00040805002106502713,0.0025441680662504325,0.0006561297209400313,0.0002362846076310779,0.00015699692313481887,0.0001919076433993376,0.0008340542928599549,0.0012722047431913584,0.0006630125047598215,0.00025696295168150277,0.0004435813389598702,5.19493044189485e-05,0.0005129206864315609,0.0007715631977488855,0.00045912232093885233,0.0006046916095123797,0.0013654095322688338,0.0009599834972348326,0.0003945736331343672,0.0019021787590841122,0.00060722617525841,0.0011052460647534563,0.0004524076715093666,0.0014215809988884546,0.00036263518999890147,2.350872429468401e-06,8.18673275243453e-06,0.0009107805190853904,4.557065820872213e-08,3.593835355594969e-06,1.5196142646929735e-05,5.941449544512468e-07,1.6275547116426795e-05,5.547369831947459e-06,0.0001431291195038574,0.004113140520524661,0.0012450189559927252,0.0018737844285362686,0.0014039866582502628,0.00029905489701412963,7.363447995519712e-07,2.5683653103893705e-06,6.369419267996705e-05,0.001949853525393979,0.003167614310370473,0.003313297689512594,0.007903143613566501,0.0021550394059347967,0.0007275779291750636,2.030960299017065e-06,0.0007115336151858873,0.007903143613566501,-4.1863230201644146e-05
r229 HNO2 + O <=> NO2 + OH,1.5663272189275443e-07,1.0906829079366504e-07,1.0865195026896336e-08,3.8746095253487e-08,2.3578490297204434e-08,9.201589604455609e-07,4.6509906357214805e-08,2.0136466371575992e-08,1.2157601003674033e-07,6.684161189614351e-09,3.70605290700122e-07,9.892667606937237e-06,0.000337736827801431,0.0006431567491620053,0.00026025443712005735,0.0005112962252473544,5.502172098810195e-05,0.0007316047524831236,1.0713127755330862e-06,3.408530384301892e-08,0.000701748775007171,0.0005333905684751152,0.001178540874257933,0.0008463759566476124,2.5009785203519247e-05,0.00046155826582650647,0.0019377871503189507,3.0367203619680216e-06,2.657614462715072e-05,9.884694610734941e-05,1.2823586490293384e-05,0.0008328802997092763,5.920230418343179e-07,7.348102303516204e-06,7.934931009487987e-05,3.356953615289859e-05,1.3385028373387649e-05,1.3023768208691932e-06,0.000233766873232693,0.0006968883456520685,0.000538019911822284,0.0005665950890686515,0.0010159767596701391,0.0004610060462852848,0.0007073450785411345,1.10065555322087e-06,0.0004394162806260216,0.0017160906999999029,0.004645521745002791,0.000760958553814051,0.0011814564741793804,0.0004844464317752351,0.0021960389120947795,0.0009766440696728706,0.0018490923581340184,0.0006862923936678318,0.0008182533284878759,0.0006773714635813629,0.0010419854394106416,0.0008848222201719912,0.00034931947607217567,0.0019448844509256167,0.0008829007681489629,5.00450789592263e-05,8.67248141558191e-05,0.00022664326316527603,0.0003369482517803697,0.00044686285115499546,0.0006050631254451731,0.00044914748210782507,0.0010007654192570631,0.00045326297208060894,0.0005251230627625586,0.001474702490412811,0.00031486182174272534,6.095145621445547e-05,0.0001586019962381808,0.0006053361670834188,0.0007203694032281759,1.2187895920802348e-05,1.54749525223851e-05,0.0009673774082464931,2.4148424894319885e-06,5.12014788604634e-06,1.4867737779110283e-05,9.612032363420107e-06,6.13119073426646e-06,6.973196522843213e-06,1.4689189217580268e-05,0.002821494548836847,0.0052442896148207786,0.000501384668268684,0.0017955658733746454,0.0005228992238986167,1.3827514194280856e-05,8.072760623464356e-06,5.0708296700829974e-06,0.009572260394487359,0.0010458800223555227,0.0008042037303416739,0.0037287167480866044,0.002703883045628192,0.00136949357531598,7.375627775846594e-06,0.0007097777407945924,0.009572260394487359,-0.0001560149697931339
r13 H2O + M <=> H + OH + M,7.832913560887421e-06,6.385677546188072e-06,3.543311292058323e-06,2.739642373213739e-06,9.077716497682669e-07,2.9741025778783392e-06,1.738681195450373e-06,2.5721751043453536e-07,3.13382464153414e-06,3.2685779707327066e-06,5.638969234242668e-06,0.0004636766057779511,0.0004803030998843942,0.0004568456205212151,0.0012466132370636935,0.0003037107967791739,2.8796774382130594e-05,0.0005311675167582105,5.5160848858045934e-05,6.257230071329858e-05,3.029078077452466e-05,0.0008173849336984668,0.0006856051475984314,2.8625846680830282e-05,0.0007730029192406641,0.0006534785843331337,0.0017482133429032147,0.00021361410110460032,1.8588028494504394e-06,8.669233270994604e-05,0.0010389903004139809,1.3511027175412845e-05,2.4135504719595814e-05,1.6923833420707833e-05,0.003433870224885956,1.415994060968242e-05,1.6961815188583817e-05,5.142188056273869e-06,0.0001749113584527076,0.0007566219470874898,0.00043716175695286333,0.0016348287664442389,0.0007797038284874157,0.00024765875159193386,3.720542199861741e-05,0.00012157913734733138,0.001265406019917297,0.0002442443253985755,1.238587899201502e-05,0.0024969290003714617,0.0022097091862013007,0.00046131778790403226,0.0009099591522664077,0.0011709781485187147,0.0010633105446166352,0.0012144529963607554,0.00015874370034147368,0.0006286013505327625,8.275129942137289e-05,0.0006055092968232767,0.00047886080440163087,0.0021522309504098014,0.0014555939393378046,4.852871669295063e-05,6.778798273982274e-05,0.0001726238148515576,0.00020771883606051243,0.0009240088327321803,0.0009293862776089661,0.0005542224012699416,0.0002898193672673028,0.0007352269945116171,0.0005900758630927618,0.0006277559721382392,0.001098752031694744,0.0006018241612308768,2.3971188671374705e-05,0.0018608199354281944,0.00029921729292957985,9.956592737185956e-06,2.147904173235001e-05,0.0009449302499262052,8.891588551281288e-07,6.683886415453462e-06,1.9970380182896585e-05,9.068027765433358e-06,3.7096429891832047e-07,1.1372591739630512e-05,6.588136953441796e-05,0.001320291269064966,0.0058768356949785525,0.002446655702644396,0.0025452538009914497,0.0003672410552393937,1.1278987498707891e-05,1.1417287900247478e-05,1.1234419004091975e-05,0.0016716517622725369,0.0031514195187040284,0.0035483334937490853,0.008276089970070297,0.0002676527417296609,8.573937421756063e-05,1.716881748636396e-05,0.0007096249066778025,0.008276089970070297,-0.00010633597443709151
r220 H + HONO <=> HNO + OH,1.647240628041752e-07,6.662016310650669e-07,1.5822065561469964e-07,6.521409027422001e-08,1.6135423775751662e-07,4.994053183197023e-06,2.430133930395286e-07,2.513933939281696e-08,4.5133428374937713e-08,1.386156517599733e-07,6.33849245049629e-07,0.000878381268622065,0.0001496784847756762,0.00023581557583035142,0.0008500444278355489,0.0002626497607931702,0.00033092781387061946,0.00030980341915216365,4.520360238411973e-06,1.917032266421079e-07,0.00034185265144042484,0.00042590298459491545,0.0006518632501367738,0.0005739388444934939,0.0010150760449729745,0.0011238037190458832,0.0019454154572516294,0.00017323838186152223,1.1015954309765143e-05,6.782366709274815e-05,6.406677610200121e-06,1.5316717014385826e-05,1.5767354376714265e-07,2.0234243448286307e-05,0.004840014537180089,6.155011284486739e-08,3.646154133861093e-07,9.209749439891958e-07,8.765197621906495e-06,0.0006052765648366504,0.0007403516743832391,0.00035083025223222886,0.00013575506961365237,0.0005756303377558579,0.0005301254589338115,4.033299644420772e-06,0.00011634517743642394,0.0007163344829080101,0.003198979915090105,0.002332684382805876,0.00387357911638016,0.00012802628448664222,0.0004234604474469724,0.0005322777169030286,0.002569277930886123,0.0019048599664496426,0.0008474971470979953,0.0013632356390960428,0.0006713320102919691,0.0008505478701172809,0.0006039558552867985,0.002809412199152574,0.0008828161659282268,0.0005798842687823258,4.274928477196246e-05,1.3898243520277394e-05,0.0002638996897234273,0.00013359142745384087,0.0006045663875333616,0.00032989708579196755,0.0014038991860378385,0.00032753943046012437,0.000293237459990065,9.65332853845737e-05,0.0016052609824234027,0.0002498464108958598,0.0006745594318360111,0.0004349553107087586,0.0002454359399479733,3.180243731486653e-05,1.4311531807036578e-05,0.0011975155030659855,2.4904210845062044e-06,1.9411744224629877e-06,1.4366662283264274e-05,1.048946326202747e-05,2.899824179642472e-05,6.424357280704108e-06,2.8836081421952036e-05,0.0005853107825423382,0.004250103741066621,0.0014725815972491904,0.0011418269149744075,0.001376989554948825,3.6682158766206124e-06,5.410982268408382e-06,0.00011415796296580815,0.0027578942013613108,0.0002904560804780934,0.0003258846389154602,0.007354915244193388,0.003383472943188023,0.0007496595479123123,8.715920859987065e-06,0.0007065008121953605,0.007354915244193388,-5.128015947439176e-05
r196 high NO + O (+M) <=> NO2 (+M),1.0565734987636382e-07,7.194539578335622e-08,1.7781587643968002e-07,6.454958194311815e-08,1.2019949702409698e-07,5.328613931476575e-06,3.823475013907637e-09,8.295156337931148e-08,2.2374515005349237e-09,1.788134404844665e-09,9.366428176355594e-08,0.0004704060708890301,0.00016479055685066454,0.0007784258761269413,0.0012915783341471679,5.819320821418148e-05,0.00012421695753667754,0.0004281634022941743,1.6003948108785142e-06,1.048854104426707e-06,0.0005022964368181322,0.00017800196815042211,0.00103439297774022,0.0005041815156390272,0.0010400506065956511,0.001064255632865458,0.0019238081352160035,1.898600931173789e-05,3.1430847175694903e-06,4.1720944312294294e-05,4.0861683360042585e-05,7.390370627857229e-06,4.6560316313142116e-07,2.3821209406329778e-05,0.0014454297738680092,4.3646886651734464e-05,1.1896646725746498e-06,4.79236224105391e-06,0.00013868669141252782,0.0010305162541942388,0.000494320203677295,0.0011803907642678846,2.3086078715183757e-05,0.00022038418684345738,0.0015093709397445694,1.0677253113235153e-06,0.00118942390927647,0.0035954395818588404,0.0035734938770733493,0.0014480058994016125,0.0026013230373456977,0.0010476734742233403,0.0004919033911292433,0.0009920167730470678,0.00012624654064621004,0.002847506042110404,0.0008720697310942378,0.0005813933063680606,0.0003570296586624967,0.00019839406191649717,0.0008529073249729331,0.001599766627423941,0.0020177634995761358,3.2276868241441614e-05,1.9563621527166648e-06,5.859751331260376e-05,0.0003867496269204057,0.000774753421040442,0.0006132025879592953,6.782037876425158e-05,0.0004869592882181459,0.00026281351248769365,0.0008511824418273217,0.0005607065921053245,0.0004690509884937432,7.018653979992928e-05,0.0004972909462507677,2.6774890177644008e-05,0.0005359883456877884,4.308705755232396e-06,1.5338627159235956e-05,0.0009230746042170826,6.396599013063938e-07,4.652149843040413e-06,4.4700044533918994e-07,9.232915502949308e-06,2.3250753878620264e-06,5.847154260414804e-06,0.00014363642479907696,0.003455457390019764,0.0007764691594250221,0.0011431874188389288,0.0006533987517285445,0.0007092740699921414,3.187332468532147e-05,6.870532664221254e-06,1.0167754770253378e-05,0.0022607022751402936,0.004550944567337576,0.0036315611040776325,0.008012602157776017,0.00014912698854624914,0.0010319193279436385,4.137812397857622e-05,0.0007063830472576754,0.008012602157776017,-5.9839803832306437e-05
r213 H2NO + OH <=> H2O + HNO,1.048402239181106e-05,2.6962389115406327e-06,8.681537123031662e-06,8.218171882334966e-06,6.417776489533543e-06,6.168540466413563e-05,2.6422514317099857e-05,8.226805299317985e-06,0.003829322056280439,6.523227729531111e-06,0.0015821385375520225,3.4320874794537985e-06,0.0001887886383383865,9.484939950643626e-05,0.0005637337559167676,0.0002321673794825513,0.00018209924127704342,0.0002478127537469116,1.8533225954952987e-05,1.072225504813951e-05,4.13631346160376e-05,0.000696446215693334,0.0011711764535627318,4.051312809956245e-05,0.0003361214669327177,0.0011029933636871672,0.0018992166197886035,1.584608553146337e-06,5.460896608673442e-07,7.413337204962904e-05,3.942282259342568e-05,0.0004639700073118695,1.4507060751857523e-05,2.567438216450548e-05,0.0016787670197801515,3.8747721606575566e-05,7.78199282563693e-05,4.448790372999063e-05,0.00010099626053796786,0.0007078860200532318,6.657730308537205e-05,0.0005576535815067155,0.0004288820452815734,0.0007098138691681369,0.0014233175375098122,7.626605865245156e-06,0.0009817799638983764,0.001640021596497014,0.0011527722979196647,0.0020289438933882987,0.0005695517327289778,0.0001783509102778803,0.0012071094064259632,0.000410264834702747,0.0029425577666044875,0.0015322296655374584,0.0007941366306778822,0.00035543722080556215,0.0011804354765814196,0.0012162814165165646,0.0004934059087304537,0.0016279476647548731,0.001997562445250156,8.3358700189222e-05,0.0006241592713499866,0.0002314294765465869,0.00019649836623897068,0.0003725947536193151,0.0007544673560605789,0.0003266367746957786,3.697580422171654e-05,0.0006530255485293024,0.0005758851874203207,4.485779529257116e-05,0.0008597640444664588,0.0004780722530010542,0.0002730032357372722,0.0014966823723585728,0.0005237602842742569,0.00011496153790766886,8.34333323060598e-06,0.0009087261100041077,3.393529593832023e-06,2.3917123009058556e-06,1.5496708698090866e-06,0.004292748907873008,8.963905678577025e-05,5.260860902638181e-05,0.0002866848232608801,0.00422764288547402,0.001116702504832812,0.0037996918551450143,0.002548117766453258,0.00039017019119673207,1.221228184286984e-06,1.2926455374494143e-05,0.00017623572861407856,0.0011278954875488844,0.00587307566424055,0.0005376855558763647,0.0005250927394577689,0.00016267528447153228,0.00047528513134035893,2.1317682327955637e-07,0.0007059503706963863,0.00587307566424055,-0.00011533313678363522
r237 H + NO3 <=> NO2 + OH,1.7457652721617336e-08,8.469893675268137e-08,1.515066608226739e-07,1.108395579884792e-07,4.1145585603586626e-08,5.094742968202867e-06,2.7444321636777463e-08,4.9936026447991464e-08,1.858406201584264e-07,4.043386884993305e-08,1.055980785810225e-08,0.0002412681673211555,0.0001821603668876269,0.0006944291267695514,0.00020177601518847954,3.1037298553109055e-05,0.00043252329216354464,0.00023643768488492006,7.753743489384074e-08,3.292554286374837e-09,0.0003135193953552188,0.0005358551106869466,0.00020411055568097752,0.0013193873680305297,0.0002682994016968638,0.00039317339082560655,0.001935384511270519,0.0001465736376590044,2.4836733448028485e-05,3.65939297961134e-05,4.2926739300807925e-05,1.1768488353128063e-05,4.940939297367293e-07,1.0203609848522265e-05,0.004537998064112826,5.637715011910352e-07,1.0701668935034296e-05,4.0133210021951886e-07,8.784774344385445e-05,0.000657817823570334,0.0005503674988899564,2.830827463982813e-05,0.0006527635854595627,0.0007318655038711585,0.0006876907056616285,8.370118376499626e-07,0.0003812650236318044,0.0010109252545174017,0.004127042639538096,0.0017406276376066634,0.0031096925103056916,0.000336202391035778,0.002786211733991601,0.0013995858013015644,0.0005225895897614255,0.001957824880326792,0.0006925778129565777,0.0011856522905954396,0.0008409451733802361,0.0009751113477044814,0.00012644586135826904,0.0010926614976287685,0.0019180093403983862,4.436221504719305e-05,2.6659653421583114e-05,0.00025668027104744123,0.0003993383642927655,0.0006164192646385175,8.464285670506002e-05,0.000469013567214469,0.00012753967948560559,0.0008333709616440061,0.0005974271494528629,0.0020230261024007804,0.001605236719560867,0.0008144777675383983,0.0008882552822369902,0.0003671429976093333,0.00018152565033454707,1.3875263451833477e-05,7.664137032036913e-06,0.0010082734640572248,1.4449796536431506e-06,7.116327491850349e-06,1.3803527711829255e-05,1.0629355631920884e-05,2.393525673275818e-05,5.577653268672749e-06,1.95508367191311e-05,0.004238546457747008,0.00016629497392964596,0.002112486958224364,0.0015446011497935181,0.00034763895329269266,1.1523014661920336e-06,1.5790628113280346e-07,6.958184252793355e-05,0.00038251263478467995,0.006336252672818915,0.00016209358751118478,0.0070466075774753755,0.00013874841762271504,0.0009106820642191921,1.111448569650206e-06,0.0007050446766764841,0.0070466075774753755,-4.717627837486846e-06
r112 N2H3 + NH2 <=> H2NN + NH3,3.855916706004502e-07,6.148173986177544e-07,1.727088428034273e-07,8.683757361994262e-08,5.571793618864192e-07,5.291054449578563e-06,1.1387265503754506e-07,1.4947628458234556e-07,4.155693162134512e-07,1.857631755694035e-07,7.850564387070413e-07,0.0004485850451429577,0.00045006627808928147,0.0008392357491646246,0.0003711143323241587,0.0005799696245914275,0.00016736903218967343,0.0003724494275536101,1.5261892393134042e-06,4.994845445644737e-07,0.0004827347615041602,0.00016430187975431123,0.0002919765227172745,0.0013204950975368437,0.0007869704853990538,0.000777318730187614,0.0019375045896188002,0.00014680732366378755,1.1059156104516309e-05,5.531721038712074e-05,1.040841803225918e-06,1.0155417780476918e-07,8.254250565024811e-07,3.5080025115339366e-06,0.004248796065446178,2.087603509807757e-05,9.121573468006407e-06,6.451936358842483e-07,3.831195489211311e-05,0.0010738375455790258,0.0003061570470318959,0.00012137454645803241,0.00014773922690139652,7.808910025946646e-05,0.000596760281363451,1.0269313528789702e-06,0.0006350534566300088,0.0016376327088618865,0.0015696932905715976,0.0015147812749982874,0.003426908673873421,0.0001834698069913357,0.0005114921095026033,0.0013056550354439964,0.0015539974815397264,0.0013720990530237827,0.0006574223534610999,0.0008728505913889503,0.0006909464598669552,0.0007332095899826779,0.000596237719538251,0.003337818722550158,0.001363884042404907,4.2974454235873374e-05,4.544774345936409e-05,9.231519939683392e-05,0.00023494904531645735,0.0007482477719842842,0.00011902448676648432,0.0004794977247044568,0.0009929704748877744,0.0005195943700587783,0.00011956816768315303,0.0014021544537905655,0.0004652278003650249,0.0005989714098504847,0.00043745067109921844,0.00021430163989095803,0.0009334360653570112,3.482403603266541e-05,1.004494817773901e-05,0.0009405097197260149,3.5550018048037207e-07,2.3314360922981017e-06,1.5089617039915815e-05,1.551797163168474e-05,2.674872369118384e-05,6.14097908154542e-06,2.3780256794421637e-05,0.004872304195936135,0.005877344160466622,0.0019528767882702486,0.002750408178194468,0.0004022012881313115,2.1775998199443155e-06,1.4116024639981446e-05,8.966707355240335e-06,0.0008484057180721034,0.0031160381760602105,0.005796138779850656,2.824768316607127e-05,0.0002571857188324225,0.0008268164912339612,1.7842864849686274e-05,0.0007030573806222997,0.005877344160466622,-6.74355318444154e-05
r95 N2H4 + O <=> N2H3 + OH,1.2073068835144327e-06,8.21626958524239e-07,2.5142972663497373e-07,1.1405398919662862e-07,8.969018667402866e-07,9.930772510791294e-09,2.1364448391272007e-07,5.997106851719809e-08,6.576079003395277e-08,3.9662807725509194e-08,7.992886331251253e-07,0.0005788373054462786,0.0001271061882124269,0.00038243104335767755,0.0003051499036794246,0.0003833548929914261,0.00041332205786090534,0.000494431563453099,3.512196987111757e-05,3.0983340732612778e-06,0.0006141539101266131,0.00029091144430038433,0.001123603677681729,0.000802535032484864,0.00040710525832542794,4.2736544138467193e-05,0.001728144860988613,0.00011188206304721656,1.4610304323068782e-05,3.049118919893775e-05,4.549108909430919e-05,1.74330044429243e-05,5.175921799576342e-07,9.59371755873682e-06,0.0010821317403925104,2.687117276724469e-06,1.1970796766188458e-05,6.640210013685163e-07,8.226514576888101e-05,0.0004953831509896599,0.0008440513629977412,0.00011219984941938066,0.00022897126012866716,0.0009188479522366202,0.001495582012266637,2.2752599975674114e-06,0.001153574474006379,0.0032278890137292914,0.00013008573883484888,0.00023776739298805893,0.003978371165051703,0.002066248134390883,0.002497035505818226,0.0003698011722502125,0.0022124929885682498,0.000844554084407833,0.000894532650449157,0.0012263054078397223,0.00012635019732996173,0.00031168409310844473,0.00010305883924938537,0.00033529847683166735,0.0021395551810792232,6.5494578077656505e-06,7.767639271774089e-05,0.0003766898868798614,0.0003071839093623194,0.0008533885712706411,0.0004033887996542778,0.00029910148030076587,0.0003944303355933989,0.0016563614800020345,0.0005170810036826287,0.0004722024687950648,0.0014013197777070342,7.612356023568443e-05,0.0008799412661545163,0.0004804008576719083,0.0006096744279036367,1.6161895803556594e-05,6.185130933720551e-07,0.0009353443535549796,4.42435811946836e-06,7.998735157649887e-06,1.5397590302455034e-05,5.067707919222151e-06,4.545145100243284e-05,7.845434265024655e-06,7.92078565998093e-05,0.0004403020240983498,0.0014011868171225185,0.001749878018643233,0.0014095625567373763,0.00033434689345834443,6.515895181694868e-06,2.5474612153007755e-05,6.306864183036221e-05,0.006894627819176109,0.007622547693182654,0.004932021478578095,0.002534855468751793,0.00012097489560175961,0.0004552107955812094,3.741535524695106e-05,0.0007024538196816654,0.007622547693182654,-0.00017578507162532194
r235 high NO2 + O (+M) <=> NO3 (+M),8.032403602274945e-08,1.2333742564594388e-07,5.448794165718501e-08,6.392274697301311e-08,2.6355351521035793e-08,9.672777380133583e-07,1.7673976080205307e-08,1.054311601858735e-08,3.498128976334147e-08,1.0312375220935846e-07,4.908838094140328e-08,0.0008271279840514243,0.0002729990806551452,0.0009204147137785945,3.0898150737524094e-05,0.000418386955594578,0.0002801071270759009,0.0005968296399481397,1.2470487014923445e-05,1.5480114664643105e-07,0.0006814466683559329,0.0003786630766724151,3.945490369394764e-05,7.074584211317475e-05,0.0007060773589523011,0.0008755587307647717,0.000168312702898314,4.006110187328759e-05,7.860868357831347e-06,1.1189616644168708e-05,1.6335758511139913e-05,1.6084557680455716e-05,1.2194151139366901e-06,1.4840507251183164e-05,0.004270750955556582,1.719404367483547e-05,4.236322040255273e-06,2.287631144320845e-06,0.0004545295103940679,0.0006519345276916439,0.0002543249397214862,7.199296553283356e-05,0.0005597951246204177,0.00043232977210884026,0.0015742113449759298,0.0019865261031471915,0.00011912364564775304,0.0004594362583796656,0.0037700852849442772,0.002321141936193525,0.0008860746897407589,0.0025407117474835488,0.0024706937036930794,0.00125522945519021,0.0013498085458690892,0.0024574883361665805,0.00043205221398041037,0.00033873571338242816,0.00023939860231057464,0.0012651485048814097,0.000565307140305015,0.00021725612205416797,0.0005680328990272995,4.049520917295782e-05,9.198333864451302e-05,8.576420823800769e-05,0.00036870890889837045,0.00046445715041155587,8.374205325822537e-05,4.3389950939912643e-07,0.0008286996482179698,0.00024345406539590502,0.0007660918782386132,0.0003913471576734191,0.00037277658546454177,0.00018081692043659905,0.0010057241562909242,0.0007121444386206936,0.0005702466264404608,4.932887758513014e-06,7.6209444870081665e-06,0.000937557893893511,1.2802009003397175e-06,2.2143765849555164e-06,3.066927939529381e-05,9.977447854025525e-06,3.0961379718126175e-05,6.571540242250979e-06,0.0003208099802534408,0.003335300835701863,0.0040078406684206005,0.0029479941433181354,0.00034534882636087734,0.0009526206413316928,9.81167711727041e-06,3.1937067972305767e-08,1.4189616606573872e-05,0.00027679392986311603,0.007966265117755507,0.00012261837719494974,0.006188989889160415,0.00013298073043407576,0.0011807012656026847,7.0781822521344595e-06,0.000701660165564291,0.007966265117755507,-1.3021581718671476e-05
r231 H + HONO2 <=> H2 + NO3,4.259546993288287e-07,1.0371305956059565e-07,1.6229253051357018e-08,1.696461288329126e-08,1.1100400997551693e-08,5.218740245505766e-06,3.880644584128569e-08,3.0334386822735677e-09,1.6804824614428694e-07,1.2053074197452752e-07,1.3136337465458059e-08,0.0004561184299783114,1.6187199379581878e-05,0.0005581791574201006,0.00033786716466561274,0.0003536398880492708,0.0001443853230846346,0.000597228024939834,8.683959079380591e-07,1.5460981462361857e-08,0.00036624058103128845,0.0004346381844353083,0.0010922915572466067,0.0001267329453588249,0.00043583762492081015,0.00023551923043118748,0.0013852540928935963,0.00023142907953093274,1.3162513414776593e-05,5.6100622590062e-05,0.0010335087833184937,1.3958499068677063e-05,1.0252870561417155e-07,1.2892772514099293e-06,0.005431919023161581,8.21239771982236e-06,6.359782404543181e-06,4.3775880726465744e-07,0.00035737836495477755,0.0006366024861470985,0.00016584092351500115,0.00042131760643755284,5.934058552441656e-06,0.00046674090272283517,0.00028456191621220833,1.3867532865382597e-06,0.0007357555222192722,0.002991721385017744,0.00040042381209236353,0.00012590137513900383,0.0008655661717861091,0.00043816923255648256,0.0011278185284622811,0.0009295030254801958,0.0012321304964808652,0.0011542836089458953,0.0007429460405129844,0.0010959202950904356,6.79028252476857e-05,0.0006718444972477332,0.0007576040982440792,0.0009280614356203421,0.0017783602331457608,5.3151530388805954e-05,2.0681255107735318e-05,0.00023490863967926115,5.3179060076096015e-05,0.0002812153993535782,5.2320223487608466e-05,7.090601608658297e-05,0.0017908698705422705,0.00040061365581376985,0.00024431143040010356,0.0010397185791713164,0.001268108097963225,0.00018535937594942818,9.40216194652177e-05,0.0006006940717886768,0.00021117569550145623,1.1093662196650492e-05,1.55962040370554e-05,0.0009361878320052428,1.653618805238427e-06,2.0796571588985804e-06,1.5819852354779434e-05,4.0721840123392783e-07,6.064887740773474e-07,6.1252528087927715e-06,8.3672326572988e-05,0.004583010615861152,0.00013246087158732875,0.0058094200311471,0.0017744402079077678,0.00041694698283302044,3.039876417803616e-06,2.0401014840745224e-06,5.704695202498909e-06,0.0026710270343585883,0.0044513911943523925,0.004803908950981754,0.00774147877009696,0.00014814975335152163,0.0010143784984703982,8.711011396733985e-06,0.0007016142366214986,0.00774147877009696,-0.0001488034887461557
r219 HONO + O <=> NO2 + OH,2.0486410687816264e-07,5.524555894438203e-08,2.1697699181655008e-07,4.366706731355776e-08,3.610166059532405e-08,1.0038957605759985e-05,9.899307406576175e-08,1.0469264044041617e-07,4.901794778659288e-08,2.1039387054270556e-09,2.7700050511415313e-07,0.0010801502810483486,0.00033217961463291243,0.00021122131421474235,0.0008205089934567649,6.713025112801002e-05,0.0007969410919141873,0.0004823703072026836,1.16592152171632e-05,1.652568500813363e-08,0.00022639671591351873,0.0008132793361692985,0.0006952613878824905,0.0005660383622050383,0.0003873708487456209,0.0005167505092535622,0.0019160282968359679,0.00011757948919689977,3.995024659069447e-06,9.073689961615663e-05,4.881778226093462e-05,6.696899447565458e-06,1.0869438758495486e-06,7.3032466810549835e-06,0.004782870414335447,6.919900396689243e-07,1.2693213831355693e-05,2.3318824209064136e-06,0.00024489555276744365,0.0006458042889188814,0.0003391575702604567,3.7886384934654196e-05,0.00013446624079109916,0.00025378147538676073,0.0006865402189598428,1.3010812781725404e-06,0.0006829762217207296,0.0011567334472792226,0.0006505906888413218,0.0012469052087636604,0.001910758629828827,0.0007853741991291713,0.00014170380760837888,0.0006676147677490036,0.0008933216212651854,0.0024036046623189134,0.0009241925450198454,0.0010749680091532163,0.001066164146551776,0.00021954785169940597,0.0005352908849691156,0.00023515162055258736,0.0014111138760685177,0.0009880574115681694,2.5936864070614498e-05,0.0004797859972573431,6.484331655377962e-05,0.0008550295788569459,3.5142288277118726e-05,0.0001746686782555767,0.00010404649985038587,0.0014747945914860411,3.24262780172194e-05,0.0004061897709203244,0.0016867064575565843,0.0007248297781358837,0.00011464291158516286,0.00021958626058307803,0.0008710191704714834,3.66842563138901e-07,1.5248933020831138e-05,0.0010914807472202502,4.543910505313939e-07,9.947901135166739e-06,1.4146660075889799e-05,1.930620412341618e-06,3.22382665816628e-06,6.5406240805472974e-06,8.654708124933064e-05,0.005794307752694094,0.0006520374818855864,0.0016592477111536913,0.0015189322090852198,0.004793327210095885,4.19381082438228e-06,1.2294616316994348e-05,2.4738788607494494e-06,0.0018851955639637692,0.000715978589887936,0.00927983850233339,0.003601539013895788,6.662102084963912e-05,0.000751303766948769,6.668096100941576e-06,0.0006979868477556979,0.00927983850233339,-8.967242658479032e-05
r51 NH + NO2 <=> N2O + OH,4.847378487038435e-07,9.53974976116469e-08,2.644833313471704e-07,1.3537746906637177e-07,4.297446740448975e-07,8.807133402624016e-06,3.3878558883368454e-06,1.3269277838403383e-06,7.348708639671272e-06,9.72870031919476e-08,0.0013470750677074138,0.0002573344284690051,2.2967155780978814e-05,0.0006694325434961728,0.0008957699544760742,0.00027335700686360306,0.00020557281256188735,0.00031437101234816923,2.3521751872396852e-05,3.821820941456672e-06,0.00048464920219124777,0.000334258596017086,0.0014426604326160243,9.643220024548925e-05,9.249270878961547e-05,6.597368809579783e-05,0.00027774953782263564,5.190434448458318e-05,9.284610214411869e-06,6.951390804995899e-05,1.425948213445609e-05,0.0005060209885046731,1.6294085317984926e-06,2.895555360125425e-05,0.00354007025682188,1.2117914823102941e-05,1.4034740010529023e-06,1.987956915402801e-06,0.00020750514967513467,0.0006688924930614942,0.00010014578917772855,0.0006288680887067639,0.0004909228401149987,9.24147297852571e-05,0.001548081689051601,0.0003194472675556823,0.0016570796821997066,0.0007266367104270454,0.00158762530040303,0.0019348777917277318,0.001157915481495603,0.0016888858522749125,0.0019150979620623746,3.3733677598105416e-05,0.0028399600376959096,0.00229241833541698,0.0003305157654276571,0.0012266060622658206,0.00033330372260590005,0.001455731099438596,0.0008798902999301935,0.0019913903025710914,0.0012305604651017326,8.96099038154867e-05,0.00013288863002326363,0.00019880157042918267,0.00015318408445410487,0.0008001698213426258,0.0004226506450571665,0.00021554263428655586,0.00013395472778398923,0.000886902040453894,0.0004890135145362325,4.6309636938320026e-05,0.00041199455220005977,7.514731710778841e-05,0.0009664571540857053,3.4070261243490874e-05,0.0010111854381376305,1.8060937960770613e-05,1.2514015171463926e-06,0.0009796224727740015,8.119438840342908e-07,6.914110431195379e-06,1.5191250542890427e-05,1.301237437530209e-05,2.3837077302767326e-05,5.996082221694181e-06,0.00018123688509727725,0.002574290144717224,0.0008786846541821044,0.001858949472715235,0.0006657641771576167,0.0003677742446592165,6.471100807528623e-05,4.439866843192558e-05,6.537423918397649e-05,0.0029459614068650555,0.0057906608097617555,0.0044035213728687555,0.0062121319470153855,0.0001271200039998239,8.024146281534184e-05,0.0007582241074600978,0.0006976643870730624,0.0062121319470153855,-5.429610888927632e-05
r103 N2H3 + O <=> N2H2 + OH,7.277863977295157e-06,4.309729946851197e-07,4.274417399528105e-07,6.043231001511721e-07,3.716476270855363e-07,4.0769870462849376e-06,3.115031756757843e-06,1.3478654033360425e-06,3.1078881904740247e-06,1.2966309878938257e-06,0.0013500110991456124,0.00048814113480465674,0.0004340327631300643,0.0001663317014201448,0.0012843031537101567,5.983356157829339e-06,0.0003878629386966083,0.0008392784299933538,1.8574468386065263e-06,7.958230649042862e-06,5.410652847416881e-05,4.9993209050314745e-05,0.00019567948031730872,4.141724985243481e-05,0.00033034915580117954,0.0009442262463793063,0.00045572285610387603,3.05315615185608e-05,1.1003995274300016e-07,7.648948034238171e-05,8.21713294729262e-06,9.076824229023175e-06,1.2157004682361956e-06,3.966067159287624e-06,0.0004672554686814786,6.463432567264937e-07,3.864454169358032e-06,3.5539528447602014e-07,0.0005717341588914312,0.0005861230804464495,0.0012941098260245416,0.00035099492296682643,0.0006284790954690604,0.00046826332486925895,4.881017899179904e-06,0.00014140996938957239,0.00019073999125247064,0.0028789552981745973,0.003433872030524729,0.0021080044435105405,0.0026438468731025374,0.0002585660080008345,0.0008363101554430914,0.0006412020448822849,0.0008095554556991071,0.0023531918043093536,0.0006334985997375754,0.0012377381536338578,0.000903280685017784,0.000686978898971942,0.00012038899450725137,0.0019443434449077008,0.0004755591846538114,3.087788969125417e-05,3.077386240891795e-05,0.00026503687178608583,0.0002858517140304413,0.00014826939342598306,0.00012058829100144803,0.00020435050343244328,0.00168327681481907,0.0004981679299890282,5.034408518277213e-05,0.0004918946198651988,0.00048820627449062124,0.001131758636011307,0.00020415508754459985,0.00042302733041858694,0.0006142079258594645,0.0032956129539102176,2.0049838698103955e-06,0.0008463113639268733,1.0350018357738296e-06,4.57808500677113e-06,1.1942048928673737e-05,9.273305851043814e-06,2.9728613085157132e-06,3.541378971438111e-06,3.661245289015416e-06,0.004052165127295656,0.003870951074412656,0.0013978897725930456,0.0042182145630874635,0.002150147588265673,5.0736792872512007e-05,3.069432987440638e-05,0.00024322189518387655,0.0010957511231677324,0.0013822994626398993,0.004611113766205549,0.00020534621422898635,3.927434775536922e-05,0.0014592690821804825,0.003028866005589682,0.0006976031650755027,0.004611113766205549,-0.00024046979045146886
r108 N2H3 + OH <=> HNO + NH3,2.2938469936235422e-07,6.309068275515537e-07,1.6369416400662165e-07,5.3834617672806005e-08,6.762550614190771e-08,1.1286284546956156e-06,2.1210126784305856e-08,6.892514864275948e-09,1.3668355166161354e-08,1.2837278761633574e-08,5.336912564788113e-07,0.0004144459928516474,3.861986453406249e-05,0.000264585321940616,0.0006816430370463638,0.00045224363620673054,0.00011627537974750176,0.0003267489276043579,2.625763922417971e-06,5.5524733958665994e-08,0.00036722678753064444,0.0006615008613903017,0.00036607866063094154,0.0016140488736269211,0.001023683376808811,0.0007093504969583231,0.0018617966237063385,0.00047798184091951977,0.0013212642121619015,3.052493806039676e-07,6.244949379042132e-05,1.6269313886705767e-05,2.4302138807678435e-07,2.0879071065407148e-05,0.0009197889856813546,2.2683008127564092e-06,6.826734434562047e-06,4.250572361263731e-06,8.077266936586924e-05,0.0006557640844755149,0.001012818142886303,0.00019062535392275974,2.3913764845518733e-05,0.00094426610195037,0.00025030028838933223,5.746220200886837e-07,0.0006864400778875956,0.0012690454153925915,0.00028406264420927747,0.0003548520826573691,4.451312731796596e-06,0.000441378290123222,0.0005528584260768225,0.00032849159292008253,6.58479122721726e-05,0.002571299337838901,0.0007609246192599339,0.0002781365171602516,0.0003333210510301986,0.0014961472224797186,0.0008514299884622897,0.0016622902113261502,0.0021756218752897825,0.0008455916579032621,4.8507950349945794e-05,0.0004522115672294429,0.0004997874342900239,0.0007332919503922952,9.791240225231244e-05,8.458350750112016e-05,0.0012539980526785083,0.000837800196398201,2.875898110117071e-05,0.0003671364055196794,0.0015323760782471072,0.0005311513912316792,0.0004371655661167311,0.0009087723061849286,0.00027242180743878127,5.125929667201726e-06,7.196827151266419e-06,0.0009496558230783562,8.219070787727073e-07,1.0787861149661149e-05,1.3204303294804664e-05,1.3556137884289944e-05,1.3855536566768167e-06,5.01548195112202e-06,8.643966083775875e-05,0.0031038970109543863,0.005898032638435557,0.0011679148443973983,0.0014090872836252093,0.0003379191823065207,1.330273500197329e-06,9.110488096241736e-06,1.1563637648998223e-05,0.007585766230990592,0.005349625603177296,0.006542088733923032,0.0003054816685813997,0.00020693198996881725,0.0013324966943593676,9.873239194401341e-06,0.0006952666169581002,0.007585766230990592,-0.00023540370540185249
r94 N2H4 + O <=> H2O + N2H2,4.5149740569754343e-08,9.184730147700592e-07,1.1674803125089078e-07,4.2110515481425714e-10,3.046644577625932e-08,1.2070364016091578e-06,6.635335027094498e-09,1.2604259568510756e-07,4.076101327768426e-08,7.272969983203878e-08,2.3329683075185947e-07,0.0006434059961492205,0.00015055686877126582,0.000407308769557202,7.930867388783661e-05,0.00012766172480088492,0.0003681481284653962,0.00029991541893343817,2.1955477921867006e-06,1.4286333346220207e-07,0.0005833471555420156,0.0009675650005737919,0.0010897622404272226,0.0007427031189026051,0.0007785587446470894,6.039332127390187e-05,0.001962073288007454,0.00024330609333927426,1.1059449067561539e-05,8.74430938717148e-06,2.870741147920158e-05,0.0008288708184317639,9.272368243114391e-07,1.3011555872688843e-05,0.0011390172648149618,5.105044800577623e-07,4.028317028789793e-06,2.0873079098357917e-06,0.0005579828449146082,8.962182222385797e-05,5.071115847563986e-05,0.00020504464191444443,0.00048802959340073205,0.0005231444591727352,0.00011834524027357383,1.198946884786864e-06,0.0014493068356625507,0.0028632254827145377,0.003640830754963367,0.001556180325752696,0.0005781474017121179,0.0005908217883134617,4.1758544371577725e-05,0.00033100963459567885,0.0024968653775716983,0.0026043666137875307,0.0006734875989835602,5.6246004385807686e-05,0.0005445673999858077,0.0005755861512808371,3.543972205030642e-05,0.0005266576138370498,0.001013689131799036,2.892768346564629e-05,3.608771169778259e-05,8.767090246461868e-05,0.0004681683253634685,8.439385225064038e-05,0.0002124263335280127,7.540869642937594e-05,0.000513804617098651,0.0006999910410198161,0.00010294989292027255,0.0006174981375615965,0.0013684623539655589,0.00039043208066176055,0.000937808160342507,0.00025171410368428793,0.000444525149249762,5.345667968370062e-06,7.454410566570776e-06,0.0008865826214707767,2.3722423576328507e-06,5.332183229784047e-06,7.30689779610786e-07,4.737001259101924e-06,2.6421825154322152e-05,6.704080418212372e-06,7.140286179581383e-05,0.006093766587705788,0.004703729326054302,0.0009442483208991375,0.0013548816684659526,0.0005052256000207009,1.0153606024707753e-06,1.1372280661130865e-05,1.0632043793702579e-05,0.0010488032433568356,0.006594033577177845,0.00042425104793729644,0.006805459574372182,0.0033673098005292013,0.0009022015758091866,3.3735644185333075e-07,0.0006948365381584022,0.006805459574372182,-1.9003445956866163e-05
r232 H + HONO2 <=> H2O + NO2,8.791870869364999e-08,1.0318745691525753e-07,1.2450089619701905e-07,4.525739212179987e-09,3.283393066941487e-08,3.3337745286452085e-07,1.703197646462748e-08,2.141211980794132e-08,3.413694772263188e-09,2.98186200432043e-08,7.987933019228478e-07,0.0005480447137959946,0.0004043853811484134,0.000630358723108288,0.0007282434087124368,0.00033013336985664534,0.00026037176575780083,0.000784473762574186,2.6944826790752217e-05,3.12607176072153e-08,0.0003014722654879883,0.0006122103633449489,0.0005840914205365944,0.00037227260622577427,0.0017931937949196162,0.00036115679145964664,0.0011404877930277395,0.0001293158130402911,3.123770494128404e-05,4.3009235299247434e-05,6.05321273298763e-06,0.003082218657297019,7.898594711812395e-07,1.11436825015454e-06,0.004751783431433731,7.379684050180122e-07,9.160505485109335e-06,1.0767160862183193e-07,0.00016567327368119354,0.0006775018601268894,0.00010420993965865638,0.00041627648668799073,0.00011863570777865158,9.414936812395525e-05,7.229513853109512e-05,1.1497815812624294e-06,0.001070513235268643,0.0008025076514401989,0.00041427592897347093,0.000977988586541476,0.0038241718334647147,4.9364002927941307e-05,0.000667205937062552,0.0008999055414568929,0.003404981193477469,0.0015217299158613164,0.0008493813982277572,0.0009388790772786324,0.0011433071697255668,0.000978821641903523,0.0005901870829484458,0.00177927074415942,0.0016041521798490954,4.3776131300768166e-05,2.8225004407545074e-05,6.775072303055034e-05,6.280121088959033e-05,0.0007902594926123829,0.00015005405036225202,0.0003616868358069505,0.00030761559601690474,0.0004326530644393567,9.45656159490244e-06,0.00048671861171210976,0.0007555686433639634,0.0009356743877837149,0.0008318388087684145,7.194408230101766e-05,0.0006127587506618773,0.00015413601839178343,7.709518477870428e-06,0.000912572218450463,1.2862052002264607e-06,7.745067949419238e-06,1.0573836562321567e-06,4.61241743188519e-06,3.202870111644983e-06,2.9917007781602986e-06,4.3156740848983836e-05,0.005427708278267498,0.001455114612034138,0.0012524134375752228,0.0014776409273799087,0.0004745259597168578,3.1024951639997914e-06,3.878894807499505e-06,5.865074763069609e-06,0.0024403935317896257,0.004822399433910642,0.0034281794772648678,0.0025293317032013063,0.00019809122583254912,0.0008972552970874828,9.252086200308541e-06,0.0006885951605519942,0.005427708278267498,-0.0001325376414057761
r115 2 N2H3 <=> N2 + 2 NH3,2.1647217732076046e-08,9.094682440194928e-08,1.6134136282439893e-07,7.68886718957705e-08,6.560051303613934e-08,9.370055403681268e-07,6.69729678774735e-08,1.2854189199978752e-07,8.218603390158026e-08,5.870635210961912e-08,1.5044207152360383e-07,0.0001909661014299818,0.0005810201017906832,0.0006824385074611395,0.0009459198176469323,0.0007083767591235772,0.00039171759154085794,0.0004075692935079049,2.9914812018821072e-05,6.10301212247318e-08,0.0004778953717801771,0.0003610598826908915,0.001168541430214763,0.0006250054738907636,0.000662458043030629,0.0010129812865405877,0.0019567698995533703,0.00014870941656325531,2.77093474992657e-06,6.022033527875859e-05,2.8310295419840354e-06,2.0890590048725078e-05,3.908601806603139e-07,1.9516997907224303e-05,0.004033227326195059,1.628873761093061e-05,6.533656813464474e-07,4.221407743417843e-06,3.088027826793319e-05,1.6703924759100976e-05,0.000534987599351522,0.0005361641317735711,7.171932586100044e-05,0.0003245415891389219,0.00029462600275322677,2.069709914862175e-06,0.0013258992566281386,0.001985177320463396,0.0012407349474504782,0.0018350782155738881,0.0018588232730656592,0.0006897425590236671,0.002137792279977201,0.0012175519137602004,0.001972458205904893,0.0014617584100769443,0.0007865693262753808,0.0011218028374893453,0.00033369891032079374,0.000198678376983814,0.001332283605461358,0.0008828248419047437,0.0013816530709965004,1.758214661330682e-05,4.510174153660933e-05,0.0005092738968845786,0.00020056084506137704,0.0007584954760310101,0.00015770307970900213,0.00022004216944181547,6.846937860598638e-05,0.00020654216509996917,0.0001655336674298236,0.0013622276953559715,0.0016841317705549796,0.000786905764724933,0.00026586462556375237,0.0013724538429289454,0.0008460916876635592,1.578022119723915e-05,7.154224968770656e-06,0.0008618580184479524,8.550315359939727e-08,5.631154635072949e-06,1.4486417310783865e-05,4.943127966344096e-07,3.0140871806343486e-05,6.6605678793174445e-06,2.6489468701681545e-05,0.0008601859503431818,0.0008684872602739517,0.0016977807054557963,0.0004141908581655632,0.0009597881789844835,2.4371706045265557e-06,4.824862919252781e-06,5.8687564338218506e-05,0.002479503638542019,0.0026738292872482117,0.006235719823623529,0.006988609776393719,4.534175488623546e-05,0.00029025512654904057,6.958917332508642e-06,0.0006856811364060677,0.006988609776393719,-1.3104161820320275e-05
r24 H + OH + O2 <=> H2O + O2,5.299067698887868e-07,2.599404961184584e-07,8.436821970589572e-08,1.2515789921604146e-07,2.3696451632578411e-07,1.6845643931857813e-06,1.0992263500974143e-07,1.114655837298805e-07,1.718548256800885e-07,1.057164848624833e-07,1.3650011709943533e-07,7.945588189546401e-05,0.00045039096649383755,0.00029698781759396776,0.000667669695660515,0.0004016438402079706,0.00015615016695473744,0.0005428974262662443,6.854621129193239e-07,2.5051406929973235e-06,0.0005376582582010442,0.001156381825493062,0.0004091195899078851,0.0009101550507099704,0.00119528044644518,3.4775046240935734e-06,0.0001721231693850361,0.0002633444080604715,2.582234172300566e-05,9.154475518227288e-05,5.174249696427702e-05,2.6600644576740213e-06,1.6471811939696043e-06,1.7315837857238745e-05,0.0003501004000365019,1.6154049985679893e-06,3.8718497738971965e-07,2.334314357942224e-06,0.000412280267462873,0.0006205113696691067,0.0006451562576842345,0.0008387420352317751,1.1070704359921318e-05,0.0004904919448115147,0.0016131198530381973,2.4024313164120288e-06,8.228962850889548e-05,0.0010864686045678996,0.00034346908809377745,0.0007080955007808639,0.0007990187264224807,0.002514504576258298,0.0002370521583008501,0.0006475203773421169,0.0007116640406640742,0.0012911220468228076,1.1864545006328435e-05,0.00017294487190353122,0.0004117849542111621,0.00024605498104202735,0.0004714723368474665,0.0009464372761009415,0.0023058272890185607,4.135269958837362e-05,8.42781396299051e-05,3.305689492277466e-05,0.00028928852139433793,9.745972750482983e-05,9.202950296405076e-06,0.00044583403022006884,0.001421144323965399,0.001383672110619768,0.0004744879404692524,0.0012850497927046182,0.0001426362947507013,0.00030013068638412094,0.0005060850791754551,0.00046314975619543417,0.00044784700167076967,1.1486548305340775e-06,7.337717088492183e-06,0.0009200838197433457,1.3165186870830303e-06,6.3204535023713265e-06,1.4861244718038638e-05,1.5179366348674165e-05,2.7651444478912748e-05,8.522098531964716e-06,0.00019811044444777073,0.005301853342611354,0.00013237241790416024,0.0014263191443232438,0.0015723900371539333,0.005141821484637052,8.294815879912933e-06,4.572462380444202e-06,5.7802143182810673e-05,0.004774307097187944,0.0050222042508519475,0.001584789665908214,0.006412347552992751,0.00451663364174849,0.0009865308445956662,6.270625130253743e-06,0.0006825936163290266,0.006412347552992751,-3.0435254587266398e-05
r242 2 NO3 <=> 2 NO2 + O2,2.0112315361110298e-07,2.7150221635976456e-09,7.408656483157656e-09,5.349480233196707e-10,5.063484848461641e-08,3.0556662747121125e-10,9.762376173809324e-09,4.8801055743990406e-08,2.30657942097604e-09,1.4048381846024897e-08,3.252188056200931e-07,0.0001392852944895972,7.769702258542386e-05,0.0004903154290168722,0.0009585052040589227,8.389179081783698e-05,9.208412247989883e-05,0.0005377789280247215,2.4713008574345114e-06,5.974528597454773e-08,0.00026295061261606353,5.1816346161513e-05,0.0004256255709322647,9.902621810123808e-05,0.0014034665606345185,0.001113226987911628,0.0008593678833310761,9.229906765928373e-05,1.588112528928267e-05,8.716767898427213e-05,7.220007528062901e-06,4.168267082434905e-07,5.563488894960919e-08,6.241251748570373e-07,0.004362008781129161,2.302142936874572e-08,9.304653376932881e-07,2.2609697904295923e-07,2.7882454978602484e-05,0.0006207585104042604,2.946387211480061e-05,0.00013205258369637857,1.5943114579220464e-05,0.0002974485674766964,0.0006383192721154845,2.0650186277458456e-07,0.0008886622313398152,0.0021999251255017576,0.0010067944892201612,4.113228722079559e-06,0.0005619656660198965,0.0013243601070813003,0.0026249877196870917,0.0007802742560341223,0.0026017312349098354,0.0023120435274315734,0.0007303703609142663,0.0011973771972759312,0.0005717883236326305,0.00021827121368367427,0.0002587668821118461,0.001074131701498003,0.001397684061279077,3.873024381117481e-05,1.5158888167466437e-05,0.00041070535692272356,5.147888764075925e-05,0.0008812913593046955,0.00015101446081619107,0.0006386663741174669,0.0008886908759230107,0.0006121300219168377,0.0007653657429549251,0.0009453956596883238,0.001070373671596423,0.0010271223392589802,3.9256556154255805e-05,0.0007578589089136482,0.0007374665069139512,9.057906681975614e-06,1.4473820168337817e-05,0.000971762670101422,1.8000271807093946e-06,1.3880901769740128e-06,2.773384000396445e-07,4.5270914827940744e-07,2.4485512801923693e-06,1.1608927971742185e-05,1.938160730162752e-07,0.00024794692686514765,0.0048915328732013754,4.76297853396773e-05,0.00404216771784919,0.003853404594682871,5.005352074425716e-06,2.2253629920623118e-05,2.0971966886628258e-07,0.006668078630406208,0.002150601373055214,0.0032600995245586793,0.0021565627318495487,1.642985113872181e-06,0.0008928381800726883,3.899905077152056e-06,0.000682388947619209,0.006668078630406208,-0.00029362089938277905
r110 HO2 + N2H3 <=> N2H4 + O2,1.2588438664344018e-07,2.3870143557176e-07,3.037106537583086e-07,8.553467747470303e-09,2.220550196403591e-07,5.918442950449244e-06,4.672699956638506e-08,4.400819436912565e-08,2.498883800633014e-07,5.452299675484349e-09,2.368842854872822e-08,0.0003142175390399154,0.0008354083069023715,0.0002801311555585014,0.0004938192105155501,1.5152566393949465e-05,4.515153032330295e-05,0.0002163976398502614,8.974785517250603e-06,1.7866002294230175e-07,0.0005290761014233166,0.0007862004628675005,0.0005154504972528846,0.0007818541868943398,0.00033268609534001513,0.0002484653504966973,0.0018990566215499752,2.8491173483261037e-05,1.295238641421832e-05,7.724452186377966e-05,4.964240908865971e-05,1.9305292940073903e-05,6.15536064569598e-07,1.2459745045956737e-05,0.003417283464059403,4.650698133432062e-06,1.1977335736187814e-05,6.563374871505193e-08,5.960132101065784e-05,0.0007009556555083402,0.00044702443379806845,0.00034792587303408444,0.0001742057718417542,5.901507968022176e-05,6.09416214151752e-05,9.311450026920189e-07,8.692360424784178e-05,0.002652817486263415,0.0032523085976484743,0.001862198295364606,0.00021751176005863876,0.0008432015468604096,0.001513203503192003,0.00048252835339549464,0.0029183569608234937,0.0014729417046179267,1.4699513862327722e-05,0.0003898201202190054,0.00012942062967229222,0.00033002224093288033,0.0009024381662382076,0.0011191053099677732,0.0022803908138560314,5.0975644707514567e-05,5.559164083113953e-07,0.000158993409881765,0.00027950359285155003,0.00015252347170650147,9.314803571575304e-05,0.0002745581083845209,0.0013974565541468595,0.0006517689659279757,0.00040036083803480295,0.0015541918043341068,0.0001889370740342382,0.001057506336218694,0.0006913557144037816,0.0014154978724005435,0.0006139570995127016,2.9774064192218462e-05,8.396660849005575e-06,0.0010126497406791818,3.6755973455566485e-06,3.3345488448539436e-06,1.5724761088964645e-05,1.5697872302095362e-05,3.066016159673038e-05,7.157196220374113e-06,2.8323026934945054e-05,0.005752034574725578,0.0012522024180202998,0.0012393451892940555,0.00024111235427676998,0.00039920228063066403,4.349762580867951e-06,3.122575620248145e-07,3.866100612832483e-05,0.015848145462498013,0.001250952267157234,0.00010996737901186569,0.00027461114839083474,0.00020916022046288564,0.0009248720739305804,1.0703290791227676e-05,0.000682258666167689,0.015848145462498013,-0.00024960368063504706
r31 H2O2 + OH <=> H2O + HO2,1.9796406596824477e-07,9.65534899357575e-07,1.5814061801903696e-07,6.107704819083554e-08,2.012080304430821e-07,5.532012927743676e-06,2.397793337699686e-07,2.2059097758640775e-07,1.9231150010800183e-07,1.0206176174913227e-07,3.527904132551188e-07,0.0008561505335892275,0.00022612946286849523,0.0008592843959894553,0.0008362272520080795,0.00036485475385831964,0.0004563786174950191,0.0004301977941021181,2.9948485633955455e-05,2.9590578221034984e-07,0.00011302769881114002,0.0007082113411886013,0.00011895039736176387,0.00025432768094874194,0.0005219458159021652,0.0013116132519330175,0.0006649324038773075,0.00037664712289760943,5.252938122938656e-06,4.661870085248634e-05,4.632215333891402e-05,6.692126528224269e-06,3.7470635154705424e-08,0.0003055246095967972,0.004935124410468809,1.0206727537720735e-06,4.891563391475775e-07,2.431881440490896e-06,0.00010407898017253178,0.0006669588601553851,0.0009798836232440856,0.0002870731462862571,9.399440706831601e-05,0.0005183640690128669,0.0008263034090763259,9.198846486633573e-07,0.0008084424614498782,0.0017402556389512975,0.0026968532748644276,0.0026086424258543336,0.003882350980232316,0.0006868657612086242,0.0005691471385359698,0.0011142041724458071,0.0012031520718601043,0.0015133375774831594,0.00018134866697811828,0.0011373244480001633,4.97050477649756e-05,0.0007075505539237506,0.0008940919632456216,0.0007278052954457537,0.0014670657814488811,5.857740735287503e-06,3.6621673692337485e-05,0.00017302410663889558,0.000274924859205965,6.252190904383997e-05,0.0006566482008780155,0.0005086958555343466,0.0012283773737839176,0.0002373332963704317,0.00018990806935047564,0.0005972743151299049,0.000888748698508037,0.00012936407191531832,0.00020127004766257148,0.0007392959002338836,6.90374348683514e-05,2.0961756436260867e-06,7.164662393599314e-06,0.000903402949588818,5.070588225229484e-06,3.4973844181815465e-06,1.5805395082657194e-05,2.9407904556661487e-06,1.7629504473503036e-06,5.3525914586136105e-06,7.313041951336708e-05,0.0034432772734660656,0.0008486945960815239,0.0057076595417305635,7.730348413250527e-06,0.0003583531237124705,2.8994958157344675e-07,3.659763928926245e-06,2.6631712631049277e-06,0.0012427519719696333,0.0005012913144838563,0.001144791144213984,0.007647751122771684,0.003520546727661539,0.0004712216505189753,2.1309812556970458e-05,0.0006816701838306786,0.007647751122771684,2.901455169691458e-05
r240 HO2 + NO3 <=> NO2 + O2 + OH,8.995222006319021e-08,2.91093178463647e-08,1.172180018109925e-07,2.6274363291035307e-08,5.9441175501467125e-08,1.0270557122872362e-06,2.3612688473588152e-08,1.002522281295984e-08,6.501158474967793e-08,7.708613561044568e-09,5.566980445327597e-07,0.00042093080958963624,0.00044318267006109523,0.00017448962000831905,0.00044627382925780144,0.00035824621212920564,3.673427534774933e-06,0.0004748435501845867,1.2061933626661368e-06,6.652446100006633e-08,0.0005513340638899225,0.00038881304170453474,0.0007722808604182547,0.0005183140685376357,9.503754314188824e-05,0.0009400744638887876,0.0019264772636447872,0.0002173956275470268,3.029624909234128e-06,2.5321051004081384e-05,1.2341708997626606e-05,2.9496647751704464e-06,1.4079796329892715e-06,2.0421601925517503e-05,0.004079782086309031,7.352099415150172e-08,2.1846240945802734e-07,6.830721507196404e-08,5.391406080182839e-05,7.703665005176086e-05,0.0002791336901876454,0.0003866710078802212,0.000770002611657902,1.7456538290050622e-05,7.943666736372649e-05,1.0354430462438357e-06,0.0007435542994057605,0.002939579735201432,0.0009941473586056885,0.0031583163173373946,0.0001224832898459011,7.647439846866847e-05,0.0006468009234382173,0.0011685467880296445,0.0018764745877581526,2.6030767199599946e-06,0.00020999717137522764,0.0008801457326712365,9.999694171053262e-05,0.0006120791993913351,0.00022722296871996854,0.0025151088289140323,0.0016704505724451544,3.547440856113166e-05,1.5549929417719018e-06,0.00014624203075040994,0.00013344652627230984,2.826543518834737e-05,0.00019118983306734224,0.0001491809811323754,0.0007949615827097023,0.0007205458070227954,0.00017675209728265574,0.0009230684759107946,0.00023350762515930457,0.000983925435046583,0.0004517387351905347,0.001357604018332374,0.0005167970645534013,2.3058864970299624e-06,8.381709571341974e-06,0.0009672040669567345,1.3764295057659442e-06,7.135432424744664e-06,1.537086179309677e-07,1.4115345280509552e-06,9.38530919615409e-06,3.6618459557390953e-06,0.00010294413092212928,0.005091624984193605,0.005852868644387839,0.00283705846951442,0.0014536612751170639,0.00037478012651808124,1.329578842518402e-05,3.0474705836119417e-06,6.13532866422317e-05,0.0009734391653446014,0.004405779622460612,0.0018436994667211115,0.0024812763279822105,0.005087126403756047,0.0005509045542042806,8.187220410758799e-06,0.0006776466601284229,0.005852868644387839,-0.00019128231264709447
r35 N + NO2 <=> N2O + O,1.042956728589786e-08,8.805661137042511e-08,1.043541666342801e-08,1.4064768003840344e-08,5.883220800989312e-09,6.241130857341436e-07,5.506349670439401e-08,7.135677532458718e-08,2.7537040173510795e-07,3.890049013910865e-08,7.882758969736372e-07,0.0008513672261030575,0.00017136832618699455,0.0002622501504301781,0.00040381075881478146,0.00041434690023508267,5.280495011029839e-05,0.0003021136257965578,2.7591787472396628e-06,3.280905858324958e-08,0.0004752693937731981,0.0009481635646906251,0.00010296968183740981,7.247906739198821e-05,0.0002064037605834917,0.0005331280843731416,0.001935285547820081,0.00020318314648633699,7.167567448785744e-06,6.612495684354394e-05,1.6940421053584577e-05,6.130699728329467e-06,6.41876624489507e-07,3.769180952665835e-05,0.004145682494436033,2.0165539745489854e-06,2.7349927919182856e-06,2.957911042750017e-07,0.00028295240880931176,0.0006717238755934053,0.0005741577777200246,0.0017695581955403947,2.8294334443562505e-05,5.84235796020424e-05,0.0008321645795804305,0.0008846227313536144,0.0005438034653992604,0.002817571940365276,0.0029844897716926684,0.0006022784338051181,1.588050810060043e-05,0.0012592609996380354,0.0008757997184265885,0.000980060418272319,0.001027210101712389,0.001478557477135567,0.0009780631319006928,0.0006722597292504981,0.0003411545719712022,0.00030216095880574383,0.0008242015729443471,0.002373489992110169,0.00059601844608908,4.240338150613583e-05,0.00010890973383382222,0.00025730193098813417,0.00014117318541997335,0.0007797529488320631,0.0006494333324677827,0.00042527968174291405,0.0011535128423960867,0.00048234111501128143,0.0006944517483585084,0.0004028198483323953,0.001441666564148414,0.0006232716130542721,0.0009902555898550702,0.0011246732814653632,0.0004879350179697069,1.2699565168673297e-05,8.255089535397598e-06,0.000939242144441916,2.015403033881866e-06,1.9376413212898163e-06,1.4672955937316222e-05,1.72802343940252e-05,2.711299052280021e-05,6.713253674240087e-06,5.951532776782206e-05,0.002880123325950128,0.00014088912623107518,0.002333283074121278,0.0025278669422552904,0.00036532057809231483,1.9387739118977646e-06,4.613325191679461e-06,6.179903830204195e-05,0.009201185522263186,0.0004968431592874497,0.000993835263632133,0.0050873258147196955,0.00018568521015138598,0.00029284270439259007,7.588984982120778e-06,0.0006776449160637294,0.009201185522263186,-9.039327094442778e-05
r197 low NO2 + OH (+M) <=> HONO2 (+M),8.776634675331151e-08,6.679982321418443e-08,1.9602835440707313e-07,5.650510129490555e-08,1.146598955823737e-08,1.6661984173231577e-05,1.3977392379887998e-08,8.188507755467664e-08,5.115815270767515e-08,5.645982849129057e-08,1.610762263764844e-07,0.0007648034078358622,8.967859203966135e-05,0.0004838607678969841,0.00013184453828783926,6.0525983603095634e-05,0.0009938074169331215,0.00035818486233828834,8.961950829723308e-07,4.008000559696533e-08,0.00023400512107625242,0.0006793689759609792,0.0008017053239536854,1.9115909797071484e-05,5.0741422942211575e-05,0.0007459587146062745,0.0019256450519365244,0.00041804304274187725,0.0013232983343300039,1.6625473232616628e-05,3.710611928850826e-05,0.0008314649324984017,7.2184767925011e-08,7.190815195887117e-06,0.0035002396153713854,1.8602645649821324e-06,1.3475918712681982e-05,1.0433506695459035e-06,0.0003191155508395662,0.0006099945755361807,3.1810888884432147e-05,0.001717462437164935,0.0002362588941902125,0.000997315816006793,0.0006425889774113291,1.3118827622477197e-06,0.00015987459258121533,0.002714270837467539,0.0018214816815428484,0.0022471167570757276,0.0019126779514261059,1.8207653422244945e-05,0.00012233212334478673,0.0008771857447585793,0.000580238649202726,0.00217499388680993,2.179541552351059e-05,0.0007094551980292043,0.0004863696939648045,0.00015295124013416347,0.0002440032575420593,0.00032039446232588845,0.0007829811549695902,6.114074045722832e-05,4.597243241327622e-05,6.730893027449245e-05,0.00018239598145801484,1.7707397306073937e-05,1.7899085063381377e-05,0.00013597508707320708,0.00011390751125841773,0.0006054230121805476,0.00041174317213902423,0.0006645067616205679,0.001259829687626479,0.00022011665306211807,0.00014387636468860478,0.0002983590647790891,0.0007951428374128127,9.33255605645907e-06,4.972981258952943e-07,0.000949014207086705,3.677420982458872e-06,1.9150622229283863e-06,1.5391932477991526e-05,1.424882043222191e-05,3.2048074922905745e-06,5.617397747362715e-06,4.589481206825919e-05,0.004819577554877018,0.0014725447205102807,0.0010091732686856546,0.0027624375259408243,0.0003909176483886591,4.133061691905547e-06,1.3120654057277244e-05,2.9119284920695647e-06,0.002717335963767608,0.002386981821530738,0.006314581864009876,0.004205439616322826,0.0034586992568818374,0.0012477927699007128,7.729376443706939e-06,0.0006760933933659588,0.006314581864009876,-3.05312747070312e-05
r233 H + HONO2 <=> HONO + OH,1.2134104970822055e-07,1.3491520129780959e-07,1.0739146962226988e-07,2.060812376305692e-08,4.229176399987556e-08,5.447160336344188e-07,2.6002797428878857e-08,2.303462044387349e-08,2.638422248712188e-07,2.871317962359886e-08,2.782745424237133e-07,0.000284119374620594,0.0005002421914578217,0.0006304664297527785,0.00011265628328746057,0.00023011133282709053,4.2643616365946324e-05,0.0009599296073758471,9.962858283191537e-06,3.2147128846062364e-08,0.000480383975880477,0.00045802522860492235,0.0005951619406140201,0.000905137324395602,0.0004737976114949295,0.0004904307799186955,0.00040273950902990747,5.7649742671472324e-05,0.0013350750631228394,6.949692752558975e-05,4.786197019359021e-06,1.552398501066666e-05,4.106935464500777e-10,4.980459981312948e-06,0.0048983733991149695,2.494010914983533e-07,2.4163708122799353e-06,2.41995054413397e-07,0.00015422401658686573,9.604691568736186e-07,0.0006080788853157372,0.0005384880858778044,1.1434224474157286e-05,0.0006752936395782055,0.00017300264189315517,0.0008724806301368923,0.0006291315679314386,0.00162927687056348,0.003665861387653997,0.00022365234425075252,0.003678394775641349,0.00018873883320715522,0.0003971802983863661,0.002161837906600051,0.0007849315482548904,0.0017429699543359523,0.00012957108474223513,0.0012474041443669088,0.0006652707522899994,0.00016573311320124468,0.0002891282787215414,0.0019511545042437317,0.0019811296439660496,2.787260597330628e-05,4.976211152403646e-05,0.0001372329622250448,0.0002889831924683154,0.0002687010427336811,0.0007671846821368558,0.0005025423617686306,0.0002548333417839207,0.0006667636640333673,0.0001310887512518339,0.0005302530657228569,0.0007673308700770435,0.0002124899492971489,0.0010003531875148889,0.0009070074689036836,0.0007427972769460013,2.2387482598368974e-06,1.4824464423395277e-05,0.0008895443750553591,1.1146013236863435e-06,1.0991450229620598e-05,4.1759107295129735e-07,3.456430095916205e-07,1.6465669147729914e-05,5.904430551469327e-06,7.523370876584776e-06,0.002619227451997034,0.002181012712865765,0.0038401361732078405,0.003168831704505797,0.000640939222730557,4.497085154179017e-07,7.217389402855255e-06,0.00010850470584781457,0.00010890810642227761,0.005044129977850691,0.001781249238921388,0.0037447514032629987,3.676061799491931e-05,0.0008394828111570446,1.822213687653052e-05,0.0006718840878402836,0.005044129977850691,-0.0002133200634976408
r143 H + NH2OH <=> H2 + HNOH,1.491312237403266e-06,5.710363960726462e-07,2.60796100147197e-07,2.729977367774966e-07,1.502759274428897e-06,3.690831335479166e-06,3.1587953894139355e-06,2.5553650696054765e-06,5.620428334898145e-06,3.4889743262057953e-06,0.001336972501584103,0.00017626943295074945,0.0003632063886839426,0.0003091474776017058,6.595079133765707e-05,0.0003629572844618585,0.0004530961588641007,0.0002660853279119449,8.035292782992033e-06,5.293962980245064e-07,0.0002586539661169749,0.00026661291344149405,0.0010567764162446713,0.00039396481757845905,0.0010899553280784569,0.0007756104908892535,5.3735112037979005e-05,0.00023392755714444162,0.0013388119869637892,4.0856783520563774e-05,4.3355569715680164e-05,1.7896671023803837e-05,2.782379239617074e-06,8.379537862409577e-07,0.004104576054322106,7.066953611838878e-06,7.007385080159212e-06,1.3524795158080149e-05,0.0005326338101257465,0.0006096963894307206,0.0004994047428370943,0.0005582220784954746,0.0007521586472848605,0.00048667760970052637,6.765839357216452e-06,0.0015386670657555719,0.0004444195294840148,0.002590480007678838,0.002629485913312116,0.0023661826545571607,0.001139815136226775,0.0011997867030938494,0.0025761812586685843,0.0007179744673840034,0.00028405127444688466,0.0018325928775839821,0.00037148228151792927,0.00022376385697327905,2.173621582326464e-06,0.00026437036996842064,0.0001479756557667945,0.0025177722990550088,0.002693124349490651,6.713881615719751e-05,7.315415466065226e-05,0.00015511563178489805,0.00038671474865872797,0.00012005490669337073,0.00039787217669245224,8.61284460077342e-05,0.0002648471317879737,0.00028373344761626604,0.0003039486208703162,0.00015479672672173505,0.0005878362702809217,0.00022928138377793623,0.0006002185379279575,0.0004153317653177074,0.0003909057628049216,8.691045440899894e-06,4.327745690645593e-06,0.0009078229136964377,2.649648417332874e-06,1.2224554734927353e-05,2.4983944446459632e-05,7.73442873920769e-06,1.1612231392169773e-05,2.964049154841847e-05,3.813409191665986e-05,0.001476609885173506,0.0026973495575368985,0.0003354038073855389,0.0014773122431432772,0.004657162748551661,8.997457136624204e-06,1.531282839947417e-05,2.4957481476118013e-05,0.002987990162179779,0.007493242457291577,0.0002885910131477467,0.001927741070604238,0.0004821273099605999,0.0003084521782261679,1.0244416157692315e-05,0.0006712795111784979,0.007493242457291577,-0.00019193566226587933
r163 H + NNH <=> H2 + N2,7.200747114998188e-06,3.1846345187245584e-06,1.1284790409242674e-06,1.2477795044500442e-06,6.0376874506906815e-06,6.208764076758724e-06,6.464946426501993e-06,4.634587053791288e-06,5.504383830069184e-06,9.22283481195511e-07,0.00135193314726895,0.0004396433268117132,0.00025723891015131214,0.0007880910380833354,0.0007918038754479155,5.20132152021073e-05,0.000293923861721973,0.0003199131935700758,2.6076881906839622e-05,4.567027851087088e-05,7.26525996219414e-05,0.0005849278847078635,0.0003278683596996261,0.00038550672784868473,0.0006975660208603823,9.176145578966703e-05,0.0018662294281659934,0.0009945208047402484,2.8918629356640015e-06,7.73994723358598e-05,1.910887782548869e-05,4.643432579626415e-06,1.5120210612389978e-05,5.253444370893439e-05,0.0008734193296815282,1.0704019016306116e-05,9.426096898703592e-06,1.200384485864266e-06,3.465386715899199e-05,5.430834477276142e-05,7.15754435898402e-05,5.562139917923655e-05,0.0001456867243675909,0.000548384713194183,0.0016731538307823146,0.00039919207896372606,0.0008414330274170447,0.0009687934323444109,0.0013317037812007018,0.0004750140071713157,0.0024569147018137383,0.001407061935089171,0.0021921945954054894,0.0008593128999118622,0.0008146996062993153,0.00209338041201902,0.0006919353232252447,0.0007199471332724326,0.001104614444625752,0.0006773423351203285,0.0008414885699760682,0.0009137725868042951,0.0014836310995637587,6.648244765400037e-06,7.990206687745123e-05,0.0003260508379380143,0.00023955288697593218,0.0009256349696530652,4.5830305876988946e-05,0.00038874592735816505,0.00019700904769224818,0.0006607894322990739,0.0005059115494682288,0.00029383956306100673,0.0009865423046163816,0.00011259693214802911,0.0003399380738345046,4.673032884919997e-05,0.0006050191556213451,1.013977332646698e-05,1.3680189750063418e-05,0.0008961770141885423,1.4696696062335132e-05,3.0225326329719856e-06,4.43438903065063e-06,3.491273621751154e-05,1.2425503188595408e-06,1.6141994243342703e-06,8.183267791021547e-05,0.004158370320848088,0.00379713684069638,0.0012634924669364782,0.0025339338253731612,0.0005831980089470535,0.0014065044597452077,5.529840364012815e-05,0.00012941385757658517,0.0035820066013766976,0.0030121925860453003,0.0017928406559883623,0.004864499827487602,0.00014626887497097132,0.0021206564920718727,8.251357089056396e-07,0.000669435312204484,0.004864499827487602,0.00010331915038666032
r32 H2O2 + OH <=> H2O + HO2,1.8820577380652323e-06,1.1184105736480855e-06,7.205805186126513e-07,6.990833003153445e-07,1.1986864870787407e-06,8.135483969607495e-07,1.6475342464429366e-06,1.3410863762938055e-06,2.1449304296938514e-06,1.2621532911662269e-06,1.1433839515528993e-06,0.0005399843803623858,0.00034918833213875146,0.0006789542125160627,0.0005562688768088186,3.9492287890571036e-05,0.0003161710092020398,0.0002902294089942349,3.219717666698159e-05,2.2982273551199954e-06,0.00026287771818275953,0.00043313109444997525,0.0004939732241548968,0.00017383069835290134,0.0002053816548812769,0.00010789793685126897,0.0019567524043965115,3.260167515909942e-05,1.4173723696682074e-05,3.1384564488311295e-05,6.347117501689589e-05,8.576147143499124e-06,1.593949064894469e-06,2.2300799972398576e-05,0.004671084819960197,1.3445074415037597e-06,1.2785875968127221e-05,3.438251296643467e-06,1.489226411932463e-05,0.0005903862420942594,0.0005186098913772132,0.0006035528118629982,0.00037254167206181375,0.0007733015631558859,0.0014918822056037187,0.00033313353904984,0.0009779724563111012,0.002814493147590838,0.0011425302690393816,0.0005388381917378634,0.0003803991739015141,0.0006405505625647285,0.001811855186889068,0.0003843048308690997,0.0018690951659720441,0.0015133347155141365,0.00046471076543488763,0.0012038751478974056,0.000516149826652065,1.5373769473299904e-05,0.00039360526068115586,0.001957467699573367,0.0013028547503751095,5.310994835603918e-05,0.00012161260396724506,0.00022572365411298905,0.0003124960347322576,0.0006209000370326665,0.0005272310719369789,0.0004885965497957353,0.0015480083155641588,0.00019106195134952487,0.00041473554609736807,0.0008784374369753084,0.0011805481841137624,0.0006125021671623531,0.00020649560865333914,0.0011932290326760648,0.0002355973301247053,1.3932185519362815e-05,1.2375866061792732e-06,0.0006128566293139497,1.4957032850524691e-06,7.0967798313935025e-06,1.6625398863000514e-05,8.912184645862057e-06,3.237133649814989e-05,9.398259687350227e-06,7.531564763359762e-05,0.0031125471855563635,0.002061770253600138,0.0020604558311837396,0.002552400463719792,0.00034855252441468623,4.609577801313176e-06,1.3370943236779065e-05,4.3603135569571386e-05,0.004666566958743647,0.0035662207161509685,0.0056962325982342,0.00036374620848039676,4.0482748480126066e-05,0.0013956291245489493,7.100573360578783e-06,0.0006679219492801961,0.0056962325982342,-0.0001811003538087958
r178 HNO + N <=> NH + NO,6.895283895316595e-06,3.1120626280389146e-06,8.053581987175231e-07,1.0627374419854794e-06,6.497017960464385e-06,1.6252890126543565e-05,4.3640589050296036e-06,3.955229961329738e-06,1.021569816574672e-06,2.765452611009561e-06,0.0013509212834408322,0.00018712680620164139,0.00029960725818283966,0.00032780235823365235,0.0006904352307155168,6.644313947329794e-05,0.00012397884366134186,0.0003004619069087801,7.343320637419693e-06,6.486565395344396e-06,0.0004459935498593567,0.0007942231847936082,1.40640764996875e-05,0.00010626962371795273,0.0006026795588747725,0.0004364430562948156,0.0015889162051996454,1.6963726100560357e-05,0.0013222285406201454,6.708213043063224e-05,3.2196339985145026e-05,3.6463896808325764e-06,1.171431044480093e-05,7.208980483890834e-06,0.0014577643939176826,7.112117938091678e-05,9.790841994646364e-07,4.406791164455193e-06,0.00021023061257775336,0.0006361629646669243,0.0002578380068989448,0.0019343055717614087,0.00018815911821121683,0.0001355017405461003,0.00013440167995176105,5.924456392049167e-06,0.00028727226402675704,0.0007400588695093912,0.006521809881260749,0.002123390781346868,0.000330860616273275,0.001333754030669224,0.000393009823741861,0.0012214238255893921,0.002423807195343823,0.0014467406708520286,0.0009009698941303696,9.962505764360645e-06,0.0006418130118618503,0.00013084253429314138,7.660450606175351e-05,0.0016713860998620713,0.001990401998930072,3.1323747390616896e-05,2.8741174254012537e-05,0.0005111770868156831,0.00019921793005406579,5.8073723648876456e-05,6.437241056050956e-06,0.00012171209200908693,0.00038696479882598735,0.0007623099020892185,4.441314012952752e-06,0.0005484225463535026,0.0012268583300027692,0.000932645421594164,0.00014895332706784498,0.0011742560038985207,0.00047745867143608685,8.694869603758992e-06,9.323965820256908e-06,0.0007730901899364289,5.832493363134567e-06,8.584562719208484e-07,1.5703926458994183e-05,3.7195764009924824e-06,3.4244596513199873e-07,7.064091253866465e-06,9.399070105713621e-05,0.005870921797662697,0.0013530417918733821,0.0005077205478689599,0.0004245413120321409,0.0005008165382316085,9.431152289724999e-07,1.1360797011903643e-06,9.525368879373936e-05,0.002227930603878267,0.0027406890592055833,0.007750954960413949,0.0032545286858441935,0.00012787752475149829,0.0008777351924114412,1.9603429887541067e-05,0.0006675882741441675,0.007750954960413949,-0.00015805135179283164
r200 HO2 + NO2 <=> HNO2 + O2,1.2020810008994035e-07,6.050923329190972e-08,1.5872969408892419e-07,1.3056258608032158e-08,1.2117678015032685e-07,2.3331401136157031e-07,6.957702913884433e-08,2.9785319269090814e-09,1.26326638254732e-07,7.535001275007528e-08,3.2635354954073717e-07,0.0003059950022385874,0.0004898629549318079,0.000474150224869111,0.0005504558687644418,0.0002298911885018546,0.00033055997270288234,0.00034309693946835997,6.7720517835687556e-06,2.5911777904238054e-08,0.0006927385789266993,0.0008899051313641092,0.0009429559440760258,0.0011525110267840888,0.0011878007066105317,0.0005973780776090914,0.0005323148460068976,0.00013491476688822664,0.0013366824781227324,4.100463857972602e-05,6.050493676561808e-06,1.981459137107506e-05,9.552225225110187e-07,5.292749383511602e-06,0.005250598275883017,1.1371467452470625e-05,2.053364739058841e-06,1.7068789120182744e-06,0.0002808611668457008,2.074264582646107e-05,0.00036481861001386417,0.00018157654274301408,4.824946947405934e-07,0.00038375842698990176,0.00024891161696765957,0.0015381201114099488,0.00019815195920203142,0.002584452103465504,0.0018440978647982264,0.00021120909969624759,0.0021168654101237794,0.0005549926259427815,0.0015862644010607844,0.0011581226423218694,0.0010754404649928335,0.0006113285926143558,0.00061834476878676,0.0008607895975101367,0.0008342999769517974,0.0001841821737229884,0.0006171630040772924,0.0023815442813424712,0.0006434503525930068,4.25130935056441e-05,0.0001039279028938799,0.0003396642350679808,0.0002519756476066082,0.0004911148527049467,0.0003846169734584074,0.0005402826362785201,0.0013388936306532489,0.0011112232361889921,8.13350346960878e-05,0.0001553501400094561,0.000570622641267037,3.517530293118778e-06,0.0002989536475082576,0.00021447915880738074,0.0007481405423787816,6.954705207016672e-06,6.9308371435308884e-06,0.0009527997423968358,7.853336590911592e-06,1.33201234623704e-06,8.64107828602559e-06,1.0732306812649495e-05,1.250635032278502e-06,7.090715954314373e-06,0.00017829361578014586,0.004125717485898105,0.0029426435561841872,0.0004307942146744081,0.0015361501631925246,0.0008625041276146772,3.883455840467246e-06,1.34546706092323e-05,5.952933615752192e-05,0.0009200879367687617,0.0016522139119037418,0.002661895769126784,0.00856498342161753,4.4925766590593055e-05,0.0010749732041504174,7.054508288418661e-06,0.0006672830700573644,0.00856498342161753,-6.915811638787264e-05
r98 N2H4 + NO2 <=> HNO2 + N2H3,1.453856548489233e-07,5.595209726197457e-08,1.442567862647763e-07,1.0603223638284927e-07,1.6551542079566518e-08,8.431165751222375e-07,5.434802123422261e-08,2.9744325386680476e-08,1.0347532938216652e-08,4.7067612282756e-08,7.278424544055561e-07,1.2964314819301502e-05,0.00012734784791170473,0.0009203662183690564,0.00028045454452835087,9.086610809138799e-05,0.0002064248637865351,0.00031084932217391773,1.0412727250283948e-06,3.8005963413442586e-08,0.0005224702710019406,4.235914543418244e-05,4.2154436303104366e-05,0.0012007061924228868,8.786317492804152e-05,0.0006372601767435989,0.001960112277756933,0.0003847006212823481,1.03399073440385e-05,3.466085597797255e-05,9.106257588779683e-06,3.545966951502597e-06,1.9229706618110627e-06,3.841435358407894e-05,0.004506932247032519,1.6372339941121586e-05,1.5146085112214167e-05,4.348245370942081e-06,2.257290816179523e-05,0.0006780843054222314,0.0004960023884032473,0.0001829316934953923,6.231858347775054e-05,0.0004201868997947757,0.00020974564830243363,1.0788391369788055e-06,0.0006252643460429327,0.0008255129244821821,0.003203726233084305,0.0017545015126732603,0.002217484574804221,7.092475284349336e-05,0.0003615994753135423,0.001027231864068145,0.0017204162928323254,0.0013064961528311536,0.00022734036642933645,0.00035019731046528397,0.0002177748137373949,0.0002693637354355121,0.0014049114938604486,0.0004958089334333603,0.0017178111338413335,2.645248172747371e-05,2.5615548839728244e-05,0.0004210536366019279,0.00012827704454438694,0.00038668490030039325,0.0005833414505116366,0.0004253556935491263,8.063830371188349e-05,0.0006351706217630781,0.0005075905393530343,9.518581327437779e-05,0.00045622431821392453,6.759093038175179e-05,0.0005777683907278679,5.190981982157498e-05,0.0006097192813454114,6.042595820169108e-06,1.4898315323463872e-05,0.0010681163185485877,6.694808387965358e-06,3.1809632049857745e-06,3.1450076590133824e-05,2.3375013852556135e-05,2.5612736206376726e-06,9.36824520172836e-06,0.00015550872268235092,0.00520060773374805,0.0014707298927376386,0.00044097945308660803,0.00254992198863833,0.005143932532753155,7.874990494400693e-07,5.675299324926328e-06,0.00010640657359910835,0.0010016853416392956,0.004955245668804366,0.005708281357785769,0.0037317761207739998,0.00019782343497162658,0.0008859648934310905,8.867555388942244e-06,0.0006648913106216371,0.005708281357785769,-0.00022165305190449287
r137 HNOH + O2 <=> HNO + HO2,8.332789502465093e-06,3.084770817790764e-06,3.8851140176409115e-06,3.87094354469089e-06,4.3277531938441744e-06,5.451646880941094e-06,1.777972638308161e-07,8.128071737344318e-07,8.156042124145078e-06,7.94138049361626e-07,1.4831276856330656e-05,0.00025995338153504444,0.00011967803221322674,0.00037370555475909397,0.0008867928390138388,0.0006123999033678008,4.935086495627396e-05,0.00041590600449832447,8.726233848002527e-06,2.959766097350525e-06,0.001083235092245243,0.0009711428123025846,0.0006347776799453151,6.37609812111518e-05,0.0007732524584510628,0.000677005411936689,9.767593776737076e-05,0.0003122737731947923,0.0013277621889217356,9.227835651733463e-05,3.2522215606301453e-06,4.3038669059779134e-05,8.15289186770761e-06,9.633529934518921e-06,0.0001360629234186451,3.357002151251559e-06,2.4977589474649884e-05,7.2240781881408955e-06,0.00043150420434456496,0.0006337466781011704,0.0007573309297862025,0.0007411665448340043,3.668052232124752e-05,0.0006379681900347428,0.0015064977671633505,0.0015481629541026479,0.00017377927992399137,0.0027243444906770607,0.0001523446444862363,0.0004228065994177272,0.000930369762839772,0.0020619132527987688,0.0015889568019393664,0.001267962755606507,0.001606942880076457,0.0016677572711488037,2.6016881608042187e-05,0.0003470236478072425,0.0004175847935212614,6.763143843071127e-05,0.0013094245063213822,0.002170527465038499,0.0007707391117220715,1.4894200395418052e-05,7.458662395405919e-05,0.00018404143514039073,0.00020360548629543793,5.567162660320036e-05,0.00014376988596819055,8.044307931792352e-05,0.002249699684101249,0.0004355159115328533,0.0007005600678319595,0.0004365349299390548,5.6151324311561525e-05,7.74453067666934e-05,0.0001872320982850299,0.0003453999406790505,0.0005491061777604238,3.2398713510875773e-06,1.480682856850079e-05,0.0007633744981576579,4.15922335436525e-07,8.846460981363224e-06,4.255414980450777e-06,4.301568791317496e-06,6.556633793742052e-06,3.7327699471233047e-06,5.953433219138603e-05,0.00396795386345593,0.0009403633569970126,0.0020951197336357445,0.002417498163017188,0.0003607676237886667,1.4347329001837026e-05,1.3324383036423278e-05,2.004859292443548e-05,0.0005400074172199546,0.004975338027090993,0.008266275176919139,0.00519828862053935,0.00022411312594053305,0.0002022606781720402,1.9166396831477888e-05,0.0006631715307737063,0.008266275176919139,-0.0001581249028818442
r154 HO2 + NH2OH <=> H2NO + H2O2,1.7077641531000502e-07,6.955040709848345e-07,1.82233504134602e-07,2.0123943718870533e-08,3.6027148692482914e-07,1.5331290956076167e-06,5.134551445492596e-08,2.218585772995346e-08,1.3684128021067393e-08,5.257555636288397e-08,4.858650465790974e-07,0.0001304747661981089,0.00037371761671719215,0.0001844634457426181,0.00022187327817781347,4.323392211707211e-05,0.00023792706638006326,0.00040118496897604265,2.608837870052546e-06,9.633986830282427e-08,0.0006703071018895375,1.3816498876427059e-05,0.0005510713721879142,0.00029925118848694014,0.00016381150721491054,0.0009304420084907637,0.0019318956437573984,0.00015575133281717823,9.378031066312077e-06,0.0007710790664162368,3.741963860644013e-05,4.59609762363426e-06,3.585290829560436e-07,4.1023769417475565e-06,0.0045470042125722995,8.961526264398914e-06,1.2305028094154854e-05,2.0610902331823023e-06,0.00048482448055617766,0.0006005325216632555,0.0005420536629838414,0.00016846806149611906,0.00048514537157697484,0.0008441024477703599,0.000174169249088469,1.1941682591903631e-06,0.0012045111057829689,0.001658153261187374,0.0011767559357690315,0.0017071898055261835,0.00015930697092093578,0.00020681006682878215,0.0019193448416671773,0.00036634937269540484,0.0023221520397645294,0.0026198611469218022,0.0005870235025941243,0.0008830633780608924,0.0008197446183347927,0.0006077734803155665,0.00012986757287650007,0.001183022904571421,0.002012206680157653,1.3606730890518496e-05,7.781278198907201e-05,0.0001667383719521195,8.21055867721385e-05,0.0005212346942771426,0.0004218310907969771,0.0005592530963233114,0.00010406127665276387,1.3610496919906888e-06,0.00010109375556676222,0.0005513904528253153,0.000333913020464295,0.00038700111007606864,0.0009677659329183433,0.000625736997435975,1.1621204433325446e-05,3.0837491707718042e-06,1.2919687391072971e-06,0.0008993796950571949,1.7504898816568347e-06,6.097214046218053e-06,2.4838931266389533e-06,7.460171024117561e-06,1.1646852321209436e-06,7.794172793936683e-06,0.00012113189720505265,0.006251699506320513,0.001150824449335674,0.0017321532869383279,0.0022970120012060662,0.00035741207793561807,1.6730200938955065e-05,6.6224243161238295e-06,1.821576433086151e-05,0.0009269257935400535,0.001528463714485695,0.0034390840125539048,0.005534998029852299,0.0044923967438841314,0.0006025168198263696,8.351719153524326e-06,0.000662672869890578,0.006251699506320513,0.00017509639966249656
r167 NH2 + NNH <=> N2 + NH3,1.8520051282230512e-05,6.49866461959039e-06,2.5707259466039795e-06,2.7406388033961225e-06,1.3244238081296557e-05,2.2731868064960536e-05,1.7741930704060564e-05,1.081123012185473e-05,2.3017501926066445e-05,9.911168290642288e-06,0.0013565535514807152,2.4390753512575576e-05,0.00013252935726306523,0.0008709676191666872,0.0003255661940352803,0.0005341640918611803,0.0009689296257398446,0.0003328617393024657,8.629841450294617e-05,0.0001024674574193535,0.0006148035987887066,0.00043378572439754294,0.00011323779656168917,0.0005650828824960197,0.0007695062228961988,0.00026886941976933423,0.0003095705360120942,0.0003042815300466775,0.001311749938424004,8.636412754801784e-05,2.331138003209457e-05,0.00047456845544758587,2.2458668621536332e-05,4.720787178705082e-05,4.085156704310763e-05,2.375788183846819e-05,4.021990385479115e-05,2.0092189479676724e-05,0.00024772623401825305,0.00014065573153531822,0.00014631707333715525,0.00038998258053514245,0.0007106316565335097,6.377189030516825e-05,0.0011523979751099308,0.0001209801188334522,0.0015081134181337077,0.0006703417866896749,0.0019132710417385957,0.0006602923142054186,0.0014302936697830335,0.0017361549846816801,6.514405154500818e-05,0.0009835666801857447,0.000840721375984079,0.002712991137878459,0.00035205139319459535,0.0005715008080234078,0.0006338876004435029,0.00044598423679094586,0.00027801529590395005,0.0017227600654657527,0.001428278766225105,5.260087492665543e-05,0.0005618587718800593,0.0003915881208662826,4.6712896435428e-05,0.00035731406555445766,0.0002281371204006345,0.00028486467733413855,0.0012235700739076207,0.0006372213495763407,0.0004503126597444901,0.00043062449208612006,0.001141240992594756,0.0007932611552543388,0.000500795151346623,1.1163158769748603e-05,0.0011480622589617377,5.4715184874417736e-05,2.771193952363739e-05,0.0006220724594915514,1.78805030411759e-05,6.050942991665609e-07,8.143138513621818e-06,5.080170739443625e-06,2.4636196699745877e-06,2.8962880131249258e-05,2.759817857301265e-05,0.0008684409497467149,0.0005659799210091612,0.0037190539245535595,0.002402130068666679,0.00048301434306540153,0.0012241464712477064,0.0003923023559244931,0.0003937328148279812,0.0030575665810586685,0.001743946546278273,0.001731312196801469,0.005267108944518086,0.0042111180304277625,0.002186285402887408,6.735991765649351e-05,0.000659866614052082,0.005267108944518086,3.141501049490317e-06
r193 H + HNO2 <=> H2 + NO2,1.5834003854371948e-07,4.468984947304674e-08,1.2440557763123218e-07,2.5030611700970383e-08,4.7595102759695284e-08,1.2393042382818424e-07,8.188575653031784e-08,9.431331025576135e-09,1.5152851147001547e-07,2.3212197542383138e-08,5.329782950257578e-07,0.00010419087240005098,0.00037095610817574243,0.0006223186545413907,0.0002048300301098316,0.00020736614350143546,0.00048636174593935595,0.0003233009773975353,4.1037418548863417e-07,1.373458573832289e-08,0.0005246334062261262,0.0005752105570301187,0.00035076176207740004,0.0001646563657768371,1.8063253677198008e-05,0.0010299288495647153,0.001942426948156337,5.351195398373521e-05,1.6600995354571057e-05,6.833646376134456e-05,5.946762464896847e-05,1.3996137817277563e-05,4.982457949978584e-07,0.00031642102451578106,0.0006702005117107242,5.696764705979303e-07,2.501586589903616e-06,4.403118609344548e-06,9.156167322629664e-05,0.0010689939797837056,0.0004074808230019468,5.603865693356041e-05,0.0002595258752053959,0.0005908832082852431,0.00012224841790014124,6.394083799351462e-07,0.0010693220364222152,0.0007760237905631586,0.004268510463034846,0.0008920632439870683,8.429847131101041e-05,0.0007987090580305507,0.0011330809932649643,0.0002130125130598024,0.0014784698126925045,0.0023313425968640995,0.00021715089617439136,0.0006134916109393237,0.0010918955077711884,6.685972214973557e-06,0.00026786942419859753,3.305721431185686e-07,0.0023893666381170054,6.687923668273995e-06,4.307660234149979e-05,0.0003336008441910916,0.0001796290328296283,0.000506179712378368,0.0004574697315433064,0.0004532969390437116,0.0014438142389972721,0.0012911863899989595,0.0004482087257551225,0.0008994070324170927,0.0009642749453396884,0.000479856929463363,1.9889633571486728e-07,0.000826646883044351,0.0006750517646638678,1.7901349963012508e-05,1.4804295003359542e-05,0.00037055725835872405,1.5222422532062151e-06,5.770378227920319e-06,1.482899644201209e-05,7.948456489645784e-06,4.593065006000174e-07,9.990342921636284e-06,8.336139305338519e-05,0.004772666887362688,0.0016768574778568827,0.002449881027363514,0.0025502731380892658,0.005293878417978019,1.3103401844144289e-05,6.684596557007636e-06,4.085591042389098e-06,0.0007751864835193827,0.004391278016360759,0.00016094221816937,0.007606580099687396,0.00019819496060508406,0.0007404473102035016,7.79226320902145e-06,0.0006590945989891956,0.007606580099687396,-2.357291195953961e-05
r186 H + HON <=> NH + OH,3.48705991153379e-07,1.3580891814669223e-06,1.1312481391144846e-07,8.977312300091087e-08,1.88125183464396e-07,2.8104474593745344e-06,2.432996476073261e-07,1.4904614177452283e-07,1.2634319079878358e-07,2.687141895201289e-07,9.904002830966607e-08,0.0006238419153169692,6.35258738944657e-05,0.0007847027643382751,0.00015558165818679192,0.00028882913967964637,5.852289677897101e-05,3.0984764199623185e-05,6.299425801235902e-06,1.5727177859948913e-07,0.000595085578908783,0.0005332893243174317,0.0002107679859647726,0.00011271195987457919,0.0008526309136146041,0.00021012363295045276,0.00031244216598727694,0.00011177633061304682,3.3564412632761688e-06,5.409593756323e-05,2.1700913539455897e-05,7.274231150389e-06,6.67755141656021e-08,4.44560781847667e-06,0.004756315449761651,2.025611887769946e-06,3.854922469746496e-06,2.109472674131557e-06,0.0003352428831450194,4.564138308764107e-05,0.00025053985502621827,0.0002789265306128677,6.331696727770647e-05,0.00032141089779798537,0.0002729796171058057,7.351098254312026e-07,0.0022307572923647248,0.0010021515727800993,0.0006613947239781931,0.001038267971798344,0.0015347744590459675,0.0005306420073459742,0.0020438979331022147,0.0008052812002320055,0.0024231040765716693,0.0012529702529562097,0.000985063210876464,0.0008334352235732128,6.641952340226976e-05,0.000776907314185826,0.00044349307286515086,0.0017569707996880621,0.0006584877424434359,5.265663064949434e-05,9.599534082635735e-06,0.00032878477209444295,0.00029663734327405874,6.80063645030161e-06,0.0001588865966159594,3.8649945032402284e-05,0.00021921910937031168,0.00021752896023167627,0.0004664210108963131,0.000873506810591139,0.0013638820028211759,0.00011850841928231216,0.00014650816178083761,0.0011650801987755344,0.000542743239577795,6.133974622799834e-06,7.91604793763918e-06,0.0009083308763254542,3.224828023316618e-06,2.329238408674018e-06,1.429536827419712e-05,1.8053775388131575e-05,6.913402442336205e-07,1.0558779996284304e-05,2.7070026472916642e-05,0.004579034250380066,0.0006262021436507981,0.0028938880999153237,0.0014370473343385671,0.0035450157637264205,2.069192688181927e-06,7.499081851027343e-06,5.058842844090778e-05,0.00044380385218937326,0.0030419243419394526,0.0011837416534586868,0.007843655454403103,0.004420561902135486,0.0009156893041188603,1.905353060181094e-05,0.0006580665120860077,0.007843655454403103,7.094318032037048e-05
r188 HON + OH <=> H + HONO,2.0519852771717114e-07,4.4310155931002636e-08,1.1935819077456986e-07,1.1014093882842681e-08,4.7770180961295695e-08,5.297257810326718e-06,1.4736485604457269e-08,9.340951868029477e-10,5.229004533134384e-09,3.050338509265367e-08,4.6134846123500586e-07,0.00027073113672373896,0.0006831867910966559,0.0009005571826568474,0.001017876105081566,4.045481046075911e-05,0.0001662750839013865,0.00029911862542382,1.3508981419242684e-06,6.808008205595357e-08,0.0005281478892821619,0.0006862683751379405,4.3096312649077514e-05,0.001325091929026114,0.0010330532079392744,0.0007792349308537725,0.002000850824351452,0.00032872353271786565,1.0972039135313809e-05,5.985452688775038e-05,1.7975026915780683e-05,4.18950774624092e-06,5.20850313622325e-07,2.2949456311820533e-05,0.004929223446914247,4.845676971962073e-07,6.235391323916765e-06,0.009013898350545772,0.00018871253563300603,0.0006455136617857688,0.00010756298888603623,0.0010011452188637428,0.00041425990638193385,0.0008590663477869376,0.00028659373815760077,1.911744461243162e-06,0.0006804627303635018,0.0003143040705818041,0.002151606967368226,0.0008028485016502658,0.0019128951531166062,0.0009710090035700941,2.0170320816983268e-05,2.087759666858222e-05,0.00016089824001486045,0.0022759194638950547,0.0004936911704111741,0.0001211185337742574,0.0009848576382443135,0.0002451753951476879,0.0007359626262376492,0.00022672779550939357,0.0025036111609369684,1.1487765328656124e-05,1.115250780647247e-05,0.00012142087593093583,0.0002212721489424921,0.0002413805139878658,5.1716543014598225e-08,0.0003272088531875263,0.0010227599843072122,0.00019125099737750476,0.00010574957393830494,0.0015560636210656435,0.0008571343685224316,0.0006403428664654321,0.0007846905154128443,2.04857034693894e-05,0.0005770678650151652,1.2023957189466001e-05,7.229996969943291e-06,0.0010602923908980195,1.410840576620943e-07,1.0692966741892668e-06,1.5466463644004077e-05,2.195037784321287e-05,3.0890543583551974e-06,6.660293558155677e-06,6.960177015155369e-06,0.0004048393918836307,0.0013520895471353823,0.0041128218309507145,0.0015725257267316533,0.00036024016049452143,6.960798317271995e-06,8.88854023294301e-06,3.5265502134653425e-06,1.1813192642781029e-05,0.0011347341710375447,0.0017220509700828735,0.007211635792460428,0.00012972761284859994,9.093030757142354e-05,8.450303921227302e-06,0.0006563381434231397,0.009013898350545772,-1.1409367148075014e-05
r96 N2H4 + NO <=> HNO + N2H3,1.121097546698672e-08,1.1467970751154326e-07,1.5189808915108763e-07,8.61023051191603e-09,7.134152944278506e-08,6.630382972863166e-07,5.2204194804333485e-08,3.5029932769176246e-09,5.931071292642785e-09,1.4748864429306207e-10,6.969344599494997e-07,0.00032851852784972506,8.856707623744681e-06,0.0007496502581965244,0.00047314986938210447,0.0001991436440134801,0.0006074705353341436,0.0003396080916656097,3.668148413955465e-06,7.692661091371592e-08,0.0006220970138048307,0.0002441828049319922,0.0002643036336067807,0.00017260239153613367,0.0004020462607706241,0.0013450971691341385,0.0008858229206450994,0.000137281195159951,5.05704913370653e-06,5.623557538893854e-05,1.8716671342368878e-05,6.040008005081378e-06,4.3575244590041333e-07,9.604557883453203e-06,0.004654237970231945,1.305213689036563e-07,1.900519116872263e-06,2.948744031172479e-06,0.00037588643499869947,6.900536349589675e-05,0.0005902310992343142,0.00017039085653144866,0.0007682405172519278,0.0002143191857937522,5.163307397379962e-05,3.575452716236221e-06,0.000918874381323151,0.00024635290106231393,0.0002095211375879025,0.00011117020098420787,0.0011434900118588763,0.0010502901113466113,0.00045922262524083053,0.00030801176037476377,0.0028534783024215444,0.0014062847045449506,0.00013831626006034707,0.00020378103762036756,0.0005492757474095059,0.0001457201191260697,0.0005744447419029687,0.0005783363290427782,0.0011714330169369808,6.546698362849193e-06,2.948329367242382e-05,0.00022137740601676392,0.0001682323146041013,0.0004629264665235494,0.00018539156449830395,0.0005481956397069428,0.0009747876006153431,0.0006620564860791223,0.0006614252489306053,0.00027307193501168136,0.0014562160419463546,0.0016455730598481284,0.000201411938943792,0.00023601873928655654,0.00046650278588271826,2.3921099802900682e-05,4.647725053370812e-07,0.0010190244396750352,1.8076566804635674e-06,3.965330690729962e-06,1.6008200338094163e-05,5.129473204555534e-06,2.8426103449781783e-05,9.951512111272737e-06,2.833907961366934e-05,0.0035214360836217135,0.0037533231501808797,0.0005550274077477354,0.0009499660493960312,0.005287344526777028,3.020629256473155e-07,1.4698205611753722e-05,4.638476488287924e-06,0.0009263729218938223,0.0032036838301973763,0.005799161488045789,0.007655712502125253,0.0007542505982134713,0.000610131515112512,6.3087653897343794e-06,0.0006560630847234018,0.007655712502125253,-8.897378497202997e-05
r92 N2H2 + N2H4 <=> 2 N2H3,2.2503808390752544e-07,7.742424864791888e-07,1.1069741431681921e-07,8.861482582006535e-08,9.306656911516499e-08,1.022494008609985e-06,1.3725577062921273e-08,6.623676965349458e-08,2.813406943117749e-07,1.1884122745645424e-08,4.846679165343578e-07,9.023237410735527e-05,0.0003957132252055956,0.0008492086188151543,1.578224325047768e-05,0.00015056513271198354,0.0008481016190022434,3.134051060705177e-05,1.2800576615040284e-05,9.704580499581915e-09,0.0005852494285691032,5.8970851901081524e-05,0.00011416580354965218,0.0010933789680500636,0.00017399129442437593,0.00017974247141359974,0.001968280451416818,0.0008110735916575883,1.2084085585160784e-05,7.237426825835559e-05,1.4186465286303021e-05,0.0008247937026966987,1.2339764142473459e-06,1.2748924780110424e-05,0.005480664071339884,3.646691191610007e-07,3.6709958095057524e-06,4.374612823317564e-06,0.00024443797561756695,6.374947449247912e-05,0.000621946504007847,0.0009406718183640041,0.0004363228314963144,4.5421822949582465e-06,0.00024267377889026993,0.00033627172103996495,0.0012041988847191455,0.0010567121182327402,8.488532861004414e-05,0.0024912683421569465,0.003567332526857006,0.0016175188079783716,0.002467926514604721,0.00028189741743025505,0.002653592021286881,0.0027130164186015128,0.00019666326871170208,0.0008122998994428857,0.000790461153020481,0.000171712272526993,0.0007324218868387429,0.0029712986337597867,0.0013128252441592827,3.016295790581234e-05,1.1939708270630319e-05,0.0004575164185229328,0.0003105080004406039,0.0006135221687866125,0.0002968993643490224,0.0004280624055162556,0.0008292842466027105,6.017917364702596e-06,0.0003181473152034114,0.0006726216790238709,0.0013805550327962719,0.0007479596593710022,0.0008358392466812783,0.0010328931003389503,0.0003533568515095114,8.458931839146843e-07,6.774071775697504e-06,0.0009292074148004165,1.5533442641607327e-07,9.346734548347508e-06,3.5081653681984796e-06,9.266085729882993e-06,2.6846688041457887e-05,4.7508782318473455e-06,7.067033030495762e-05,0.0038546515215933446,0.0010820635034687056,0.0003036909802313798,0.0014140214402150579,0.00034999471227083575,5.9588895831155334e-06,1.179138645122951e-05,2.571446646706776e-06,0.0025527244273827105,0.0008642261027356053,0.003454283707978027,0.0019578136639577495,0.00018079760900864498,0.0008580557668520399,6.387540712771298e-06,0.0006549097311517551,0.005480664071339884,-3.211850777775099e-05
r33 N2 + M <=> 2 N + M,7.303047114331109e-08,2.6315407236639236e-08,1.0923448936456756e-07,1.4994247261164802e-07,3.9632807970041325e-08,7.055762137323131e-07,2.048103318601931e-08,2.832051376066348e-09,2.218891511022168e-08,2.531092579576808e-08,1.5885550367865675e-07,4.2640567488823814e-05,0.0003848319503185849,0.00029225642762958855,0.0007460052719960251,0.00031478353192284476,0.0002848481720989877,0.0004033867690138045,4.081874343625226e-06,4.300157509504068e-08,0.0003748102113341985,0.0002816768717476659,0.00047232584622228127,0.000103126359885466,5.398541911146173e-05,0.0013546712184830476,0.0019413198999865663,0.0008482601376092609,1.0523795222010582e-05,0.0007683143110237514,1.553602937108437e-06,1.6330572525590375e-06,9.296145743069246e-08,1.1502421928335734e-05,3.2249086151903566e-05,2.1527313302535365e-06,1.162012536261719e-05,2.0526344369260213e-06,0.0004983424435735349,0.0006567942056170875,0.00022829958599566798,6.522603163686525e-05,9.674159247127017e-05,0.0008557557172477738,0.00030838570615821984,3.818538248283909e-07,0.001107497739019032,0.003635903415433941,0.0008867201548735535,0.0013072900805520121,0.0005674026086607954,0.00044385384894802003,0.0008198413204562412,0.0006756872505040817,0.0003472896618421527,0.002285506763675158,0.00028786061195866183,0.0006450288131154642,0.00021705605046947783,0.0002179785697471286,7.082418419031784e-05,0.00036707499978491,0.0023066462718477503,1.630895691436333e-05,3.97941765801418e-05,0.00018017392749761953,0.00039754680680118655,0.00025769944656519467,0.0004944167707757125,7.280618910852109e-05,0.0007563688215733183,0.0006837254718935466,0.00010691107102376267,0.0008504775836206177,0.0002294281561432541,0.0006100633768918641,0.00029936080575953546,0.00044102220025731264,0.0006433997434942602,4.805824478360272e-06,1.5377585447596355e-05,0.0009701852354045426,4.154084166442083e-08,2.782473958617229e-06,1.4934666505710506e-05,7.159436806881945e-06,1.2529129065217745e-06,7.193824721687391e-06,2.0475632368674328e-05,0.006284990833115921,0.000882579909521016,0.0030036557859332105,0.0015907988033472015,0.002914066389644305,5.139799136331001e-06,1.057120551836133e-05,3.908756754068402e-05,0.0024877169313248055,0.002208095132274387,0.005649922263454621,0.006947962485871109,0.00043552207597866404,0.0007427390249841214,7.549633403854297e-06,0.0006536498232611003,0.006947962485871109,-1.0050863738153797e-05
r201 high N2O (+M) <=> N2 + O (+M),1.059258748443219e-05,4.041419810373385e-06,1.5619444357022811e-06,1.219872750902844e-06,6.01402603325407e-06,1.0964224392647415e-05,1.565975402289907e-06,6.809230192728649e-07,0.003890940541141661,4.264280219296641e-07,5.638472402295782e-06,0.0009265937818954543,0.00030015811551572055,0.0007610200301444509,0.0003896977969293759,7.507097565145325e-05,0.00034435047791691627,0.0006748046489301209,5.8157346455824525e-05,4.5515473933633414e-05,0.0007420609259303649,0.0005148933375105517,0.001410220629559483,0.0014410432106009236,0.00038186048922385704,0.0008933613803254699,2.3820994345819047e-05,0.0002597009481534664,2.896888049950181e-05,0.0007719136985456167,4.673792689521832e-06,0.0005073756987732987,1.9444662004188757e-05,2.911826495364286e-05,0.003540454822502629,3.47197326704548e-06,4.7648668235870286e-05,7.3152302930028015e-06,0.00020253618062307578,0.00016104814558946343,2.1924295618933482e-05,0.0008837805239025047,0.0007905073872422194,0.0011084497561382137,0.001389407272152028,0.0010540154404424346,0.0013585363646966627,0.0018151410377366384,5.060822158133132e-05,0.0003932717098506755,2.5171584273905292e-05,0.00021993548778567723,0.0014574956298697,0.0004976190648315256,0.001495180893929086,0.0011713197029026509,0.0008461714007811608,0.00047491667225238297,0.0007220456904905245,0.0005717018566529939,0.00044010471326720986,0.001085638938223898,0.0019675243510519054,1.3007365955322404e-05,2.5046829361430214e-05,7.925239623854189e-05,0.0005673711154621728,5.009077731234047e-05,8.133647343956983e-06,0.0003716750179582387,0.0002420831652779735,0.0007400688934331458,0.00013689630814976342,0.0011426808217086118,0.0008228341830295862,0.0005069384264541954,0.0004453887718255786,0.0020553667881968254,0.00010270969131832098,1.9379420726875304e-05,1.4662175153029792e-07,0.0005873408841737415,1.2702282798996648e-05,1.9284851736916433e-05,2.4390230187085385e-05,7.083053829117797e-06,1.5111429003278656e-05,1.0565707068481579e-05,4.985236318821493e-05,0.005198774571005373,0.0005080905276236579,0.002889621813279974,0.004340749197164538,0.00121759144376798,4.288611254237033e-05,4.732076899617431e-05,0.00013279974555603893,0.0014872342183143137,0.0010597726199013083,0.0002903236432043876,8.630238754973913e-05,0.00011409225097763596,0.0005029734622754797,0.0033884069685089103,0.0006509880362089123,0.005198774571005373,-0.0001757968473377718
r224 2 HONO <=> H2O + NO + NO2,6.908743544885465e-08,2.694082510613559e-09,4.678456220043085e-10,4.832730559793215e-08,1.8741138407597085e-08,1.998710723449018e-08,3.276505597894901e-08,5.274470269550535e-09,2.0274450007625236e-07,4.4000741490436495e-08,1.648011057695184e-07,7.448205360524323e-06,0.00045052705453658244,0.000715933155997159,0.00036430819990609345,0.00025846195532342066,4.525670172946214e-05,0.0008394721597112684,8.478218745587959e-06,3.3334845872481537e-08,0.00042234117703408744,0.0008134255672661203,0.001117657922196298,3.497636824237324e-06,0.0004193498594437211,0.00047180149173153715,0.0019383593034646325,0.0002679766316112939,1.451746174501686e-07,7.768670824174481e-05,2.804881766209625e-05,4.889090628596725e-06,6.198139586379594e-07,6.7287825803560145e-06,0.003468101264533828,1.2612994485461928e-07,7.901401567916477e-07,1.5893635473224926e-07,0.00017182770195309387,0.00069602365127066,0.0003007282433444413,0.00039697250207248856,0.0001728184724343059,0.00010068407061611488,0.00018260697183999485,0.0015407395952413566,0.0010305910679614832,0.002019525927844568,0.0018631347035595106,0.00023116993174630363,0.0033095575795268196,0.0008281764760899347,0.001022825535741114,0.0011850404812859404,0.0008636546289235387,0.0014138264794502885,0.0006679505203560309,0.0009919903813024986,0.001031816169021179,0.0002633431339395697,0.0006823928234525269,0.002203860303965516,0.0013689471341923462,1.0027439914266599e-05,1.3501341159612648e-05,7.907587351847351e-05,0.00012560346162780058,7.64044556229789e-05,0.0007459735145874915,0.0005017956919086983,0.0002265034922939598,5.808369822891537e-05,0.00151521308578448,0.00013672524966774056,0.00010247099932547014,0.0007934713365333035,0.0002998976623515687,0.00019791076414438677,4.8860774085881315e-05,1.8091539833555787e-05,7.057971754888927e-06,0.000966738618887879,1.439813236819518e-06,4.146642543382058e-07,3.0956741346866346e-07,4.060351363848961e-07,3.2690515970553174e-06,5.7661207228003785e-06,7.663733480687429e-08,0.004074854142238633,0.0052866062376723975,0.0030601120216542277,0.002551374062227429,0.002135883562524724,5.014304948718238e-08,1.5054318688579277e-05,1.2702876553637686e-06,0.002236350436899071,0.001837938763980434,0.0018807986133896608,0.0008925538284054572,3.274468219944064e-06,0.0013990385367720181,4.211823964792608e-06,0.0006498740088518872,0.0052866062376723975,-8.763562087126035e-05
r30 H2O2 + O <=> HO2 + OH,4.583286170746736e-07,1.500478447011726e-07,2.794074724254521e-07,1.7967667114723317e-07,3.39096764137553e-08,4.278732433201586e-07,5.528841183590483e-07,3.791032111516346e-07,5.718583769739567e-07,5.574140976813664e-07,1.5509127733423475e-07,0.0007773495088522033,7.806922046085269e-05,1.55046896853971e-05,0.00013116956653857556,0.0004670541648522654,9.704006561721386e-05,0.00041679934331861895,1.2478500315220195e-06,3.7214299213342484e-07,2.9760768306509925e-05,0.00045583473535034877,3.49447441334601e-05,0.0006062818350419561,0.0008749800478521298,0.0010114775695052212,0.001939131337630187,0.0003222871495995349,0.001335755741581964,0.0007719754574830478,6.761087448038615e-05,1.6656678912939123e-05,2.4402139633187367e-07,0.0003158948339122038,0.0043230552677222785,1.0985917659674987e-06,9.648898574467241e-06,3.363944255530411e-06,3.082321432471149e-05,1.2492996064578867e-05,0.00017166642904739373,0.000508667429635895,0.00017535452814157446,0.00023561584570594698,0.0015040455841635583,3.950702384694968e-07,0.0015310648482994918,0.0020462650808793165,0.0017785723733184284,0.002460697624190054,0.0003723536783264589,0.0002746144763298073,0.0003473009698030235,0.001082961136714407,0.001876319338450322,0.00010341560446326834,0.00011827702521137324,0.000995898136253868,0.0004352801548975008,0.00022560418794685474,0.00048194581912029433,0.0007037054056112434,0.0012976940104622494,2.2588036255380125e-05,6.17832682432815e-05,0.00015457047838511625,0.0005771161716995932,0.0002913934280831282,0.0006126810682398703,0.00041231667586806727,0.0005224996858409414,0.0005252196056474375,8.582212707178444e-05,0.0002090811989636221,0.0016946134640816362,0.0004375417807157277,0.0008434069276727501,0.00018058758734666632,0.0002027796649675147,2.1301308237850725e-05,1.304807201486468e-07,0.0009502147883781181,4.43405207442454e-06,1.2816724592359214e-06,1.564347632933033e-06,1.1693031942619971e-05,1.7618122692993255e-06,9.502477766248003e-06,7.618038516240922e-05,0.0037205373355043733,0.0064153009279678255,0.003726023780489963,0.002077411104930887,0.0006684748464289221,4.8525468052423065e-06,3.950957857920875e-06,5.107322950735416e-05,0.001068820878946356,1.9605761997261858e-05,0.005324748457602599,0.0027046574109094407,9.856690968274773e-05,0.0007844572964619387,9.793713380474762e-06,0.0006487473682332598,0.0064153009279678255,-0.00014694187736695167
r7 H2 + AR <=> 2 H + AR,1.4121941980578531e-06,3.101912976409754e-07,4.195782608201779e-07,4.4309159262544324e-07,4.4079523322886745e-07,1.0555843516902973e-06,1.559334995748687e-06,2.294629675059028e-06,5.565583905156785e-06,5.058824122462802e-06,8.976688426813799e-06,0.0006503599369477784,0.0002925015167705317,0.0006066682541489341,0.0006770262325582922,0.00011388660547076056,0.000769336511743473,0.0002451960210689277,1.2123676142256522e-05,1.325651255054888e-05,0.000384052124378423,9.375035413851604e-06,0.0013195128323604136,0.0003492131923651568,9.30790530247522e-05,0.0002937497218603254,7.569202493475192e-05,4.1048644647386874e-05,1.187385095432914e-05,0.0006650870232054242,5.776881421184435e-05,1.9778517128345648e-05,1.3659054853432393e-05,2.007715641498836e-05,0.0049578264297536,5.237436371817825e-05,3.0234634513849867e-05,1.3229583196454836e-05,0.00024337533727949241,0.0005883054860209528,7.832584527333966e-05,0.00027674267585952434,3.0308227338232612e-05,0.0005876040032946056,4.18268386250484e-05,4.15344239209648e-05,0.0006794525447451951,0.0016308092986836546,0.006570079947901227,0.0010682789219254427,0.000852325775351866,0.000776584760675242,0.00047880780608978513,0.00025669330012265644,0.0025776629538799955,0.0015069701271305561,0.00046560474687797716,0.0013643726364471701,6.36592965588368e-05,0.0009552871502558283,0.0007135087933034251,0.0006297216545740635,0.0017686542729907042,1.686275094975116e-05,8.086262858846225e-06,0.0005227306587706941,0.00026615280838087685,0.00011336373040217852,0.00038711897314165064,2.428829273822642e-05,0.00022642603246591795,0.0012153856408728284,8.237355366698152e-05,0.0017521426010441957,0.00046650315320072446,0.0002562938222179497,0.0004591269145910249,0.0012781406224890634,0.0002826914733013744,3.7341591906726794e-06,2.0088938993196442e-05,0.001202162474678932,6.274603722399427e-06,9.730861546387636e-06,5.09520588516641e-05,1.2416937629032905e-05,6.4896970307194904e-06,2.0424854746926842e-05,4.8355183532514504e-05,0.001150588984971941,0.0015211583861179992,9.543713934095341e-05,0.001715562093925579,0.00035390355867482453,1.0022535847502725e-05,6.493861999094754e-06,1.4008472133119818e-05,0.0006864137009693197,0.004708043585249766,0.0023610411536334665,0.009198117896020104,4.0737782941583636e-05,0.0007802501839452984,2.4881421230214352e-05,0.000648721139072477,0.009198117896020104,-5.950396213261381e-05
r151 NH + NH2OH <=> HNOH + NH2,2.6843000241388723e-06,1.6153340323987236e-06,8.390527079381196e-07,7.242992471715546e-07,2.290255013751249e-06,1.5176159676537336e-07,1.7596341855368396e-06,7.406550207134256e-07,3.3675407772586426e-07,4.728058747750322e-06,3.742608814468863e-05,0.0003596120335195266,0.00027311432735616857,0.00041456707660573496,0.0009753551750897037,1.9166187892249562e-05,0.0004931489832338828,0.00012531353242688112,2.6966586578082767e-06,2.1557751540704008e-06,0.0004087330152245826,0.00039755904800168164,0.00046760989513578875,0.0009318352534260271,0.00016113253291690895,0.00031820073558067676,0.0019320457443370892,1.888154575234745e-05,1.9907669500665758e-06,1.5264186377396377e-05,3.613378776288947e-05,1.4374949029564058e-06,6.0484158468382675e-06,6.003098630319138e-06,0.005464947786928142,4.640824200957981e-06,3.558678923907174e-05,3.283334153562669e-05,0.00029578934755164314,3.3804461841009e-05,8.094070044005582e-05,4.3871061920311544e-05,0.00014516199905328619,0.0005153356272177455,0.0014914742873606579,1.5635480309578669e-06,0.001678468253772458,0.0029996222992279714,0.00019005629625211518,0.0014735441231187264,0.003178257027566189,0.0006980326818474538,0.0024381864099222,0.0016299701672627767,0.0014892078313148204,0.0013097943337239165,0.0002833085447670046,0.0011496951751092206,0.00020893676158868907,0.00045695946277700124,0.0002397131266949791,5.270710173430793e-05,9.631811730741528e-05,5.156082182101512e-05,6.509660321486609e-07,0.00026848326141844117,2.097638640475065e-05,0.0003640419344893517,1.1803171148592123e-05,0.00014355161262460427,0.0003442033418448526,0.0008179045095443903,0.0006399219124774136,0.00011524832894557288,0.001429281810906397,0.0001576231930377064,0.00098409918320846,0.00049460945286982,0.00029858830808385305,1.1463153967373756e-05,4.305564467341259e-06,0.0006825779922893549,1.494040401315819e-06,6.946083070050337e-06,4.595043408707215e-05,5.6160293019375126e-05,1.0768089375165492e-06,4.003155111159561e-06,7.215545747241712e-05,0.004360421365971961,0.00010369677633303957,0.0063940032777630666,0.0013589418762027796,0.005523085654010688,9.969600923014664e-06,1.351973945886501e-07,1.3654660563195744e-05,0.00031812133638909197,0.0007791319977270409,0.00011022116385356787,0.0022330549352699704,0.0030199966422343786,0.0010039355540475267,1.0777218283883533e-05,0.0006481524748801445,0.0063940032777630666,-3.4896697464320245e-06
r189 HON + O2 <=> NO2 + OH,1.1952224883093384e-07,1.954232950704864e-07,1.0711886181949942e-07,7.243278719432098e-08,1.569186987953945e-07,2.9569089138156767e-07,1.273095704179389e-07,1.4839565557970248e-08,1.8971981645337417e-07,3.921572418721688e-08,4.431360780197832e-07,0.0003344756444896959,0.00038254716097478917,0.0003991828491851663,0.00042658906952169277,2.9158100688367526e-05,0.00024124099494064204,0.00047039916577687094,2.371492039409141e-06,2.2796548839774342e-08,0.0006798314991180211,0.00040622013905550826,0.0002599939681862428,0.0008954334209150242,0.00016254920925004972,0.001025938900296052,0.0019390559225821613,7.408472133182166e-05,4.222881639908293e-06,9.86704672077752e-05,6.18779966289521e-05,9.224363549939553e-06,3.6238373504277886e-07,1.549557956383228e-05,6.408388983387794e-05,2.5202519530030514e-06,1.0490812371249149e-07,4.678398981140117e-06,0.000556486059787644,0.0006954835033988563,0.0004372537139091888,0.00033917127559901175,0.00015456246746728305,0.0005451827122639095,0.0004738999951854299,8.165993278853308e-07,7.305383738137092e-06,0.0035198597105233747,0.003300388481006852,0.0015878543302605547,0.0027821708537584854,0.00132301495033343,0.001320101153752753,0.0004674318317513137,0.0015157978380708624,0.000551200605036445,0.0008056071463898102,0.001241448336496697,0.0010623435866427668,0.0009657045527203359,0.0002063298012689643,0.0023199263405535315,0.0013456657401060069,1.8513332344013797e-05,1.098260601534359e-06,0.00043595633327995955,0.0005015216282893541,7.226399622003707e-05,0.0005779372044561307,0.00048499907484050056,0.0005013261279069423,0.0008568018020368671,0.0006241289622285784,0.00019434517913075473,0.00026534046991683367,0.0007676985745521765,0.0004173789379675153,0.0010769413399505008,0.0008231477145684791,4.119256543147104e-06,1.603570871329499e-05,0.0009480453671400327,1.517025137562513e-06,3.0940844295987285e-06,1.5135535739105668e-05,1.0203566092141283e-05,1.5535754451736298e-07,8.416739195077348e-06,5.31222294671814e-05,0.005741101665486927,0.0015399406921422173,0.0011353765236406005,0.0006880721828919459,0.0013211250769996831,3.903486393724468e-06,6.30846099053662e-06,1.6930147095851967e-05,0.002020337687038393,0.005638432511071613,0.0012837775822083341,0.002687228230626893,0.00019842636405032545,0.0007744484678409332,2.0923360340295233e-05,0.0006468526992318741,0.005741101665486927,-0.00012334596507735288
r187 HON + O <=> NO + OH,1.6870839633101207e-07,2.1209974138029575e-08,1.6817704564447966e-08,3.4899982825471845e-08,9.01298699649535e-08,4.2280943395002455e-07,2.991592892610826e-08,7.43859412640002e-08,1.5950983949802776e-08,1.827511018009473e-08,1.0021650312043846e-06,0.000181409322466923,0.0007944175304368248,0.00033828335385690514,0.0013124977097526812,4.227400766225973e-05,5.928738938970323e-05,0.0001430825240006369,4.036175969367171e-06,1.9122656366814393e-07,0.0006635302131924307,0.0008894618723554159,0.0005802882247777295,0.00016904604624260052,0.00111572217242729,0.0006326149032036619,0.0019732851539943073,0.0003479656218222772,1.1445392636588413e-05,5.8327650090398985e-05,1.4876824456763842e-05,1.3470434534978297e-05,1.1711482037702665e-06,0.00030380872358448674,0.004179363939591893,1.5218279334962358e-05,1.3909592657119076e-05,5.039435683278777e-06,0.0005449051037628157,0.0010370493594437198,0.0006003392160745931,0.0009389339912548543,0.00041039030516060756,0.0009452472816040776,0.0014944574457980992,2.5723006907339177e-07,0.00092143069122217,0.0004483786844075208,2.9789274137653813e-05,0.00025679604711993876,0.0008136412606036217,0.0015443455572170784,0.0013350850508119698,0.0008201860445485431,0.00041414544957213845,0.0025920466706962244,0.00037296909543192046,0.0011777313287250168,0.0002477276347550793,0.00037465526136274075,7.181404229291449e-05,0.0006216228917323004,0.00027766786930643646,3.373951381416859e-05,1.9280117103254074e-05,3.820176201323444e-06,0.00030248249261007043,0.000777959987353641,0.00023415553815873667,3.528307094668933e-05,1.0694476735629033e-05,0.0006546119401841243,0.0011864231603408236,0.0009659606882353472,0.001394671145806517,0.0001655459437532979,0.0009513388534447072,0.0009631769763068057,0.0005806095977026966,1.7091832131945092e-05,3.044545598539464e-07,0.0009262778891279469,3.429284087793202e-06,1.5726948096006566e-06,1.4709459567987263e-05,1.6724325956176917e-05,2.772090106521112e-05,1.0133577841087416e-05,8.060918684816011e-05,0.0003732246047230155,0.005837448040507281,0.005698992281902604,0.0016216493030429596,0.0029511048739309397,7.340076263561038e-07,3.313974842676825e-06,5.681270729000086e-05,0.003072314196885786,0.0008194795528432298,0.002065486501010315,0.0021733688306563247,0.0001309013775610859,0.0009080929136314848,8.12645563182658e-06,0.0006467010560686231,0.005837448040507281,-0.00023430689623539722
r238 NO3 + O <=> NO2 + O2,2.0061186956260328e-07,9.077062722764385e-08,9.813513591301905e-08,9.499905042983825e-08,5.6755509223188775e-08,1.6699528290284952e-07,1.1687852057250167e-08,5.824682909381354e-08,1.1225015139328254e-07,2.2052735098419955e-08,6.488276527667378e-10,0.00037710271230782534,5.2964351530327535e-05,0.0002560204016204171,0.0003277069237498289,0.0003062150867807964,0.00029846644526687914,0.0009142932130965668,7.191285509433208e-06,1.9567621473719335e-09,0.0006546579244908734,0.0007984780555926662,3.4383559470077985e-05,0.0001111149415588298,0.0003617712749065929,0.0007606945349042746,0.0019158362496695686,0.00042403053571425257,2.5226159374748982e-05,3.325484744403862e-05,8.979732398458136e-06,0.0008280648445723541,5.096728866408689e-07,9.014042337433603e-06,0.004300064147925425,2.218671679266716e-07,6.169603707663686e-06,4.154119775222382e-06,0.0004977216171379093,7.707738444998119e-05,0.00024190080840263745,8.785906876932797e-05,0.0005575968544050999,0.0006113182927020881,8.981443087999904e-06,4.980603429655754e-07,6.514322848397077e-06,0.00016622096326615593,0.0069743357195079896,0.0010611769821160708,0.0001902014268135147,0.00017676268185659838,0.0019459786721693873,0.0013927662250787503,0.0020474428192997006,0.002634926205850815,0.0008268006460478908,0.0012721042015551036,0.0001729925235933683,0.0009531994546896982,0.000690898984070765,0.002930113485134221,0.002244442860795082,5.012898485149787e-06,7.288575880685515e-05,0.00011635344007524763,0.00029594012068427417,0.00019385963588647168,0.00011889042155251576,0.0005722985106215352,0.0007886262729345314,0.0007682807926686558,0.0008253547200900564,5.77777141103699e-05,0.00047462413463378095,0.0003684904315864161,0.0005693967439006053,0.00108420771179138,0.00036061943992228725,3.591655552395897e-05,1.4570408291345606e-05,0.0009747902336810667,5.667144626225832e-08,1.1115201211181034e-07,1.5872962598629647e-05,1.0933751535568924e-05,3.0789774545941395e-05,4.115018198926394e-06,4.8172282922208406e-05,0.002813490957549342,0.0003632895507649636,0.001401234405624677,0.0015582477340614059,0.0003409546610285437,6.266066965704513e-06,1.422879552346232e-05,4.9449178340798266e-05,0.0008947351471762366,0.0028657699592777365,0.004882456720756634,0.0021275805381000944,0.0001971000197392866,0.0009667869643911273,1.996208299076029e-05,0.0006432387854728872,0.0069743357195079896,-0.00018522200012834682
r29 H + H2O2 <=> H2 + HO2,6.054179735560714e-06,5.060492929137366e-06,2.607643412133432e-06,2.5256283519148384e-06,4.840711271648849e-06,4.715044611096019e-06,5.983269003927285e-06,4.966907403123158e-06,8.157819744090797e-06,5.058762944289759e-06,3.965611983440658e-06,0.0003571201744547158,0.00040327763822403423,0.00045052587390495585,0.0004335696413962162,0.0005069543003111361,0.00023434169214476527,0.0003961970500276143,1.187880887765192e-05,7.883667083918051e-06,0.0002284564082712696,0.0004466468073311076,0.0009413906696820737,0.001364605185529247,0.0003758659434084161,0.0004315247554222543,0.00030288156756398395,2.5835029641862074e-05,3.708181362630262e-05,8.701109025417593e-05,1.9156815626553097e-05,2.42963945663887e-05,9.700536393502225e-06,3.236660905050923e-06,2.2124839208517586e-05,1.929712009219077e-06,1.804600753743872e-05,1.9579808120797527e-05,0.0005206025900428403,0.000629931351340441,7.3652075429996165e-06,0.0005346171570681095,4.651144252095882e-05,3.208782628027432e-05,0.0009963990007461174,1.172126987807569e-05,0.002207860034346255,0.00012028549501173102,0.0012774881076048261,0.0014605698324101975,0.00243526016307333,0.0007754108397835927,0.0016261751668671508,0.0003195608253932263,0.0003579010008589183,0.0013621134873671927,0.0007247072199753037,0.0011732122207563775,0.0010032145761971183,0.0002446489180059363,0.0007978636927799273,0.0001084627564715284,0.0016078225211478192,8.501966897140868e-05,0.0019980569188090182,9.180793803651033e-05,2.116943157387419e-05,0.0004973482863765746,0.00038094374527516815,9.750986695963736e-05,0.0004162821038480349,0.00039626353319538465,0.0004422187876502394,0.00022302920968961346,0.0013321968653744085,0.0005667304798022908,0.000541316889994901,0.0012226149796947703,0.0005750133163192921,9.82250041493387e-05,1.1989810851097388e-05,0.003670348953293268,7.432627040283643e-06,4.7746851045214207e-05,3.106377579462712e-05,9.361798311707254e-06,5.1524638785119035e-05,1.759148298739604e-05,8.735380395713681e-05,0.0017302314513210062,0.0006593214990378007,0.000493960793599056,0.0010599654152588648,0.00037303968333549147,6.297660741742929e-06,2.2212143782512206e-05,7.114836091139795e-05,0.0025020623892755196,0.0051455981995361345,0.00481887536934568,0.00793124785901931,3.883585872728597e-05,0.0014610719688152088,2.038823360258074e-05,0.0006428006280815355,0.00793124785901931,8.066756452018428e-06
r105 N2H3 + O => H + NH2 + NO,8.507183282701414e-06,1.8592720716120893e-07,9.969482072832245e-07,1.1108311150620383e-06,1.2695007940375496e-06,7.999712795565193e-06,5.229133562144055e-06,2.1911373183617806e-06,5.8196116366639845e-06,1.4950316515112551e-06,0.0013509227597845613,2.188910011237736e-05,0.0004687181427986813,0.00012007466406262163,0.00012606674726280752,0.0007195653732691123,0.00013525987073258221,0.0007895029842525439,2.3212172015912997e-06,8.746630760888023e-06,0.0006022714329316306,0.0010054160428573805,0.0012134935357348167,0.0002636410136229779,0.0006808481614058763,0.0007889568594058066,0.00015949552473664856,0.00033327288084885356,2.1323408516534035e-05,0.0007646537761690532,0.0010302119644603432,1.4968104218191034e-05,3.8096190092650883e-07,1.5078472067185301e-05,0.0008914653238473138,2.1975002299243358e-05,3.703437120076973e-06,1.8512011224543946e-07,6.821354249932666e-05,0.0004788995503181889,3.3591121128553373e-06,0.0007667606247481055,0.0005502888351393793,0.0003159603066203948,0.0003856319169354512,0.0009216806777301906,0.0008532416970049975,3.692037140111687e-05,0.0016371838119474608,7.351168024375474e-05,0.0003637253407060667,0.001479497392115639,0.0006018326650764288,0.0011997132058416166,0.00022230701453714976,0.001368872323617658,0.0008488185912760627,5.765160026739989e-05,0.00024220231362320638,0.001085942528595053,7.435005573080114e-05,0.0015837386964465316,0.0008539985423419059,4.9217663004219444e-05,6.773097809712456e-05,7.3605671744458e-05,0.00045882925219587595,0.0004964556021882875,0.0006601574258472851,0.0001929631522474012,7.884942216895893e-05,0.0007018137778222874,0.0006871286886723266,0.002000678048160175,0.0009198810377279078,0.0001740919907135897,7.241839705677573e-05,0.00020403166832496384,0.00014584247673356607,0.0032828751400068683,1.7673880160463147e-05,0.0021414121980966915,7.70881484148718e-06,1.8198889304234506e-06,7.960608483599316e-06,1.8594442673113174e-05,1.7433485527508823e-07,5.559549859403871e-06,2.9924617198722255e-05,0.003671155038713404,0.00023207599125068002,0.0010185949308033993,0.002679311182141302,0.0015180320594583405,9.437799507731876e-05,6.443831388884491e-05,0.0003713021375186224,0.00022116130184020148,0.000141891442909006,0.005212608164220775,0.004280763548725887,0.00025714683558225067,0.0024002968243422842,0.004388984741205813,0.0006414716842541296,0.005212608164220775,-9.554023907592976e-05
r124 H2NN + OH => H + NH2 + NO,7.09049005977023e-08,3.673000103576516e-08,1.2833722708636546e-07,1.0020906574896937e-07,4.1162502081089173e-08,1.026019961885612e-06,9.444199860258785e-08,6.551721864447976e-08,1.8682967850588265e-07,1.2386722721686735e-08,1.2061309591845648e-06,0.0005674569586812042,0.00015414157746918909,0.00027542595035837683,0.0008085620341597124,7.518098509811912e-05,0.00024403264146749494,0.00038609311594573755,7.14434230237643e-06,2.3199307584053788e-07,0.00024825238962417295,0.0005053205727429081,0.0001144964696238976,0.00016514532461512819,1.7688213626567236e-06,0.00048753660628649546,0.00039114556770490785,0.00013961655289092034,4.799998822081936e-06,7.595438748682454e-05,7.5636435183653325e-06,8.734954368956067e-06,4.738457786305453e-07,1.9410081771592968e-05,0.003366934981109226,3.255287219288083e-05,1.1736264052388501e-05,0.00901424577788122,0.0003900058968529718,0.0006611641315231368,0.0003486350329212303,0.0008405604851850108,0.00025788725630250764,0.00011364790894109781,0.0014936158457786672,0.0015373998563327617,0.0009392682730175988,0.0014379698591219766,0.0003644891478949015,0.001782497331453136,0.0016318005853782442,0.002610442756497542,0.00018009134352738897,0.00026771220151691316,0.001139155463321315,0.0025429946342956705,0.00021437510412248366,0.0007221549067756814,0.00017829834588140934,0.0006580190900539517,0.000269822119324612,0.0006717692062983927,0.0018164924763145584,2.2274037926621476e-05,7.454786421160655e-05,0.0002968746916654027,0.00012890270987430384,2.5786796758972964e-05,0.0001453678973908399,0.00014654209521642052,0.00010170109182763108,0.00037877169739047905,9.006962089567817e-05,0.000913957138610782,0.0015045953644528805,0.000828502779890638,0.0008160693561970003,0.0009218472797609066,3.3142196751702925e-05,7.90194747325743e-06,1.5313834334689997e-05,0.0009533995403061737,5.177615034678963e-06,4.782957703493706e-06,1.519708398352717e-05,2.5896021067013078e-05,2.604955405292084e-06,8.680620896199716e-06,2.8929781784548973e-05,0.0005650007583854276,5.690124299669461e-05,0.0012811714792729928,0.002081750812479801,0.0003489862866976664,7.034182764244319e-07,3.157111887760429e-06,3.7593552417881782e-06,0.0013852420840825997,0.005095607003208438,2.128448051360026e-05,0.0027411972884879387,0.0046101127689433365,0.0007122607421254232,1.051866899091697e-05,0.0006404008376698279,0.00901424577788122,5.595644050910976e-06
r195 NO2 + O <=> NO + O2,1.2387687273923693e-08,6.3865111218452e-07,1.5588432270273186e-07,7.350683142562321e-08,4.539376530613366e-07,7.063966285832609e-06,1.0076598996136362e-06,2.095447482168543e-07,1.5328466995979272e-06,1.9724938125725653e-07,1.3129168334055934e-06,0.000755186407924155,0.00041690472125697093,0.0009548410387315124,0.0004277589898610704,0.00014521807562950504,0.00088062834115718,0.0007717760635143125,1.8091320752897773e-05,1.321401609545068e-06,0.0005010397268509427,0.0003154072730295825,0.0006863899168602095,0.0005148923236184882,0.00023756287104550498,6.244603470973787e-05,0.0019818779816279234,9.984554914058313e-05,6.273429508124756e-06,0.0007729233514510399,2.1261932669993694e-05,0.0008315546319710408,1.1196547121210187e-06,1.8760055976957546e-05,0.004010551286725714,1.5407224014603132e-06,8.170890379034406e-06,1.250491505318424e-06,8.214745550089845e-05,0.0007039091911501784,0.00045177555940313435,6.869262290493981e-05,0.00029699150074607685,0.0007431793431625964,0.0011356669525298172,4.125095024634962e-06,0.0017226470339158808,0.001103712998941297,0.0016495637874707242,0.0010019129264915788,0.0006389888295173228,0.0004370804399632751,0.000615010984047032,0.0014984110700339993,0.002414119725410826,0.0014817397838592563,0.0006529323340499505,0.000701232405239343,0.0010332425408169238,0.0006823476942757046,0.0015403214361185546,0.0016759644637160452,0.0016116310600979619,3.46040103087546e-05,2.5878631293748513e-05,4.4776793469872156e-05,0.00021956464854758277,0.000418301123519378,0.000174752356078743,0.0002908812873309002,4.236978584629077e-05,0.0016019319339964932,0.0005422003564926065,0.000163790717580566,0.0014971130893066122,0.0002899184546440886,0.0006030362847796974,0.001030495695341144,0.0006712335092251159,5.442984003999974e-06,1.5355727767804775e-05,0.001216605945470295,1.1277232068832293e-06,5.7431598998077914e-06,2.6905090016625736e-05,3.2898707928459436e-06,3.1672461125108442e-06,7.168629740681494e-06,8.387719841418014e-05,0.005927048658456814,0.003908815618992162,0.0009016372658964279,0.0020047132076681674,0.0003305351318838676,1.1362444252432974e-05,9.87686475909252e-06,3.355206253967768e-05,0.0013921271519770728,0.0012551707271053164,0.0002437281321540986,0.0025367727832211963,6.456573774262542e-05,0.00018686081756855188,3.507737825750671e-05,0.0006371728510204392,0.005927048658456814,-0.00010984410167017879
r183 2 HNO <=> H2O + N2O,1.6872236251934884e-07,1.8818764406558615e-07,1.4511218643779006e-07,4.72741075227963e-08,2.9018019695144415e-07,7.592375999072854e-07,5.6084363997455504e-08,3.429111179138367e-08,1.8050434085279635e-07,2.5628247503793104e-08,8.303921917912065e-07,0.0006068820267850192,6.884046221183886e-05,0.0010518733973742408,0.0004403251682625461,9.049113816487297e-05,3.451946728246552e-05,9.918503177753162e-05,1.0940290300350065e-05,4.604838902561552e-08,0.00041630074485423724,0.0003436359109508546,0.0007026866280847758,0.00022455188652385367,0.00099475806665511,0.0002642057143120801,0.0019497000888658443,0.00040465153840562354,2.843384566643579e-05,0.00077046334234719,2.970834377144059e-05,1.3697515610277838e-05,2.283892179733277e-07,0.0003155380829796012,0.004703176676944337,1.5748970531161186e-06,1.8007155792802265e-06,2.08985779494008e-06,0.0004330546920328366,0.0006141856067541755,0.00018559460377816627,0.00021360883635493052,4.23221922671707e-05,0.0002667589748796918,0.0001996413428903999,9.502918220969004e-07,0.0016855328911945505,0.0020702383900117398,0.0002971274118909592,0.00029763970653920647,0.002465647821903675,0.0017986111876534061,0.0010684870222964,0.0009964762196854062,0.0008878698607803089,0.0017594359577310355,9.889115045927244e-05,0.0003035118248522253,0.0007438626932510096,0.0008542962950452639,0.0008561700540498331,0.0010745252592834964,0.0013490093897932686,1.3314571183364888e-05,4.9917396890396386e-05,7.560970034126065e-05,9.086435512420239e-05,0.0005028558675301606,4.7983377225206534e-05,0.0004721592874398515,8.667409963677045e-05,0.0003970323822754317,0.0001369875528896602,0.0005439715314474293,0.001213663108354625,0.0002467933469292217,5.662440588003595e-05,0.001553567934588122,0.0006038154375146104,9.904219647929362e-06,5.571384748216281e-07,0.0009495782170830442,7.729669080252442e-07,2.2328726557296933e-06,1.519108048745982e-05,1.1948080554786196e-07,2.736365194224445e-05,7.842376845833673e-06,0.00013248296492900406,0.0038629980836663615,0.0012669987300416477,1.7420992079671678e-06,0.0012105505018244747,0.000457418421131546,2.4306621755289293e-06,1.044242514738108e-05,6.850310393231359e-05,0.0031430594134476547,0.004832545512291639,0.003350113977472788,0.0020757804610182728,0.00320329397936629,0.0009240777976859308,7.962604564807346e-06,0.0006326180544781088,0.004832545512291639,-0.0001296171000517491
r23 H + O + O2 <=> OH + O2,7.30080197615501e-07,4.6538497017873457e-07,1.911471106963428e-08,1.920505107107093e-07,3.8529745663565463e-07,1.4629873247895113e-06,3.016179589187664e-07,3.160474282563743e-07,1.244283665358427e-07,1.7753621712556713e-06,2.942909471796496e-07,0.0009282789144639394,0.0003599739117329699,0.000454203664401687,0.0009278918742477955,2.12694856218562e-06,0.00015445979417789805,6.366264982530757e-05,3.4437674946018546e-06,4.510465315945884e-06,0.00033447711114484356,0.0009102879946319241,0.0006318894304292184,0.000551732070995738,3.4466052196990852e-06,0.0006340465620955632,0.0019378689303141668,0.0003830522854683316,2.463420104465017e-06,5.181050326618857e-05,2.353103998543164e-06,1.0608842882440305e-06,1.9506364687400522e-07,2.0213721848761067e-05,0.0006017378244289583,8.511005243417164e-07,8.335756924621696e-06,6.50211160647491e-06,0.0009546578275128315,9.088252367974154e-05,0.00033023489430394155,0.00039999363862234014,0.0014078901491327356,0.0006754176862609971,0.0002783023732781785,2.4775615197513746e-06,0.0012351302309414392,0.0014806749870127985,0.0023360367721641023,0.0028152864640576957,0.001455300809211987,0.0009025350854560047,0.0003014233221964687,0.0006171165059789041,0.0007462314969438904,0.0005496341188805719,0.000792661154115868,0.0013815929508100332,0.0009806739281715204,0.0008338957325315874,0.0005651917083697931,0.0008797549771751372,0.0014447006394380567,2.1269526829418004e-05,2.9344153084135617e-05,0.00039390230900940537,2.3132187545670188e-05,0.0007021991584025244,0.00023115838698264807,0.0007136617721321619,0.0008553353996901126,0.0016722725911961114,0.00010256234764587801,0.001491730052370516,0.001061374540254546,0.0012602859155943064,0.00016677631998201454,0.0005831362105864261,0.0006784742150485506,1.5093773744013509e-06,2.3218658921414072e-05,0.000959255412562822,9.92157254716627e-07,2.8619899041686456e-06,1.4666866376653495e-05,1.4844367688191062e-05,1.0355183088563543e-05,7.88161777879005e-06,7.824164180143751e-05,0.005058497970696997,0.0001380050009618749,0.0017719654586535612,0.0035933228362605833,0.00035307286593933533,7.993195824948802e-06,8.197559024471572e-06,6.577182525342006e-06,0.004668953609140088,0.0008586107358544787,0.0025083279781037845,0.0021485457044191233,0.00020166993842079165,0.000770111383240775,2.2833650932957156e-05,0.0006313631548083991,0.005058497970696997,-6.0136492816034104e-05
r122 H2NN + O <=> NH2 + NO,2.810546928044213e-05,7.783043908151656e-06,3.3764274759530377e-06,3.619696065460475e-06,1.252716031519305e-05,2.500634896980508e-05,1.7504626716015917e-05,7.214317319608555e-06,1.8674316116374757e-05,6.555909972347441e-06,0.0013461347665439172,0.0006323913542000017,0.0005572098570147264,0.0004566980842454913,0.0014994055774868672,0.00010008707499911998,7.635641654326859e-05,0.0006398596681920613,2.6567042795574066e-05,5.859673013087518e-05,0.0005723213822812677,0.00038819940944570145,0.0010817417003348394,0.00045034151049964065,0.0005203753735442067,0.0004355935596805955,0.00012038812097299021,0.00026138044551345726,8.674512801686316e-06,9.315678788022223e-05,1.8226868671594195e-05,3.0237046054883454e-05,9.861431575433428e-06,3.586146529717809e-06,3.3616693005342244e-05,2.1853755687182608e-05,5.487786884877803e-06,0.006648237026293922,0.0006178510064416798,0.000789188899007137,0.00018742452924759733,0.0004591727646162941,0.0008673563049468316,0.0007019522701561048,0.00157427767574827,0.0008886713681269938,8.107390462985623e-05,0.0005984606053528386,0.0006575885763888887,0.0009311512623059456,0.0011132666747933233,0.0008894998376075287,0.002372808762270474,0.0008726475052448447,0.001892181381358511,0.0016726478429845177,0.0009603116530684905,0.0008765388091371021,0.0003857783703465586,0.0006382941434465442,0.0003937439397061483,0.0011766893118019086,0.00029568175210854564,2.760895116457195e-05,5.1463849815340255e-05,0.0006028230925302157,0.0004483351838847006,0.00022657573418029983,0.0003283445023034018,0.0004306613232767303,2.8603098992693044e-06,0.0007215389374617111,0.00037447899680436326,0.00031824599946842587,0.0006187765273281858,9.555402876310763e-05,5.0848800427245696e-05,8.116471273096009e-05,0.0005786652990298089,1.5586704209139464e-05,2.7663818608840246e-05,0.0008397618703299721,1.8666643572771001e-07,1.251220096742349e-06,1.0378059078256298e-05,3.960842506426645e-06,4.5321068367611896e-06,1.917666280833488e-06,2.4956478852006752e-05,0.0029015172349535112,0.0019503805129417586,0.0037321973116117143,0.001879423757287349,0.0003866449499376323,5.20697932086331e-05,3.975008169115598e-05,5.0964511775233766e-05,0.0002541765749317488,0.0009649293874205364,0.006933311657408765,0.00010413727368622898,3.868600327781737e-05,0.0012982403091145616,0.0007401663508846031,0.0006282302883579427,0.006933311657408765,4.1841846456589995e-05
r190 plog[7]@21.5atm NO + OH <=> HONO,0.0,0.0,0.0,0.0,0.0,0.0,0.0,0.0,0.0,0.0,0.0,0.0006808184266754738,0.0005579338725869322,0.0006425829483007138,0.001217883776712392,2.2659226548705063e-06,0.000924447780411776,0.00025023039824487766,0.0003729737670198154,2.7271575772488845e-07,0.00018030097563756788,0.0003222331103668569,0.0004540661430177934,0.000453991849836892,0.0012994864883594918,0.0010836933782563717,4.861798438788083e-05,0.00023268770426269097,0.0,0.0,0.0,0.0,0.0,0.0,0.0,0.0,0.0,0.0,0.0001270496970515696,0.0008420252530472759,0.0006929854621258944,0.00034349357916377114,0.00037343444922990384,0.0002756604750811434,0.0014954573344173844,1.5471808762658523e-07,0.0001359893404181495,0.0007416343421529445,0.0044053363892853446,0.0017520641700834257,0.0011136003377906485,0.0010093117127339837,0.0027651847338887687,0.0004269344114088811,0.0027912939149869987,0.002411319322389883,0.0,0.0,0.0,0.0,0.0,0.0,0.0,0.0,0.0,0.00014839735461322687,0.00035937878173917024,1.9971818598512288e-05,0.000557602578463945,0.00016154507018349272,9.270856003601084e-06,0.00022572201993905413,0.00018498975575213406,0.00018395242587547213,0.0012475988877587,0.0013096366508653062,0.00100596117603131,0.0012597696153130895,0.00020301803273926344,0.0,0.0,0.0,0.0,0.0,0.0,0.0,0.0,0.0,0.0,0.004862166132343787,0.00047459329934351817,0.0002934423832028295,0.0026119152142116677,0.005052866371912386,7.965238959992241e-06,4.342126317429916e-07,4.965615852347672e-06,0.0015235300915026444,0.0031555736731187253,0.0035817965498927767,0.0012871409250221197,0.003965649187716445,0.0009922063684071661,6.0757289884052526e-06,0.0006261976240655437,0.005052866371912386,-1.28990284249564e-05
r184 HON + M <=> H + NO + M,5.341326041317762e-07,7.062838331466052e-07,8.836221084700136e-08,8.616775461963209e-08,1.796492430470691e-08,5.787564519560084e-07,6.033160715761419e-08,1.2310057809604813e-07,5.890539346809099e-08,3.013137253329823e-08,1.1047652459662092e-07,0.0006083941853309761,0.0003059125273703703,0.0010715582774252577,0.0009834892090770319,0.00011540193034824399,0.00023493033330180445,0.00034234936237912035,2.1477816748802623e-06,6.097874293575008e-08,0.0003083575981141416,0.0006330966804276062,0.0009746240054417506,0.0008444355791046264,0.001077468576624419,0.0005393078119710888,0.0019118886526584872,0.0001577620524103117,1.3170861610491646e-05,8.061728493236747e-05,8.127665241467996e-06,7.074649555847942e-06,1.8126457856234836e-07,1.8986975732533945e-05,0.003484832603742098,5.724227914988035e-07,7.94105180291518e-06,1.7841293280538968e-06,0.0005719254679824296,8.09583552215913e-05,8.933521594588419e-05,0.00041666366312477444,4.289940395132005e-05,0.0008841871875668946,0.0007694707989743335,0.00033188010004826964,0.0003847581767623784,0.0015421004602993696,0.0011740818934716636,0.0025653238319261083,0.0005002479054830417,0.0009387857492018766,0.001085171979431349,0.0009169996737363491,0.002196059341110926,0.0016129316922498282,0.00021075507369630432,0.0007593585245767614,0.0007674829349734409,0.0006082984214958472,0.0006652958287944881,0.0021817142971707047,0.00021868981276019543,6.817251360407695e-05,5.6903596645992006e-05,0.0004677478613407219,0.0003692117420172388,5.260434645560643e-05,0.0001493788093297585,0.0005512989082006981,0.0007953227470658815,0.0007265197697353383,0.0002941371189160455,0.0014985357536703768,0.0008822956012663533,1.4377624484123583e-05,0.0006377079157063812,0.00012706449599739949,0.0005736610709011344,5.830510638922606e-06,4.1330271432057394e-07,0.0009418758654157044,1.3338717677523417e-06,3.52184036385908e-06,1.549279961538379e-05,1.590646159876987e-05,8.095800372695618e-07,9.609624911062618e-06,4.402872240411718e-05,0.0030970110726083913,0.0006903643019474284,0.0019949689229932966,0.0029371784825272945,0.0003628713931059773,2.426293491380804e-06,4.009120880863005e-07,3.3060611669702766e-06,0.0004324894214162755,0.006421299464501806,0.0008550437360377299,0.0035072391567534437,0.000190289254973993,0.0010045211228994605,9.781752165852286e-06,0.0006256269101770341,0.006421299464501806,-8.467425945719185e-05
r182 HNO + NO2 <=> HONO + NO,3.632646527508281e-08,5.79024603054549e-08,1.7947404021463079e-07,1.4966104570845495e-07,6.497484005848144e-08,1.3061775725833825e-07,3.7739583682626864e-07,7.838175393742386e-07,5.442115250778928e-07,1.6210000149585571e-07,3.871973753284807e-07,0.0007498071520909619,5.1547580614687005e-05,0.0007524861092028995,0.00033135414360601934,0.0007013556868963462,0.0008435787399656757,0.0004320494736725435,1.6297103578801775e-05,7.617459212768999e-07,0.0005327217424914535,0.00028469231507215366,8.554695681446259e-05,0.00047300184190722516,0.0010069882953889168,3.948301653668238e-05,0.00015944997631006755,0.0001287021844296312,9.692052800055233e-06,5.5966122375693494e-05,2.8755064013230458e-05,2.007263697213869e-05,6.219114486950249e-07,2.7701828236113424e-06,0.004322523304407425,2.4281274366954076e-05,1.1065900897683883e-05,3.177535286409185e-08,0.0005723127554182842,0.0006376995860161211,0.00017333981127415593,0.0005498895819277676,0.0006002630075566404,0.00048321154729706074,0.0002826430843748704,4.409335519728814e-06,0.0010793117193691017,0.0005876761614269206,0.000421944302226186,0.001047212488107481,0.003177548735756098,0.0011079136892651212,0.0007725356610761027,0.000327048913849322,0.0020841437924777107,0.0008880101701154631,0.0008623527620096987,0.00024132409248514789,0.0008341608347483881,0.0008494694498681606,0.00013239480536101142,0.00027019988992335744,0.0005959751372804292,0.00020911754111286424,5.221042205568264e-05,0.0004883186305647229,4.373751781550438e-05,0.0008056380418802131,0.00022913221103660518,0.00012563673285586647,0.000558847481459326,0.0004769476226847631,0.0006996588393238551,0.001730123082739118,0.0013923600282384958,6.421082737087081e-05,0.00040733907353721126,0.0008313026656848104,0.0002233837839994163,1.2046287226857934e-05,8.943832171872585e-08,0.0010072959158384976,9.13775257008609e-07,4.422173029594565e-06,1.6460709867660433e-05,1.9230385994908054e-05,9.052684471399238e-07,6.305510135918253e-06,2.534018520638294e-05,0.002304060018170588,0.00013309880435276864,0.006525643148519381,0.003110471277346536,0.00019318810197315362,1.4511926078161216e-05,1.2196951239780445e-06,2.91388741979415e-05,0.0045331328226212875,0.003860214562246935,1.1143089540040797e-05,0.0027434498271814633,0.0018505945246927447,0.0003152779744847542,3.707406451121219e-05,0.0006225448283298208,0.006525643148519381,-0.0001312500113693389
r141 HNOH + NO2 <=> HNO + HONO,1.4466199406427104e-07,7.63977997301593e-08,1.500262872145793e-07,1.1388501498058104e-08,2.7781086298744633e-08,3.878499032628507e-07,7.406759038970438e-08,1.0812441354823085e-07,1.3910213609829583e-07,5.872307418357384e-09,1.54796157763761e-06,0.00044378864105326416,0.0002553973974927897,0.000681553642843529,0.00013563057620421607,0.00014506198926377716,0.00014847399523824776,0.00038426931000045094,0.0002841589568254851,5.527764332063382e-08,0.0005812061445293551,0.0007927606664386356,0.0006688644413242472,2.997938740408635e-05,0.00016340808001691272,0.0014058150552851497,0.001964304037916018,0.00020047820259486975,0.0013361145351070576,8.032413767411333e-05,2.7095725246242815e-05,1.0332601199182026e-05,9.46141232939963e-07,1.2850411765804073e-05,0.0035168261804621095,6.036563754347053e-07,5.644493941695263e-06,4.487416766975558e-06,1.9523989593263402e-05,0.0006181757285673402,9.15019603725446e-05,0.0018827790218657243,0.00010509766736759688,0.0002040762413744669,0.00017608005770770345,0.00033805749922152155,0.0012740540125743792,0.00019685710510123706,0.002741232547778679,0.0015767685932022643,0.00025362179573923963,0.0012525051691313074,0.001564951260648578,0.000436952321623305,0.00048348175981970766,0.00048144745413899456,0.00011194393251192566,0.0010880746506978364,0.00019828594275283416,0.0009331130025542605,0.00044520684250161396,0.0011723556961657547,0.001326770639098361,4.3832936493032085e-05,1.207133029170647e-05,0.000147735180363112,0.00021999259064930566,0.0002015702430559,0.00011252246271372465,0.0006103820526258204,0.0005575416139213887,0.0016101634741280562,0.00038364230193568713,0.0012323066677120203,0.0014468814666092375,0.0008302300538916226,0.0007693744251292379,0.00046872184844286985,0.0008273983293829968,2.112693048104353e-07,3.0297219641233007e-07,0.0009613788827503506,4.835436754679657e-06,4.999455601151917e-06,3.115452630476322e-05,1.929173995959662e-05,8.491669907311058e-08,7.899854912299824e-06,5.16268750678236e-05,0.003980535018350073,0.004715036056819351,0.0009755960420328567,0.002549610644967931,1.8841739026218132e-05,7.115133273710793e-07,2.7525822563996746e-05,5.849114388193541e-07,0.0009711604919735306,0.0031608990166927713,0.003429916332145723,0.0009802700636323684,0.0002497743973128195,0.0008640789921153155,4.387001592659551e-06,0.0006225105786388653,0.004715036056819351,-0.00023313860637562018
r114 N2H2 + N2H3 <=> N2H4 + NNH,4.06241879267481e-07,8.621767329165985e-07,1.0381181853115095e-07,5.308381737744673e-08,2.1781611071097418e-07,4.024745601731096e-07,4.22273427755262e-08,1.540991240854603e-08,7.952653955429414e-08,3.953058493189971e-08,1.0851238794569411e-06,0.00015260021015156571,0.00031223615966815166,0.00031905937713486463,0.0010315557167974638,0.0003626936538102151,2.1648911026538327e-05,0.0003598112342901891,7.0375575740101074e-06,1.4356783162249518e-07,0.0004167393241200056,0.0003758053241590097,0.0010319595813668035,0.00025965330303025886,0.0001717690990130489,0.0008004061845827776,0.0002199185520680961,0.00033800607517792906,0.001321514951707259,4.2635808999798915e-05,3.7125946869096543e-06,1.2065851303324504e-05,8.095318700847145e-07,0.0003096924152457051,4.0012620598612114e-05,6.73754636692816e-07,1.7155535659607267e-06,2.153099343780922e-06,8.676950600107246e-05,0.0006261318181266107,0.00030296092905165534,0.0010750070763927769,0.0005826896143834538,0.00022236682203442246,0.000245260860248952,7.42614344808848e-07,0.0009713733144433625,0.002405986137857894,0.0031038189367450335,4.376199155833009e-05,0.001844783742722492,0.00047399947215963687,0.0018044092306194338,0.00010430261933738787,0.0018482400293388776,0.0019154565378020124,0.0007167986507851318,0.000170177872341575,0.00012251008468070585,0.001347793160333477,0.00024381932412099132,0.0017059980894214824,0.000722706305973592,2.4675814788066856e-06,2.9012053783043746e-06,0.0005017674452552265,0.00010760811735814861,3.574874631788674e-05,0.00011130338463203879,0.00031635584132448733,0.0015407425868409054,0.0003735170369539798,0.0014133913348313705,0.00030696049720818966,0.0012590338496908423,0.00040090602015141913,0.0005529837600892607,0.000305128412631225,0.0006540681823261008,1.808158292193581e-06,1.597868063105101e-06,0.0009232237027074167,2.735419705776341e-07,2.8312514859907672e-06,2.0661541480029784e-05,1.0600180138364535e-05,2.699884994785789e-05,5.8644656042459586e-06,8.030808345196003e-05,0.002215775795542765,0.0001379668882951212,0.005040014750847342,0.0005178571497120027,0.00039838653725573846,2.2137961309541998e-05,3.104477838450476e-05,6.24534537541843e-05,0.00031624597506978814,0.005913469220735514,0.006108349633117513,0.002691313132743885,0.0008141901626646347,0.0008872335623153766,3.5859960937040413e-06,0.0006223680655886107,0.006108349633117513,-0.00022985352665740868
r19 HO2 + OH <=> H2O + O2,2.216062436027873e-06,1.4975631420688259e-06,1.3180762597434845e-06,1.2243229306708715e-06,2.0488933880265246e-06,1.3545537913372116e-05,7.524837304487922e-07,1.2558401540443755e-06,1.9510286518573713e-06,1.2114314012548716e-06,1.1934283442082756e-06,0.00023164031771006298,0.0002700938202918412,0.00038736284478363734,0.000477730962548678,0.0007627050761231992,9.642289030552333e-05,0.0003675102427644069,7.292889951602871e-06,1.6524675476145607e-06,0.00029129498632337177,0.0005904536528625759,0.0009521763456294538,0.00029802125937838616,0.0012370983876536055,0.0007399481371203106,0.0019483207007164297,0.0009452293780392841,0.0013367516741934228,0.0007909253032914532,4.472362437411396e-05,3.712781349586981e-06,1.4848868173992222e-06,2.169720296661151e-05,0.003364963495614442,1.8863083735879013e-06,1.80250007513668e-06,4.359667375815893e-06,0.0005014533504537704,0.0001459577003622675,2.9189968809877548e-05,0.0010317394216601277,0.0007560938860229658,0.0004943985262101007,0.0015038575706812073,1.9109720371271016e-06,0.0013124964420492583,9.635408262194903e-05,0.0016426911504167877,0.001828893639943874,0.001421330151688652,0.0014426327329489948,0.0016262170651923206,0.0003818077515623959,0.0002093384338619675,0.0014968871170449396,3.5958320494148375e-05,0.0009983199102253507,4.078071301874288e-05,0.001413815301831312,0.00023433349463181804,0.0010573336856844276,0.0002937069453410602,1.6350560513696832e-05,1.8429359789744522e-05,0.00010663720930036778,6.523437889766406e-05,0.0003675701782574013,0.00020242712310631716,0.0004673440106149655,5.130564240665424e-05,0.00045233726568606357,0.0002883330754032046,0.0011758392914991876,0.0010472433094136484,0.000783454651669801,0.0004026973973768304,0.0004119015201834894,0.0005369965896082437,0.00017158818076738448,1.2857131862640465e-05,0.0006867572743500414,2.451967833067929e-06,3.6999619454702274e-06,1.3245884017964162e-05,1.0654473971626187e-05,6.313379220064072e-07,6.843785120104209e-06,0.00010186581024809949,0.0007803546163652336,0.00580321849475988,0.0019121485450497712,0.001852848850169812,0.0016473194913248586,7.654886561890722e-06,8.189115170143043e-06,8.212855346080336e-05,0.0015791887141815022,0.0016787957784198451,0.0020784002702705336,0.003650612637541982,7.348717716695912e-05,0.0009469632126483449,6.376395396629394e-06,0.0006222630665152172,0.00580321849475988,-0.00021487484953918958
r223 HONO + NO2 <=> HONO2 + NO,2.2529631130806314e-08,2.380101410276476e-08,6.206055032016121e-08,4.636598370351255e-08,5.714306158201605e-09,2.0492308809079967e-07,1.0020567582611504e-08,9.196840371821139e-08,4.093702298018888e-08,4.278446034562326e-08,2.802609953307077e-07,5.9724323393459574e-05,0.00022856274727725288,0.00020999090997556413,0.0009571336117684371,2.905348161254253e-05,0.0001749924348702659,0.0004607468403242316,2.2881080266832585e-06,4.147202980077713e-08,0.0001405967404489074,0.00023898743999382818,0.00037561429341035973,0.00013341174745249495,0.0004915400983315232,0.0011246382398039754,0.0019249481372603588,0.00014450409944715624,1.0212543688048513e-06,7.623908548987946e-05,3.205919820066723e-05,1.3216550191599865e-05,7.615365381186115e-07,4.143905059470021e-06,0.0035456002285209963,1.6118221150048063e-07,5.311184108162643e-06,4.810397150937786e-07,8.841417226406984e-05,4.400404391154242e-05,0.0005326147131557218,0.0008764105559027388,0.00010310866825287787,2.4084356657454006e-05,0.0002307025666263637,4.088186826091794e-06,0.0009746896770095206,0.00022094189265204692,4.570138839775683e-05,0.0012200061839300776,0.0008875978240214659,0.0009090948362013555,0.0013732029694646613,0.0003304732424027189,0.00036669561354674574,0.0011784077749849029,0.00035141088453254695,0.0013893686858309315,0.000742728024186553,0.001370759727756303,0.00011633421302606183,0.0001398390171142362,0.001429385426734385,1.1133260142184366e-05,4.426975155377345e-05,0.00011642545775106146,0.00025277390006013176,0.0008912865368971028,0.00013946114108599004,0.0005836562269404171,0.0019323825688896217,0.00035457710228201724,0.0003431870009299365,0.0002754809096333729,0.0014802627964163899,0.00014814060469175254,0.0007737967835819443,0.00020258516516487274,0.0004362911584610747,4.857872863829141e-06,7.223136119788851e-06,0.0009334606731339875,9.405081183345721e-07,2.187516974604037e-06,1.5741970947877012e-06,1.0715048919505508e-06,2.21936991744733e-06,2.537130646287255e-06,6.863569577440635e-07,0.004576755145038685,0.0008790190484019594,0.002953612501315663,0.002530972096456418,7.13455950553822e-05,5.832406234743993e-07,2.269315780704328e-06,6.972492773241805e-06,0.0002710200097256086,0.004858594314071719,0.00709154672367891,0.0029810245694855326,0.003108227056301923,0.0007384489087429969,3.705772255066955e-06,0.0006186849165591482,0.00709154672367891,-6.058126593001888e-05
r21 2 H + O2 <=> H2 + O2,1.2836666098208414e-06,8.484920485178998e-07,4.297396008083444e-07,2.5959991387093407e-07,1.7517026489228497e-07,1.2509263826903182e-06,1.499668709558501e-06,2.4127441017271227e-06,5.782744242236517e-06,4.819443972548133e-06,6.681830736764059e-06,0.0002873299370186861,4.380201648314304e-05,0.0006785537834671292,0.00022227321892582464,0.00045191794681175387,0.00035971514978778627,0.00044695713473222646,4.242270581741496e-06,1.1651398167812442e-05,0.0006580733916386044,2.0568359348542015e-05,0.0008058609650294149,0.0005231943885981756,9.341390756900715e-05,0.0006364420161307797,0.0019121828432572547,8.804118568730534e-05,2.4745628005526584e-05,4.9691551537467155e-05,2.3709636967737188e-05,4.863742863584741e-06,3.6351539559967146e-06,2.0084968389211962e-05,0.0012620758079390799,2.9484300842128537e-06,1.8621166944332382e-05,6.740359540946776e-06,6.434639908935295e-05,0.00013500003317925435,0.00034329940771701866,5.3528781502142195e-05,0.00022948150873977307,0.0007450187220999907,0.001631119732093571,1.4184521017696902e-05,5.070646613641073e-05,0.0003194224732929466,0.002851228895655223,0.001193150682286917,0.00020870091481350168,0.0011317072665985796,0.0019969321866379146,0.00029063537507955164,0.0011804586689046488,0.0006633087026917541,0.0005559305172630157,0.00032702082566934314,0.0005545988201205958,0.0006305814926664381,0.0006707509838631394,0.0007069450122598237,0.0010111241867346754,6.554111152466801e-05,2.5120228429698134e-05,0.00010126508893288376,0.0002521777916258494,0.0008552744933488864,0.00045870039659611146,1.129062439015474e-05,6.59631990051589e-05,0.00021971837367368172,0.0007056824811719269,0.001120344866999718,0.00039221178628392675,0.0012365081420720545,0.0011016324599377135,3.575379636916436e-05,5.651348314344036e-05,4.201548436753268e-06,1.3432054147857259e-05,0.00035084921166521875,1.8223785131866666e-06,2.522335470676369e-07,2.297819763812518e-05,6.653329359326601e-06,8.974995040051088e-06,1.3272756359207925e-05,1.5459599496717705e-05,0.004836692537451924,0.0007572064004209065,0.0023965504036898406,0.0032772168734066884,0.00044685329049850235,8.987101421175705e-06,6.526158812124694e-06,8.962337591212092e-06,0.0025151213995454904,0.0012740219138395385,0.005924491377011843,0.007770472086827187,0.0008037170557125843,0.0008497001878665259,5.529364353098712e-06,0.0006179769815222807,0.007770472086827187,5.225866054649509e-05
r90 N2H4 + OH <=> H2O + N2H3,5.213981043586198e-07,9.409097730319622e-07,2.2657357190642177e-07,1.3553172647833125e-08,1.1754028684251329e-06,1.5047170146915596e-05,1.125176514852964e-07,8.57432250065152e-08,2.708051577192193e-07,3.534835428615884e-08,6.212705275712868e-07,0.0005457257932668726,3.652373128473259e-05,0.0003526452944844995,0.000962332711851358,0.00014762882665377556,0.00030101977787183576,0.00040840706322952286,9.716112266910711e-06,9.785486454793253e-07,0.00032596628634431866,0.00043626852976146383,0.0013443264321623296,0.00012773183875606052,0.00046428066180096507,0.0009309931730167743,0.0007104629808211867,0.00019116375854560084,1.109819279277549e-05,3.6064744689397535e-05,1.8005686176055183e-05,1.2840271322628765e-05,1.8590302772430008e-06,2.3078742446995967e-05,0.004374880743433427,3.24163094184017e-05,4.981913073504668e-07,2.0851110617422037e-06,0.00043510680043434613,0.0005139031138528843,0.0004576160294669699,5.833594578937846e-05,0.00024085556302645014,0.0007961093501395089,0.00018082256088245056,0.00033116693329064565,0.0016007577719426224,0.0017737876348357068,4.141086044160708e-05,0.0011022582230341958,0.00014646968569323617,0.0013635502239721948,0.0005538882219381285,0.001071056354780267,0.001234208520875806,0.0004636429584542582,3.4318052686131674e-05,0.0008780956444476452,0.0007075391073284365,0.00012135779264756955,0.000441468526183668,0.0015441866568132057,0.0013688431445842222,1.924837823181287e-05,7.545850424835307e-06,0.000111836511707592,0.0003598050064984476,0.0005301183004529089,0.00019093962729644308,0.00026936029267898625,0.0006086165402465647,7.157265866549043e-05,0.0003008982724513907,0.000516958002193554,0.0014788863396426601,3.870997368637966e-05,0.00023754563491552538,0.00038853215037690697,0.0005054333313112394,1.780772466175499e-05,8.022513693645176e-06,0.000917326100270474,5.025056277574737e-06,1.062497554497846e-05,1.4179362096447242e-05,1.1044667860216892e-05,1.3527400798300728e-05,7.946352415930673e-06,1.2476066393536352e-05,0.003031207263444631,0.005802298286038974,0.0020402673951526603,0.002525301976604933,0.0005497581121149403,1.1492295110693718e-05,1.245577224346558e-05,2.757210470965132e-06,0.005182234992047533,0.0010491477752718156,0.00010774721307610419,0.0029273000912359436,0.004361835935128481,0.00045444023123059133,4.40378897988262e-05,0.0006158180234956609,0.005802298286038974,-0.00019107045256402008
r230 HNO2 + OH <=> H2O + NO2,1.9971609253966804e-07,1.5413323968195405e-07,6.982330903265955e-08,4.262217689002226e-09,2.994981292654596e-08,1.096837032993065e-06,4.221597052000595e-08,7.79367368860265e-08,2.4233709633501803e-07,8.113902111811988e-09,1.6109019270950593e-06,0.00017151911514723297,8.391105414464716e-06,0.0009269571269271075,0.0009912405095544655,0.00032379111855024235,0.0010177593228460435,0.00036914545966366876,1.4835364617889236e-06,2.64789249688403e-08,0.0004831373197349146,0.00069240837451266,0.00022418752081062923,0.00020835058170787734,0.00038784206934149875,0.0012660693824744506,0.0019451398135954512,0.00022131249314448405,1.4616153953441895e-05,0.0008206056703557885,2.2644292411768897e-05,0.000825009157711783,1.1145254263956758e-06,0.0003137584009851171,0.004861168101234483,2.2342915382702102e-06,5.675438053194804e-06,4.1031182935429577e-07,0.0005575059354342671,4.8074424766678944e-05,0.0005031139728817554,0.00041128325062156595,0.00015572331410563798,0.0005254348894050649,0.0002492263608248468,1.3682186179749453e-06,0.0009483574683294013,0.002301567908018633,0.0017454061978603628,0.0018206357690245245,0.0015967467586221207,0.000878525260581807,0.0026124656193185374,0.00015918740087683602,0.0005519565650564459,0.001903055869517902,0.0005973819359844527,0.000976596190753241,0.0008648329275807301,0.0013738728364975808,0.00029501864669307856,0.0011297650275351857,5.423326565073856e-05,4.146550074181312e-05,0.0007554846211654698,0.00018879893469641817,0.00046790973061967606,0.00021359610637649006,0.0002570384144519364,0.0001501798198149851,0.00010968476494304268,0.0016523746909139672,0.00044557538633236473,0.0010219047103160394,0.0006766483718647022,0.0010829324075702382,0.0005503342295137997,0.0005858142589434774,0.0007282840692147903,1.507513141133933e-05,1.4543836599404979e-05,0.0009650308750345222,2.482164097253513e-06,7.150026826759546e-06,3.0848210108691316e-05,2.4273753739131324e-05,2.476173499919276e-06,4.334570272007284e-06,2.883454985036077e-05,0.0011857780159977291,0.0014915185177664866,0.000920136146289547,0.0014672652365953032,0.000457143062471607,1.4097495642636728e-05,5.565732647182753e-06,0.000109180383058664,0.0006111915163418035,0.001869352162477013,0.001292215078849848,0.002270763660197471,0.0011394715592535503,0.002791837936018875,7.780004411087608e-06,0.0006156465551071743,0.004861168101234483,-6.29560125669274e-05
r208 N + N2O <=> N2 + NO,8.052161360349182e-07,4.4734607446989644e-07,1.253543636958849e-07,1.5617892075824194e-07,7.780488203499861e-07,6.867729549742064e-06,1.1285848309965052e-06,5.066832393777551e-07,2.0231746568637143e-06,4.822791223005482e-07,0.0013477116151957551,0.0003650813926700199,0.00021065399880850844,0.00042158257164722667,0.0005917264490611775,0.00012747350579738444,1.8511513775510576e-05,0.0001294621862509648,1.1867831219800276e-05,7.940716452174149e-07,0.00034494317019566757,0.0008136692924746368,5.818576347270067e-05,0.0001404136226635241,0.0004836189633758977,0.0008033611254796073,0.0019100988713286818,4.316332350065546e-06,5.456021203891311e-06,4.08342054156577e-05,3.335205022957291e-05,0.0008256403643574133,1.7939092120565365e-06,1.5821744627932305e-05,0.004525608499056806,1.4508199327617736e-06,4.5504078625485074e-07,6.480049931514841e-07,1.623323912316875e-05,0.000585991848943879,1.0347259778870843e-05,0.0006308068578397573,0.0005356822596764529,0.00023379139060052394,2.1516315988211747e-05,1.838841845030906e-06,0.001082370891893535,0.00047535737158943146,0.001654965794885749,0.001664558655811765,6.900749044785985e-05,0.0013698889496457304,0.0027710267455500993,0.001097722506876582,0.0007874997874490224,0.0015173495463866053,0.0008953946573965962,0.00014585592792086985,8.032209461139972e-05,0.00032139041308137565,4.5606462167665836e-05,0.001062787151126001,0.0017656982631470825,6.074277867087531e-05,7.39466551548738e-05,0.00017075311851078771,4.508896461766656e-06,0.00032192456919668866,0.00016623363320992065,0.00048215736343123203,0.00043649025234829297,0.0002697206176791732,2.7108166814907738e-05,4.978072604416461e-05,0.0003603977423870946,2.714346014214801e-05,0.00039078291560112405,0.0004005301552167604,0.00040778269545026067,8.369611644706516e-06,8.272233421931718e-06,0.0009123966554132576,3.178482696871955e-06,1.085849166166336e-05,1.4040588201576248e-05,8.961428979367244e-06,2.2991095662423907e-06,4.7529472840330206e-06,8.1800086509644e-05,0.0030085863475079796,0.00042764895177987457,0.004358538688825363,0.003303949945404162,0.0007156106069609879,1.6089973739598627e-06,1.10241533477786e-05,5.7258702072848e-05,0.0022142261812719897,0.0013479642197623172,0.0050556561716348855,0.001392191701231479,0.004639765665505505,0.000631357935270568,8.494654297188909e-06,0.0006150930823141534,0.0050556561716348855,2.651415831065712e-05
r34 N + O + M <=> NO + M,1.5846202488382251e-07,1.4456585340356994e-06,1.1071295739207707e-07,1.2409248633505377e-07,2.5955214677224276e-07,5.451853371568766e-07,1.2519290489383925e-08,1.3967543841536517e-08,4.578157349157208e-08,1.4896373268374827e-08,5.593535913343193e-07,0.000397204637093533,0.00011088570187224734,0.00045127099110851945,0.0002817396760167673,0.00026265837542181015,0.00016879230991734165,0.00046101280452737133,4.852903460798128e-06,4.539358063421357e-07,0.0005997143715878157,0.0004929528193375332,0.00124158799651897,0.0009961847756268,4.9153918450014815e-05,0.0004638125453517751,4.064526740153318e-06,0.00029029104774200005,2.606473382141603e-07,5.6072493588691174e-05,2.5654904450235584e-05,1.3993253653225207e-05,3.5039097970978355e-07,2.3661353337186e-05,0.0007577348397627504,9.27139568719089e-06,9.238667487555127e-06,2.199692700014958e-06,8.850598314368149e-05,0.0006844654235821567,0.0005539305870358192,0.0005812599487793973,3.0810099624053424e-05,0.0002765468078488871,0.0005084313353042669,1.930866061002563e-06,0.0008222770939323381,0.0013888251067817724,0.003698496701082458,0.0004506620105385152,0.0032243597631198915,0.0002565867404953153,0.00017435932220036973,0.0015804638686960414,0.0017490934751920966,0.0025515133205413873,0.0006899138643411694,0.00014224291409720553,0.0005627221245812454,0.0014151769496481773,0.0002518096709832922,0.0010246419767794264,0.002291408754114379,1.3305455906795642e-05,4.5167971706305856e-05,5.1493213621697395e-05,0.00041895325389192556,0.00034875564686298594,0.00022733859427224263,0.00021246532666256712,0.0006507596496476443,0.0007658192127967246,0.0008093452622827623,0.0013701455954755696,0.000929630027062943,0.0005769986621304335,0.0007694679183617405,0.0001241589338326047,0.0006474040255216207,6.254196909588086e-06,8.170211020077364e-06,0.0009248487451489672,3.0213499968928e-08,4.98651312946009e-07,1.5028783356639456e-05,1.0306369171031668e-05,4.4983867176466286e-07,6.778479260437222e-06,8.280797296255038e-05,0.0020792433809955716,0.0015719052240045946,0.0003094969162767316,0.0024656171932754605,6.98842689081361e-05,2.998138362448913e-06,7.782974027267275e-06,6.244457422036387e-05,0.002792599077301586,0.006824204518209157,0.0002447896032355176,0.005125913071556379,0.0001312722249668258,0.0009405204712602832,1.0550838520786159e-05,0.0006137923130038419,0.006824204518209157,3.857777320345439e-05
r199 HO2 + NO2 <=> HONO + O2,1.954699387690646e-07,3.9661826260885346e-08,1.9906687299291482e-07,7.20699309872124e-09,2.51549425315123e-09,6.562625609128831e-06,6.301466535264e-08,3.886402933626799e-08,5.070903191672267e-08,7.086218416333949e-08,5.425007846136936e-07,0.0006730538124158569,0.00023626300804470828,0.0005368534529624196,0.0009570584026500838,6.871219864148485e-05,0.0003310019669982651,0.0006402092108763181,1.1254414477798135e-05,1.4926171605271628e-08,0.00019081461574448145,0.00047442981065647544,0.00027456329535421734,0.0001390931458619537,7.716243212499753e-05,0.0004568420428464905,0.000327392696651784,0.00014589628245642567,0.0013359543914737526,7.105388570797266e-05,1.4242643495256746e-05,7.698869455048988e-06,3.841622059084727e-07,1.589934168822819e-05,0.003326471389819495,3.5791316021608486e-07,5.761570654404753e-06,6.600264747192369e-06,0.0008309209692911727,2.83916432824614e-06,0.00014501921603534863,0.0002752561066863899,0.00036256027249875853,0.0006670146385318594,0.0014932244410706668,0.00033822708574088816,0.0006351010238870395,0.0006422451605718628,0.00024854128526093365,0.002173979294072701,0.0026954723260625845,0.00019218541692334653,0.0011062968111966527,0.0007195052954013842,0.002378991466499064,0.0008759595217656609,0.0008863342104476903,0.0005740642795823688,0.00034803834216237065,0.00032674768439341315,0.0007802396154815078,0.0004222040731408157,0.00014643951230705404,3.10581521430972e-05,6.24192272145069e-05,9.738463426908736e-06,0.00017992416594303945,0.00022697804388507672,0.00010005765300218918,0.0002146902865792901,2.2852915454635634e-05,0.00016694698588910412,0.0005747388442643729,0.000874580278975079,0.0015514677074321712,0.00014476179951834192,0.0009000418536852115,0.00010201289934984701,0.0007185719703875109,1.1371907233853917e-05,7.420653188790311e-06,0.0010496287273303471,5.964832169663005e-06,6.522863454399338e-07,2.612450742822521e-05,2.4656490295691486e-06,4.5717645363704694e-06,6.951549535593302e-06,6.0312409729910456e-05,0.005002256530765809,0.0009922684474512392,0.00217294696957634,0.0031672498648537485,0.00035462135271018886,5.018997056071946e-06,3.4245930293476416e-06,1.2777631375210734e-06,0.00776524076193446,0.002825756534194518,0.00030491927956417553,0.0028860730778050877,6.81888658895761e-05,0.0009283751317548135,5.826574773012226e-06,0.0006071150974642938,0.00776524076193446,6.084751811096908e-05
r225 plog[7]@21.5atm HNO2 <=> HONO,0.0,0.0,0.0,0.0,0.0,0.0,0.0,0.0,0.0,0.0,0.0,0.00011529888817205468,0.0002975563698920438,0.0009204581452205557,0.0007807593176582912,3.3464419735922455e-05,0.0003243247373722861,0.0004143571542339966,3.365412998948618e-05,2.370072294629535e-09,0.0004958524930668123,0.00010612036917871981,2.8620462445880472e-05,0.0006856041878424989,0.00013135503886150184,0.0005477775198637758,0.0019288573139441803,0.00024622300441742205,0.0,0.0,0.0,0.0,0.0,0.0,0.0,0.0,0.0,0.0,5.485265863977835e-05,0.00011011532049035305,0.0004867733316340288,8.438432218439084e-05,0.0001098776676055483,0.0004661078772563077,0.00010607781541416156,7.504224197470682e-07,0.0010333719367591058,0.0011763608141512358,0.0012242743823825003,0.00022116528043665055,0.002989829815713713,0.0008461812225825778,0.0023725519233377297,0.0011747924900879564,0.000845436901084928,0.0022601729206063476,0.0,0.0,0.0,0.0,0.0,0.0,0.0,0.0,0.0,0.0001377379776859849,0.00017199406742388014,0.0003894121872922839,0.00026587439041827424,0.0005019032126219569,0.0002576891304195057,0.0003337412983365428,0.0007817548586793034,0.0021094177920413164,0.001304177600374144,5.346621010508006e-05,0.0002973308127556853,0.00043747253076161055,0.00015881212131248193,0.0,0.0,0.0,0.0,0.0,0.0,0.0,0.0,0.0,0.0,0.0025507858440388677,0.005835338827342402,0.001615424639714725,0.0014431890046027534,0.0006011202999104522,4.708613744704161e-06,2.433479939622676e-06,5.938368934875609e-06,0.004002130271800676,0.004370386836528294,0.0023263933903368453,0.008026439698648639,0.001398556991963913,0.0009514193742883781,8.115296903964358e-06,0.0006057358476315571,0.008026439698648639,-4.4220066111054694e-05
r81 N2H2 + NO2 <=> HONO + NNH,2.651620192176987e-07,8.301385097129401e-08,8.842224416142134e-08,4.792713870367126e-08,2.6203646582425526e-08,4.256011226892644e-07,8.466467395544529e-08,9.914660574380773e-08,7.550127858887557e-08,3.086625621692283e-08,1.6048447145351132e-07,0.000544823974403103,0.0007116650547997977,0.000198387845007484,0.0014027090305131868,0.0006941296266069946,0.00027563239001903524,0.0006342614842539309,1.4671199194969009e-05,3.2590903422435843e-09,0.0006463034060114051,0.00018313409589211245,0.00039706755634136395,0.0016258095095522485,0.0004924207813660991,5.6246977468529406e-05,3.817544165987597e-05,9.34465818734779e-05,3.2558709775971444e-06,3.469409026756954e-05,8.23204762792135e-05,1.0488152901594694e-05,2.336821699407837e-07,0.00031037328477758353,0.004112687439556567,1.0479978578356449e-05,5.382232135483041e-06,4.402693604791186e-06,0.00035452668778242316,0.0006558833673096588,0.0005111875966349185,0.00015566330898613597,0.0001649283786693922,0.0004113671808209668,0.0015043179618859039,1.839647705490428e-06,0.0011881444788079966,0.001290351918880524,0.0034871200530987596,0.0010704534795224735,0.0008534171448383302,3.4561171710486335e-05,0.0021763548171076998,0.0007390664530947863,0.0007222337673230607,0.0005779890942473042,0.0009292110384016355,0.0005938598694244499,0.0003144833269820032,0.0013309341476035355,0.000831629706521223,0.0013009494153058613,0.00047780874378498323,2.20472779428847e-05,6.406543713522831e-05,6.924835376336451e-05,0.00017661810612038122,2.034462960248441e-05,3.7270963530703846e-05,0.0005587111649102884,0.00045267457011327237,0.0006690934733720367,4.6769289050270324e-05,0.00028125751601400776,0.0010287604031288698,0.0005374628585207026,0.0009026033327347176,0.0009374585343860587,0.0004759015988997853,0.00016743211852675587,1.5407667674601628e-05,0.0008753804798430311,1.6259648760646509e-06,2.322199984336564e-06,1.5633580043033598e-05,6.58502495446785e-06,2.192362797943771e-06,6.2471740442277015e-06,0.00015601602668563204,0.0033587874781406462,0.0024203891822945738,0.0014064443049389135,0.004265189203367462,0.0003636625563922928,7.852590615498425e-06,1.4263210019319127e-05,8.461667956303541e-07,0.0013712981126949803,0.00242543680117957,0.0008187608042458567,0.0005611894614681226,0.0032580888309590933,0.0009044299699289428,8.568620097335882e-06,0.0006055501275659069,0.004265189203367462,-4.282732256335032e-05
r153 HO2 + NH2OH <=> H2O2 + HNOH,1.1220656828403651e-07,1.844800129287926e-07,6.781904827306297e-08,8.701453732744752e-08,2.062421344004383e-07,1.2907826775203998e-07,8.839596609897135e-08,2.379918830287106e-08,1.7766942854721954e-07,2.322216556362937e-08,3.00880865437661e-07,0.00020120071720944362,0.00034803898512284566,0.00016535693707821583,8.957307936401505e-05,2.116881463990099e-05,8.719355119575379e-06,0.00031429957149880383,2.764098465042284e-06,3.6896248958505945e-08,0.0005266599595174503,0.00034161654978007036,0.0001960459211560752,0.00010598888328242323,0.000943212726656313,0.0007123582831449667,0.0019497932716418102,0.0007062515726170824,2.818002944188571e-06,2.2972193120544448e-05,1.444876914051062e-05,0.0008165180365094307,8.966536322034126e-08,0.0003063184042075704,0.0005800355161838808,3.850018377979865e-07,7.393108323779126e-06,1.1209061336476192e-07,0.00017197121132954215,2.2256321190589762e-05,0.00032452965766389545,0.00041633439575783604,2.027128584620831e-05,0.0007196804086745632,0.00017772140180455706,3.6496998949444683e-07,0.00041799051738919787,0.0007261144489360304,0.0024878068464250997,0.0011796335839674148,0.0024986722836277194,0.0008178172625828617,0.0017395365546873573,0.0005809039337753875,0.002332526119600381,0.0007297758328360301,0.0002655163610610284,0.0002591642987460232,0.0011507391536117824,0.0008467598540561667,0.00035172222314697746,0.0010874991796950965,0.0007697935503276345,6.112653783923602e-05,0.00011301684243161522,0.000448127485361282,4.687521205670587e-05,0.00024774622034154294,0.0006815528490667386,8.285284013901622e-05,0.0008845222429997221,0.0002663119978773843,0.0003889437576890946,0.0011913450429089964,0.0010574714338622657,0.0006884057099411917,0.0001882836328372466,0.0008811316576130644,0.000527385752735725,1.1604186259199968e-05,7.13739253531029e-06,0.0009240362389153264,5.214720781939156e-06,3.9450857757889564e-06,1.1398621653281437e-06,1.0102633181078082e-06,1.264754897517798e-06,6.634166070242635e-06,0.00012384924048253876,0.0055674136826121485,0.00394481918442897,0.0023879921270352285,0.0017683416635776766,0.00036078815458291864,4.892523602077598e-06,1.3336782228016136e-07,8.35826071240102e-06,0.00043320517093801617,0.0012932812578764605,0.001853141812706311,0.006786907293997949,2.7962115962309276e-06,0.0009363927851804664,8.885250219984212e-06,0.0006026823341297147,0.006786907293997949,3.362942161547492e-05
r97 N2H4 + NO2 <=> HONO + N2H3,6.216894751070924e-08,2.4214205201437923e-07,4.3599536478138536e-08,3.908475057136734e-08,7.892012388371537e-08,1.531649078783291e-06,8.712680856215639e-08,1.2175785067691915e-07,5.040508221085358e-08,2.6145472296355247e-08,6.464284642095501e-08,0.00026183453432842175,8.047163947807093e-05,0.00019669880652404447,0.0015378314326252398,3.880403273828779e-06,0.00028823391600186636,0.0004126255707974259,1.4771733314428505e-05,1.8086002523793556e-08,0.0006767422295627186,0.0004035367935295482,0.00031167066662569616,0.00012495495475521937,0.0007926049181993532,8.984222063730325e-05,0.0019386639630717519,0.0008890176166101065,0.0013345887032975576,1.0221653529586734e-06,5.909932252667559e-07,1.5077178679974564e-05,6.434933345438395e-07,0.00031685213836185166,0.004059166467787811,8.622818066572381e-07,1.0361289181703983e-05,2.3279076424763275e-06,0.00043817102057609064,0.00012695674751359565,0.0002445277165750079,0.0005083795620698738,0.00016633897454654462,0.0005753383813640706,8.927799130452645e-06,0.0015401796218076093,0.0013827670160333095,0.0007352760553883998,0.0031658114549725142,0.0007175859656099317,0.00371880279203733,0.001553373117852775,0.00046384972598875166,0.0013576641064237144,4.187791291994442e-06,0.00015799357301176444,0.0006853316615214761,0.0007584037474071407,0.0007021328559036196,0.0001642574531709676,0.0007544462320758078,0.002241221982950884,0.0010711203200159086,3.691874357195832e-05,0.00014697784859705258,0.0002695000013202488,0.0005263326960096967,0.0007095395006823626,0.00016070870597311527,0.00039725688147654754,0.001047641716799992,1.1334021984249226e-05,0.000738637562475444,0.0005170970247583393,0.0017311234043742424,7.262875334413559e-05,1.2324574764445115e-05,0.00016557791528561632,0.0006515694807769108,1.3002913165176045e-05,7.398183218611661e-06,0.0009382069132726668,5.262314452499804e-07,6.808927672398002e-06,1.641448255809966e-05,2.2848798244752144e-05,4.694275579775108e-06,6.966759024939352e-06,0.0001755100130586379,0.0017590325997345984,0.0008719082517303701,0.0006988604046179206,0.0025500240598948076,0.0003458697955776024,9.637402972325499e-07,1.2382582130579925e-05,1.4693847898473724e-06,0.002493457397274943,0.0014561666565928708,0.002014495428736962,0.0034929731569943692,0.00013103996584891612,0.0012594094819365796,1.0113113462984957e-05,0.0006009230554889668,0.004059166467787811,-0.00020869398018706663
r227 H + HNO2 <=> H2O + NO,2.1931540780542155e-07,5.233448608458654e-08,1.1905565963686135e-07,6.84207289178865e-08,3.530935842970814e-08,7.727170884879977e-08,9.42592161971239e-09,1.3094146274921505e-08,3.802362922696834e-08,4.8073506255293665e-08,9.001154743924296e-08,0.0005961499717105328,0.00019024527883445836,0.0008683363529407006,0.00019513317210904645,0.00011624391947035213,0.00018890054160646197,0.00045635883928042486,4.652033932384921e-06,3.0333694970326025e-08,0.0003128375988827383,0.00042674033136797066,0.0013664438415150098,6.488807322753385e-05,0.0014023561457006085,0.0014210562891288972,0.0019320312231422008,0.0009358983590700384,0.0013242621483158783,7.417935930117914e-05,3.875006625607974e-05,7.0467832461814815e-06,1.0562456020379656e-07,3.130485625245399e-06,0.0005253506593227637,9.577918385379741e-06,1.677004198920731e-05,1.8962761071241326e-07,0.0003908577311899361,0.0006580927523547349,0.000235063267689366,0.00022657785220375176,0.00014552383415232655,0.00018720088306680468,0.0001407678643272333,5.407476582624331e-07,0.0007085038931074557,0.000998110297345069,0.0007005539839788731,0.0013863022947514445,0.0034337159659447733,0.0004925884335147536,0.0025040659070280544,0.0002766867079598617,0.0022609613565636377,0.001525563448456059,0.0006591013771643684,0.00037812634006421193,0.001116308918319708,0.0002162666558142611,9.493597966457552e-05,0.0015481610460125609,0.0017954023498814998,9.461871707014487e-05,0.00044125749964766284,0.00018757930144278276,0.0003877724023606245,0.00043409419339786055,0.0007339971689379305,5.482149415824701e-05,0.00020684622023116068,0.0009024734804553692,0.0008294799183502498,0.00019130966031311942,0.0006352851098092354,0.00024073991306339197,0.0005356379603469847,0.0002948567872523707,0.000794716067926625,1.2558108858872318e-05,1.0187773575318099e-06,0.0010630350870168706,1.1823329516810218e-07,6.017501252347065e-06,1.5209564607573632e-05,8.613603125396004e-06,2.5560448492691623e-05,5.0140532610206775e-06,3.207621745695957e-05,0.004941264823653604,0.0006601770082048349,0.0021750969440253566,0.0027533896230380428,0.00037686821642997945,7.837312296050487e-06,7.184393605272755e-06,4.7950281474193545e-06,6.700042279642323e-05,0.00022326644509946132,0.0038973103552654956,0.0022360726603146627,0.0013233754563327688,0.0007840856241839159,9.150983033106162e-06,0.0005976922887543834,0.004941264823653604,1.0227354947434148e-05
r147 NH2OH + OH <=> H2O + HNOH,1.0479012047386267e-07,1.1588913362287771e-07,9.577311127923978e-08,3.8877493546363615e-09,1.4588940401452632e-07,1.0526462292627718e-06,3.6337236589494394e-07,3.125763186002855e-07,4.887583568676366e-07,4.799613677098628e-07,2.3959614105532103e-06,0.00010177180055058132,0.0008005053556635478,0.0006216166257730258,0.0008686253700765952,5.894952812455259e-05,8.322585916666909e-05,0.00033965112581553204,8.730588972237484e-06,2.5492338323117814e-06,0.00039914467837956594,0.00015076254793283984,1.5647463707114e-05,0.001329099163654301,7.110571008268946e-05,0.000278739724329422,0.0019361168516283658,0.0009323618494572727,0.0013366750590988567,0.00010079640696317737,3.300787189926396e-05,6.948626327065175e-06,1.0832138456573393e-06,1.230850972492057e-05,0.0007014080378925343,9.740514503334832e-06,7.810587536796728e-06,0.009012357128787727,0.0004801604404827973,0.000653650977426388,0.00044680198362213717,0.0005494212974040079,0.000758041475535919,0.0006108965884684459,0.0006220136235211263,1.9523239037874864e-06,0.00040188812525988584,0.00025338780610162826,0.0016635288341715973,0.0008795239834919073,0.00010355958347228836,3.628731209123929e-05,0.0009366151156887989,0.00010004502943633791,0.0016708260436623897,0.0015279961542999973,7.176587149714402e-05,0.00038747516484284914,0.0010704845575714532,0.0012550402761881143,0.0008296818130751496,0.0017792824459169376,0.001461198284571429,2.063604940044915e-05,2.6439077040633488e-05,0.00010212515386070677,5.863512913800175e-05,4.851270540809013e-05,0.0001342147663182732,0.0003473366739298024,0.0014939462170916085,0.0004753449464042805,0.0007740698232797699,0.0006838594790699216,0.001348960062592514,1.4358869722686465e-05,0.00047998785429352516,0.0006738320871648673,0.00079151606555625,3.165292046418609e-07,7.003306590717352e-06,0.000866344277835049,1.0802771476102733e-06,5.110919673048023e-06,1.5302135951156095e-05,2.22373925544388e-05,6.555163307457154e-07,8.592174469840959e-06,9.861722851505499e-05,0.0002748428119289916,0.006166152414402014,0.0005523687876236989,0.0004932837677062965,0.0004731786068526186,9.720862588117767e-06,9.806600226500677e-08,8.467905578234937e-06,0.0009059156388922326,0.0019104919804525677,0.0017954455154095114,0.0021327970567337497,0.00023640343310866798,0.0007248739996866635,9.783810389160577e-06,0.0005958719560278444,0.009012357128787727,-0.00011332123702010466
r145 NH2OH + O <=> HNOH + OH,5.013734923689146e-07,4.3470081014428197e-07,5.0189117629689416e-08,1.2466465601812272e-08,1.065819585179292e-07,5.124759090638589e-06,1.5116981300441956e-07,4.184337150305943e-09,4.74159118037436e-08,4.0760627916488174e-08,1.1745190313286581e-06,0.0001984163888336843,0.0002921255113401689,0.0003370535715319295,0.0001901600657145308,0.00032901719341681834,0.0007996756544351837,0.0003513508926583749,2.2480672166656273e-05,1.3335568240075548e-06,0.0006919980043657606,0.0003033945403548868,8.137387418520245e-05,0.0002472247108636026,0.0001438469587807046,0.0010257886062446442,1.3135552526233503e-05,0.00012483291353717227,5.7363670196584035e-06,1.106619426870606e-05,2.3616621260800575e-05,7.774397715148586e-06,2.653839548597018e-07,1.0162886940021424e-05,0.0034300312178918314,1.2870714597240968e-06,1.433969036483905e-05,2.610011210688801e-06,0.00019420245309931914,0.0010482273819798936,0.00033016368205917993,6.782312116653829e-05,1.5450276572636073e-05,0.00011575908935106557,0.0007083619308450128,0.0003421477358596865,0.0013997496267162107,0.001491065835370068,0.0003527091483737828,0.0026201645719481142,0.003651057375430993,0.00028359748642548774,0.0011881379523660744,0.0006643765846543814,0.0018576673608734482,0.002078144510737509,0.000275129369653296,0.00012231727843342585,0.001083537848634819,3.480774688761913e-05,0.00045896230253496956,0.0019295959298224312,0.0013503135217373301,6.23586185636931e-05,7.72333371497795e-05,1.8996003824212078e-06,5.5561633009468667e-05,0.0005950695351640128,0.0005713060061018478,0.0007662459112792525,0.0002835222228768848,0.0008433481572828792,0.0006643272182269172,0.001166758925664867,0.0005969608207518494,5.392165022549723e-05,0.0006210046730174641,0.0013663460956600845,0.000574962978759721,2.3390170507467704e-05,7.781722871415557e-06,0.0009782374504748493,1.5901759383949977e-06,1.9357131891784646e-06,1.5927281942972074e-05,1.3564815935485452e-05,1.4838143097359432e-08,6.0778798763019725e-06,4.768699526180702e-05,0.0023501925017427234,0.006912702054009402,0.00047944673532888585,0.0013208166938407971,0.0003696288082943962,4.732404401214257e-06,1.4210780119838435e-05,7.234729664590076e-05,0.0003808264739083846,0.002067424395099003,0.002497357384204927,0.002064915197047192,4.5183323749782995e-05,0.0011921805628021648,8.034182586558748e-06,0.0005914254805201348,0.006912702054009402,-0.00010641452908283172
r109 HO2 + N2H3 <=> H2O2 + N2H2,7.58569211256075e-08,7.785723859284787e-07,8.215878914873701e-07,7.584695505299364e-07,3.485968982822407e-07,5.342477666252704e-07,3.2791285740690014e-07,4.259120914623695e-08,4.139212019411065e-07,1.1181107017695418e-07,1.7022590713133586e-07,2.0432537703567283e-05,0.0003516280812775315,0.0007968649357923244,0.0003683750209481237,0.0005975385904179699,6.250598291828069e-06,0.000394131325557943,1.4586406549344998e-05,5.111665199710263e-07,3.740171558266817e-05,0.0008500279192647754,0.00010137526229459656,0.0007033086961496816,0.0007786121231247095,0.0004846577230993119,0.00014578495932229775,0.0002676370833285073,5.509492112402442e-06,6.472902871290335e-05,2.695053426573309e-05,0.00081955179765,1.4907510206638447e-06,1.567344647505665e-05,0.004854686122505713,7.596624902094411e-07,3.0188037785917954e-06,1.1313742548472814e-06,0.0003322506141730153,8.373740148326407e-07,6.575712892630017e-05,0.000781429031477628,1.7578832660428946e-05,0.00027110324694147435,2.9100034831316524e-05,1.242392422898488e-06,0.0007961676344100841,0.002951822897547454,0.00295539705707578,0.00022948855334994805,0.001319403963336158,0.0001556096316095467,0.0018116711884876542,6.066217825302421e-06,0.0013922533483976532,0.0018930603747592681,0.000668848779197046,0.0010121466481550344,0.00015568319848226762,0.000898607978238206,0.00032375201292147673,0.0011902510420208371,0.0008036984952136001,1.5031796927461495e-05,0.0005761397718005008,9.367337283783436e-06,0.0002903995999674255,2.1310265546033385e-05,0.0002395211264053567,0.00046795525190200526,0.0005819196598474328,0.0004215210104442492,0.0007649384658241159,0.0006490982708384059,0.0017295026907974353,0.000910366347773943,0.0007685191840611122,0.00032526064706063257,0.00037538182393908204,2.9436824387602126e-05,7.442423837519868e-06,0.0007427638676191127,4.012599250516222e-06,8.611342397815254e-06,1.4966485063694506e-05,2.0339240029194267e-05,2.885862575689989e-05,6.844678449272194e-06,8.420128295009588e-05,0.0017049559441912642,0.0008396962149931277,0.002928969648419453,0.0013241673097266473,0.0004906544533657407,4.882513573137673e-06,6.748641657896591e-06,1.4237628173174518e-05,0.00016101037967389674,0.002390834937879554,0.0077709803786123535,0.0016255830017981908,0.00025048519952400636,0.000894333101778149,7.884950520008507e-06,0.0005893208803141688,0.0077709803786123535,-4.57234811062635e-06
r5 2 OH <=> H2O + O,1.1940622113862652e-05,1.0312627719025665e-05,4.358410562843174e-06,3.692688894713226e-06,1.4480162488793424e-05,5.202903829125961e-06,7.178221295638426e-06,3.988545841084761e-06,1.305798835689658e-06,1.96456074667794e-06,7.067203653209833e-06,0.000865216374151813,0.000372382375035917,0.0007364649234301467,0.0005236934281285031,1.940652256477707e-05,9.236423715948882e-05,0.0006682213643269291,1.2996501520314575e-05,1.584113672213602e-05,0.0003491510323202337,0.0003998765738143957,0.000420762799723675,0.000804443420214957,0.000735039886718237,0.0012717615122403547,0.0019901979801354467,0.00026095759960173727,2.7699974512154316e-05,8.822206713690294e-05,1.81767749504037e-05,1.5870377523554805e-05,1.0862897761178376e-05,2.014897759555645e-05,0.0003989127251062494,4.3501147763179477e-07,1.4916394426252819e-05,4.854029792566932e-07,0.0006414979251924419,0.0002131824619949933,0.0001280673503006088,0.0006667983701842552,0.0009476348578540823,0.0007956275629208416,7.457761457614964e-05,1.0799460637263594e-05,0.0012749843880943707,0.0018802127803077264,0.000572881792144271,0.0017186388720955394,0.002561353568080379,3.38588123874744e-05,5.033962645160722e-05,0.0013248856939184022,0.001173006001995894,8.677441704472542e-05,0.0008859850447593861,0.0012636005444225096,7.04871857573742e-05,0.00015166198065504083,0.0001441809293363041,0.002729863321674979,8.927110791800089e-05,5.433195322325844e-05,9.391743080165755e-05,0.00017414988881671125,0.00033545460180947406,0.00039615131329508494,0.00015815692066281677,0.00043828733803369244,0.00015992117034022195,0.0002568988349277944,0.0007035743668707036,0.0006155955294045952,0.0013204298831208862,0.0005863283780034582,0.0007003084829776875,0.00010882969604597594,0.0005760652451725452,1.4450446957304618e-05,4.500285822638391e-06,0.0008060098039297518,2.2262059473098875e-05,1.6478522929437792e-06,3.5706195050731195e-05,1.9931035867657415e-05,4.163995622730096e-06,5.895403240846119e-06,4.2469419308550774e-05,0.004095058248982586,0.004032500573549019,3.4064365077444266e-05,0.002553869940030255,0.00032538093342821526,5.223721097417724e-06,1.5906289134333104e-05,1.2134000666794694e-06,0.0016146368697892394,0.004883821184982036,0.0036607778443419055,0.0016717499978246035,4.281344533121895e-05,0.00046474848248338296,1.5152407433237308e-05,0.0005841204511787296,0.004883821184982036,-0.0001832276770298591
r236 2 NO2 <=> NO + NO3,6.034527976928085e-08,2.612984396270345e-08,5.639445104974643e-08,1.8124910308852816e-08,3.1385888128790736e-09,7.396794774526548e-07,1.135192019315411e-07,1.7508796545566354e-08,1.359896731707316e-07,2.023158883383174e-08,1.4635409233456706e-07,0.0005091372930539045,5.9291175078931545e-06,0.0008276727540430717,0.00042525152385698445,0.00017591551128188208,0.00034165651090968627,0.00040966472871770815,5.62000487176742e-06,2.9089011681902045e-08,0.00035243386518980525,7.547739365159665e-05,0.0012795569362789982,4.20613574867735e-05,0.00010805773581803217,0.001011320092158028,0.0019418248169469408,0.0006662417533715971,0.0013208023379805824,7.10380458066526e-05,6.315176685552353e-05,1.1992988974242972e-05,8.235956058922927e-07,1.8496900741367036e-05,0.0004153943854533129,8.262204515576856e-07,9.863057977356357e-06,4.353273568942055e-07,8.881062994849507e-05,0.00014176460281297595,0.0006753957662065346,0.00010030346735490485,0.00014916946309468808,0.0006473777320880077,0.00027598403530957325,1.3510611359530703e-06,0.0014208838155156539,0.002305122896324953,0.0004046242444269321,0.001056721980572902,0.0008922439829588327,0.00014654840488898736,0.0011939593257175695,1.8377129630506216e-05,0.0021458458034807823,0.002195412488983068,0.0007532710987950233,0.0011571503306135327,0.0005165837015761108,0.0002335512574976159,0.00034528854744987516,3.144725116508049e-05,0.0007598092609016506,8.139245426590712e-06,1.8173015157456965e-05,9.895467112294383e-05,0.00031308795241911973,0.0004701366648647597,0.00024659596596778477,0.00042818855363682185,0.0006692372805651247,0.00022840792844575414,0.0006679648526372504,0.0003700401246981052,0.0010414343489105718,0.00012081545150514526,0.0001663463904731741,0.00021004961318628996,0.0006440029188747475,2.9968461444032753e-05,1.111640309861367e-06,0.0010604879998265234,9.844112456495647e-07,2.4497570141478203e-06,1.519444471650338e-05,2.306937164088317e-07,3.919887922447089e-06,6.383122868357265e-06,0.00030043188852965777,0.0034913147480777414,0.001378601220544039,0.0023716607540105565,0.0015813758748980207,0.0006208541778686065,7.565253163076374e-06,1.2751549279444745e-06,0.00012597564702609642,0.0027121914752455236,0.005305723266984255,0.0037510356453068715,0.0019930435958184583,0.001821248546091269,0.0006727617975305901,9.162264465430048e-06,0.0005838032453188252,0.005305723266984255,-5.554259466331184e-05
r222 HONO + OH <=> H2O + NO2,1.8866298605752508e-07,1.6609454664205404e-07,1.842431482847846e-07,2.0235810548267174e-08,4.5784427251481166e-08,1.0685032394158128e-05,1.7532123019110814e-08,4.330223566956879e-08,3.873655821943566e-07,1.107755616657769e-07,2.995823215693518e-07,0.00023552042544530818,4.765992824283224e-06,0.0009500335172431452,0.0009539378516322108,0.0004451541382066266,0.0003622484660312056,6.800201212582754e-05,1.8315406762918527e-05,2.829813115931786e-08,0.00013172085862312604,0.0009090784561218659,9.255759160026844e-05,0.0008641338157760277,0.00019421449878300812,0.00028194392468700513,0.0019140089402441048,0.0005088288240995335,1.2161685970628898e-05,1.182790562693783e-05,2.8756024072646685e-05,4.1121056827491744e-06,4.6023737384744725e-07,0.0003038589281006304,0.0047531934534882836,3.879702859639984e-07,6.163473958813754e-07,2.1227820781689088e-06,0.0002451971965996881,0.00044413076637616743,0.00014108524512191161,0.000125423229972727,0.00016741830901612778,0.00042525573032818474,0.00013353870778380988,5.313205367741904e-07,0.0008560755800037054,0.0012220788094970644,0.003304986185905706,0.0006817130744406272,0.0008680928854152984,0.0004105494760984976,0.00010559314724924804,0.0001802200489806855,0.001139922284101681,0.0016681084129157048,0.0006740158030481741,0.0012552045373710212,1.3623792821790501e-05,0.00015610374766039317,0.00040652718809964237,0.00018425506971769633,0.000555823209326523,6.743037100022188e-06,2.2023606374732536e-05,0.00035449656936529714,0.00016014192422858698,0.0005687277766778482,0.0001058230124984233,0.00017281774546491836,3.849852516504996e-05,0.0005475610709759936,0.00025201533233763193,0.00041103981198244236,0.0001414095694199262,0.00029871874626156774,0.00033462363597015044,0.00039696200282142164,0.0007913028083710217,4.367900719486438e-06,1.9228866856506772e-07,0.0009565316080244572,5.571571133943386e-07,2.637798027473161e-06,1.4309088719199923e-05,9.76743916419705e-08,4.493786734811513e-06,6.8395722689083085e-06,4.613357732165772e-05,0.0033648343353696293,0.0021769734724956563,0.0017136991040057207,0.0027902024420731245,0.0003472463937949367,1.1523778048076651e-05,6.508346091080175e-06,6.485552072520119e-05,0.0008526943569368439,0.004651407103806976,0.004745231537781245,0.001845129506698243,0.002971729127307326,0.0009029585414111414,1.1042664959027018e-05,0.0005819684104466166,0.0047531934534882836,-0.00012111098145233088
r144 H + NH2OH <=> H2 + H2NO,9.147199505951312e-07,1.0481100077859733e-06,3.1725505434714976e-07,1.306551624766496e-07,1.20984190767991e-06,2.4245338787141992e-06,2.1124257617156404e-06,1.8242883145421422e-06,3.6639637419423246e-06,2.3736712924850164e-06,0.001342765524657267,0.0007942100968865807,0.0002272798377314559,0.00016845904748803624,0.0007135633339985444,0.00012862343700696324,0.00024296343857685245,0.0003070865029377822,6.0737244304505484e-05,2.0672303366385988e-07,0.0005600928326924305,0.0005802606043034879,5.743824734495973e-05,0.0020796605788578164,0.00044085213841358044,0.00110015948739408,0.0019807023995190224,0.00020436338992278142,2.8117227896792345e-06,7.574666221790259e-05,2.9013851600536564e-06,0.000819511589251305,1.694899983566312e-06,0.00031575073152053095,0.003426123601760055,5.715040419149997e-06,1.2568874418174949e-06,1.2546116323814183e-05,0.00031154686815739884,0.0006765012379594487,0.0005287575865869632,0.00024997853703942734,0.0002346818829299548,0.0005765340709920533,2.1091266023943513e-05,0.0015397984982424898,0.0004342138607796553,0.0014400487828091708,0.001239932987081329,0.0016162804932998197,0.0013809448956739595,0.000574881031169336,0.002392523219742038,0.0007104236968316943,0.0014004465088361063,0.001263712619155708,5.4905207558383414e-05,0.000436246148212761,0.0008920053306740385,0.00020953444936802618,0.00043614361166270156,0.00027981997714078457,0.0015975527997130323,1.4929647355269922e-05,2.0743996129189017e-05,0.0004581869106308307,0.00018487109265053096,0.0005401688901960474,6.931478132981342e-05,0.0006918400993463731,8.052079865934682e-05,0.0005023385940651777,0.00021489941445744702,0.0006912930540075462,0.0011547177071813252,0.0010819715261543902,0.0009587132446736952,0.00012112677547703371,5.726461752453378e-05,4.5565840209639825e-06,3.0900755171662517e-06,0.000940285759926112,1.4684829303286286e-06,6.431068066495338e-06,2.089034923869541e-05,1.978403186794145e-06,2.373397733280737e-08,2.3202833558407925e-05,1.0256381719649568e-05,0.001909298330476321,0.0011426936309168784,0.0027807458993228088,0.0013246291213380354,0.0003648289575411386,1.0820440538243756e-05,3.982438331039193e-06,6.328567585317834e-05,0.0005104084545399189,0.002544404534755326,0.003585276579805977,0.0018162815804951256,0.00014339548570598942,0.0001962325283468623,8.927335120255769e-06,0.0005810413879780556,0.003585276579805977,-1.5427043562472785e-05
r125 H2NN + HO2 => NH2 + NO + OH,1.686474469056795e-07,6.358838589088708e-07,7.381974321035942e-08,4.773163493692314e-08,2.4070871034162747e-07,6.961135400704991e-07,3.220403817599571e-08,5.6646162239263185e-08,7.198938073458493e-08,1.4250477983213426e-07,7.244666093510417e-07,0.00022689146804487982,0.00039898795771768744,0.0008519100870028665,0.0009555778815354719,0.0001233524687932094,0.00040909137013526666,0.00024603204786986343,1.731954313224577e-06,1.0102876706221854e-07,5.343020529699927e-05,0.0005683825649947277,0.0007042777426341597,0.0005755804469392644,0.0006443750699730119,0.0002897057565911369,0.0009523494487260003,0.00030395541715458796,2.3802356440577503e-05,8.315642136943984e-05,0.001035771365244824,0.003080241851463012,6.471175235865427e-07,3.468911020484159e-05,0.0054624216732784125,1.172946347525921e-07,1.2518190356548498e-05,2.3526150292983423e-07,0.0002809275128031374,0.00040839862998279827,0.0003813600841245757,0.0004242134440441476,0.0003919776845763343,0.0004885688817203353,0.00024341254882745655,1.2632489749581057e-06,0.0002831696228572974,0.00024210068154538017,0.0010652978464064764,0.0021101753342068347,0.00126488085022887,0.0012531551584548562,0.0021790339269971465,0.001402385989074509,1.6759326502224058e-06,0.001838272107480553,0.0008530381502872245,0.00011964154797057084,0.0002632939515492512,0.00033712679119360763,0.00045315171451924065,0.0004496521179397354,0.002282575787679491,7.789280689696513e-06,2.2665768825334008e-05,0.0001553072835455978,7.406578348051043e-05,0.000497469839745682,0.0008437775745405682,0.00011456557531836035,0.00023184419557004818,0.0001411825116736423,0.0006110763436145177,0.0011117437390488444,0.001620825928077635,5.0650427216714294e-05,0.0003534198709968269,0.0002151538996691751,0.0007749569970261557,8.027799084430176e-06,6.6858390637640995e-06,0.0012023327809228086,1.0418808634033214e-06,6.1258436089292075e-06,1.4779137151737858e-05,6.368287831823216e-06,2.2815405768017647e-05,6.855668381321826e-06,3.896339576863794e-05,0.004977340225251467,0.0007918019629758712,0.0015967037032604296,0.002600468183506617,0.00035909048952787793,5.224161983570328e-06,3.7015088558215306e-06,8.922126371170427e-06,0.00042875168428730765,0.0030312892921612153,0.0008360202315477003,0.0003988112825378043,0.00025756409459170155,0.0003389940253998697,1.2629139650278106e-06,0.0005753597188866893,0.0054624216732784125,-4.2370709558767546e-05
r239 NO3 + OH <=> HO2 + NO2,9.705210854550761e-08,3.21436508947874e-07,7.260903343856842e-08,2.518419217645535e-08,2.6778310770229184e-08,2.4281931718182416e-07,9.417977594520183e-08,4.0051058300393165e-08,2.790362742409361e-08,7.061277208691105e-08,1.958008213004259e-09,0.00037009916745787773,0.0003824945440733681,0.0003415890726385565,0.0006274775413275983,0.0001544136566525124,0.00034328363974514434,0.0005247600604401813,8.654083677163269e-06,5.157391908600763e-08,0.0002210025842425155,9.871286796580714e-05,0.001303967700595669,2.6690601583334566e-05,0.00047218993209074506,0.0008179793531629745,0.0019372997295248617,2.5767780018371036e-05,0.0013350572231601192,0.0007814197476676978,4.741056246792285e-05,1.0313291170800931e-05,8.162770920554973e-07,3.185630183000642e-05,0.0033328611849377807,2.2303908969930425e-05,1.4052765891271682e-06,2.3327299653727545e-07,0.0005903160951175575,0.000657936818541419,0.00040438112549866706,0.0008231343568145104,4.5622137311334454e-05,0.0002464502917770429,0.0003003008333202895,1.2747634579840994e-06,0.0018105566452704547,0.00245351364384142,0.0006261309689776878,0.0012924197716898363,0.0009387304140007971,0.0004963140657864245,0.0010764161206613969,0.001003263591581287,0.0006542707723853308,0.000883785589387597,0.0006161194390882301,0.0003653453125652963,0.000826612847632604,0.0003375802314592561,0.0002486924227398418,0.002297490309347825,0.0005908924842517256,5.0045502525645106e-05,6.005220240299841e-06,0.00041647555808193226,0.0001355849862745452,0.0005535003611308198,8.545808343670609e-05,0.0004129347750749577,0.0005303135924895602,0.0009747784624077449,0.0008224535333857081,0.00028885035044124536,0.0017074220585465536,0.00014008315735940144,0.0004146778926730402,0.000268325541932322,0.0007623641463198217,5.53330039051626e-06,7.588487636910092e-06,0.0009055266863467108,1.65769743751271e-06,7.174569307845175e-06,1.515497021909225e-05,4.6022992024433085e-06,1.9670559386847622e-07,5.141006013909202e-06,7.778553369704477e-05,0.0034688302121523725,0.001358489376992553,0.0026413649902946403,0.0015283579917645589,9.208430691686158e-05,3.187130675307118e-06,1.5158366077300826e-06,3.809134620361029e-05,0.0007980851901400903,0.002532932250290628,0.0020442498314262162,0.003314070677058528,0.0001609965795525349,0.0001299862910965972,6.4841847130677495e-06,0.0005723754158391157,0.0034688302121523725,-0.000146365200837752
r197 high NO2 + OH (+M) <=> HONO2 (+M),1.5562317182963606e-08,3.971132530776797e-08,7.354179576808955e-08,8.688112422546405e-08,5.640418254903375e-08,2.5502012271476455e-07,1.2737687300222036e-08,1.5570375758297743e-07,1.7799780819033042e-08,2.7930148995717574e-08,3.017694086673769e-07,0.00022358259767242316,0.00028117182997514003,0.00020980030687973577,0.0004541731939615429,0.00017750623657698613,0.0005911787979158169,0.0003861756520317191,2.3606077113985455e-06,7.887146491974676e-09,0.0002644820398552755,0.0005922206045871429,0.0008884948606013108,0.0006133663866846928,0.000641190704780273,0.0007588634711089043,0.001925794749568243,0.0002436991623541438,1.1663464615685421e-05,0.000778338031252523,6.976947035729499e-06,1.973554837282157e-05,2.964128463912661e-07,1.9115732194277843e-05,0.004294715528907491,2.0965291175224463e-06,6.435341696078594e-06,1.5936860707667774e-07,0.00028300817222201303,9.008958038790524e-05,0.0005687643244916131,0.0008032743602274842,0.00015467156742287325,0.0003460315709269746,0.0001108373461788852,9.274038566751083e-07,0.0007596376529941065,0.0013470228987672059,0.0011778037987366632,2.1738044389145237e-06,0.000699536184531916,0.0018554863866372304,0.002682798636478901,0.0008256800250845916,0.002778863096181918,0.0015560010000207007,0.0002541358680700756,0.0004767145854662777,0.0007785244437782267,0.0011023366908007916,0.0005853384750633412,0.001978761223553082,0.0025061162046742347,5.387686184503393e-05,8.094266586651332e-05,0.0002325112664698331,0.00021674011366976074,0.0007145455611936532,0.0002419561525763389,0.0005304162711536405,0.0013715512778964553,0.0007490243135579293,7.303902958036083e-05,0.00017919007942876898,0.0014089548512658148,0.00011140848643231302,0.000586077895125745,0.00028294021574602236,8.322827920935295e-05,1.4064655304669755e-05,8.53584270783528e-06,0.0008588913336996953,3.508312490135877e-06,6.107675965327563e-06,6.210419749975655e-07,1.1116998508517829e-05,5.496265966961103e-06,4.3296859929645065e-06,7.101965669062184e-05,0.003249992416670715,0.00023053654316538736,0.002863588474393175,0.0028034988820083294,0.0003527570195871806,1.964680153644e-06,5.405940393727941e-06,7.42178958533032e-05,0.0007664597637658861,0.0029359121362179694,7.946920429816565e-05,0.00035430079979231554,4.23013734977401e-05,0.0007062566458130926,2.5779543513375364e-05,0.0005722280429436906,0.004294715528907491,6.6739694611677736e-06
r155 HNO + HNOH <=> NH2OH + NO,1.876070867388449e-07,4.933744405197585e-07,6.4998940329696495e-09,8.542642897332877e-08,1.0229378249924529e-07,9.490263308602873e-06,8.140597333486176e-08,3.96178162485302e-08,3.5435629147807153e-07,1.6321803305809886e-08,7.691346755945868e-07,0.00013688921784927173,0.00044029253321579623,0.00010195249456435184,0.00023942235976090757,0.0001245109907382931,0.00024192486845498286,0.00038856571066186015,3.1183616455539466e-07,9.892859573304514e-08,0.00044539229831369267,0.00030162928346777853,0.0005213112366519371,0.0014635494235779067,1.207330397234744e-05,0.0012797904761877956,0.00194101434537493,0.00025611554394368264,3.9162019792264496e-06,8.841454869686359e-05,4.9975360884328174e-05,9.206301379510122e-06,8.195934342652031e-07,5.504407840567497e-06,0.0008563194565410899,1.0916114902600176e-05,1.083630112663061e-05,1.8193864021030137e-06,5.995612541030535e-05,0.0006282329828915,0.00022123605670761626,0.00015963346781510182,0.0006277802183037756,1.2685760133488508e-05,0.000865884578237216,0.0015394555199067799,0.0009607973046140759,0.00037130191328705323,0.0044067485345148025,0.0014587171711729393,4.9617504674824076e-05,0.0015296592490733562,0.0020058175433805086,0.0002594014631492544,0.00028653111587991344,0.0001239769419687551,0.0002438353343335513,0.000356751777761629,0.0007231781400751589,0.00020099058916746502,0.00014430296130831451,0.0020367302887641806,0.0015956411305442597,1.6320099018191353e-06,5.946695052669851e-05,0.00018461488475831933,0.00026824109724185255,0.00013059144860120284,3.896785193988053e-05,0.0005187365783789901,0.0018032060314673362,0.0005264954909651556,0.0005093894629943029,9.52693885103934e-05,0.001318357449658042,0.0012167540996513779,0.0008254851789013505,0.0004763361584132825,0.0007278829838706371,1.1087696133571612e-05,7.825595777685521e-06,0.0009161481591468474,2.37376418333548e-07,2.332140303802601e-06,3.402747881756063e-05,2.2019580708166294e-05,2.3274886078444217e-05,6.999486556876525e-06,5.852205973704107e-06,0.003969188334370411,0.0008412026361243044,0.006590145943195078,0.0014425419634406548,0.00034175775083887766,8.30042863782236e-06,1.1256533955826404e-05,7.818993820461515e-06,0.0017749652498425042,0.0005433723553072051,0.002238441712524047,0.0001794770548113105,3.990681516879256e-05,0.001634757248680464,5.8096499162562584e-06,0.0005689734311691328,0.006590145943195078,-0.00016154043868500897
r88 N2H4 <=> H2 + N2H2,2.6358771636862894e-05,1.204916370463795e-05,5.050799727808441e-06,4.68845608592385e-06,1.2784537955016059e-05,7.39482898169966e-07,5.466571948436366e-06,3.872099211439512e-06,1.3970021907365818e-06,3.007907776609444e-06,5.168285681947636e-07,0.00036404392576439216,0.0004980000668372677,0.0003004166347573369,0.00042598140953006565,0.00045788330030734867,0.0008515008469764274,0.0008860315084224655,4.272594462578515e-05,2.1243842492703588e-05,0.0009426534214380604,8.379016513763391e-05,0.00014190341986145935,0.0010725014848801478,0.0015266903796150384,0.000981582860623679,4.0221751506701554e-05,0.0009008356099415591,2.7942145410332302e-05,8.874552128750218e-05,1.2149719350928664e-05,3.9699020766427376e-05,1.1109445847352704e-05,2.0117111707643615e-06,0.0034625899897839678,2.529923917459855e-05,2.438308756195731e-05,7.916685980963614e-06,0.0002342306168113918,0.0009988177354120168,0.0003988824638802399,0.0006915142963762362,0.0006157647037951703,0.0005008437215566294,0.0010941580904608645,2.3477706719158806e-05,0.00011032407484251418,0.00300129020040762,0.0018498300132658338,0.0008129812660016521,0.0019470857809191055,0.0006984512660152408,0.0005372078120181753,0.0013258351039512047,0.0015008309550829683,0.002476439850927338,0.0004059103472687367,0.0003274903304165819,0.0006173285361538349,0.0011775491104837645,0.0012077725346503363,0.0007898574548744004,4.5643044517136034e-05,1.7630118669688075e-05,2.6062515232696594e-05,0.00031483732130793815,0.0002591073285761988,0.00024854818362102314,0.000354083303012163,0.00020808202401116134,0.0004354217601368984,0.00024620767743480776,0.0003224022403695597,0.0005040524415292861,0.0010062659636259949,9.910621478026239e-05,1.4060289223083575e-05,0.0001569920853970417,0.00016648969422297525,8.597524987997308e-05,7.393771514026601e-06,0.0010901343603067722,7.336457826535926e-06,1.5404332680546492e-05,2.8425960596174053e-05,9.233259380717223e-06,2.77575994537776e-05,5.949135256261685e-07,0.00010115023085230403,0.003370788134610799,0.0021252406369008316,0.0022747128729721177,0.001666008524806627,0.0022362418687526895,3.6115186429503016e-05,0.00011419021992287726,9.24944983083376e-05,0.0003863981049224869,0.0002892608159754968,0.0003134872801963021,0.0026537455815699228,6.025404321183692e-05,0.0003270233636502496,0.0003058033294198879,0.0005645175147729043,0.0034625899897839678,-3.1559516120577314e-05
r6 H2 + M <=> 2 H + M,1.3385948663628233e-08,1.2205654337007063e-07,2.147783269166823e-07,2.1438127472124178e-08,1.3854571800951698e-07,3.0208918416440124e-07,7.418487549813221e-08,1.1276522838863262e-07,1.5868798938386155e-07,7.766659884305417e-08,2.643425825390521e-07,0.0005365149826239199,0.00032357169440388876,0.0007775391287963727,0.0005260518742671017,4.5720080206018364e-05,0.0002651975749811831,0.00042765280909271496,1.5480942285459956e-06,3.836050787328879e-07,6.141325182824808e-05,0.0005676665673950919,0.0008616970761660949,7.245981019603765e-05,0.0011629529481473736,0.0005065933800068603,0.0010462097562323983,0.00018892010348303318,0.001334393185427745,0.0007835305306319426,3.745011523756342e-05,1.0879354421670464e-05,1.2685567257173711e-08,1.1928397736579794e-05,6.041703490317005e-05,1.5700044916084976e-05,1.3730059138846534e-05,2.0179490404975063e-06,8.967264158393152e-06,9.833176223152257e-05,0.0005976758605351262,0.0006083257620527852,0.0005672804639939662,0.0003697449503969007,0.00024335116581293407,3.2683854960223085e-06,0.0014584196836875676,0.000241835231631563,0.002070024712850942,0.00011578522704281049,0.0038211547275422697,0.00019987901838761776,0.0017530346721481807,0.0009485059102430053,0.00021820596445299388,0.0009587005690177863,0.00037509798732488143,0.0008676467685628139,0.0006041979673565977,0.0001554043600628555,0.00045655392756153735,0.002023413696331476,0.0009451138464466938,2.319493976723192e-05,1.6780756646414163e-05,0.0004991097606254052,0.00010611793601851682,0.0004937433064787972,0.00023507454794974175,9.744140515825732e-05,0.00016645506406331835,0.0008328791751671623,0.00032113486399396545,0.000726202487345549,0.0008082569688309414,0.0008043354636202573,0.00025071536010896526,0.000280347400019169,0.0005232375124326885,5.346659315902115e-06,1.4473411315825661e-05,0.0009667290325828116,1.96689756052079e-06,7.594972661249919e-06,1.516386998069182e-05,1.0433781686531425e-05,8.393394815758984e-07,6.389802542130096e-06,8.395050838281381e-05,0.0030260643205906905,0.001479960121316663,0.0006606343729649078,0.0004104380512679347,0.00033899723679542285,6.486660098080048e-06,2.8516083370368383e-06,5.377069391705894e-05,0.001079699745929245,0.00494897174930005,0.0076628880863170105,0.00024827369546826704,0.0001796610919208199,0.0010953002002649429,9.969207068637404e-06,0.0005563024421721218,0.0076628880863170105,-0.00010093383998436602
r123 H2NN + OH <=> H2O + NNH,2.286150750223561e-06,4.678267904604219e-07,1.4578389787428187e-07,3.958521067109373e-07,1.090610941394106e-06,7.82075989602233e-06,2.0741617455434335e-06,8.584053195148027e-07,2.2645644068492913e-06,3.1429923314736327e-07,1.652080116061202e-06,9.106190525697297e-05,0.0003719961287793716,8.066743602480462e-06,0.00016056222188386244,0.000479058616181442,0.00011459575262515168,0.0005062582026410755,1.497338150495031e-06,2.4388563318301327e-06,0.00030190384944420433,0.0006894609134179295,6.214765055235553e-05,0.0009545211879552728,0.00037568815952500117,0.00037169718557288105,0.0014686070064244786,4.5266361175485805e-06,3.67788415753379e-06,4.011599989519025e-05,0.0010358220291551443,1.0850973206886714e-05,2.2663845803855063e-06,0.00030450985962781317,0.005171459449667835,1.4054120842668064e-05,1.2070397732624155e-05,2.0708083943659063e-06,0.0003075984293652213,1.9385665886088194e-05,0.0004034962951687198,0.00041566931382956164,0.00018499599918036898,0.0007522968448605324,0.0015098430322135394,4.429902493181271e-06,8.560070291582463e-06,0.002561667863432657,0.003853117884340365,0.0018130119022527172,0.0036974848217738864,0.0019762892622783943,0.00011392111618502653,0.0010672079681392614,0.0026150869982602782,0.0010673127585266505,7.957238143130478e-05,0.0009203355674604429,1.9765750062996547e-05,0.00015975397612313385,0.0005238279084101197,0.0004954407661044609,0.001357507979284405,2.9537419762868295e-06,2.928357662016815e-05,0.00014856021214671702,1.019803376962434e-05,0.0002958530951107917,0.00010866508083811907,0.0005252604262210861,9.966869485988245e-05,0.00020281598667970456,0.000621999864681127,0.000520214125514629,0.0006355922310607216,0.0008692387599623265,0.0002049310670735196,8.026812694175042e-05,0.00031380162130616076,5.793770322515735e-06,8.825863718094124e-06,0.0009232961550974787,1.7362675839665332e-06,2.5929384017028316e-06,1.3575233577781757e-05,1.7206858335646368e-05,1.0949716401666067e-06,6.484339480819913e-06,0.00012254899383246025,0.0011606634140396343,0.00012678375927014388,0.000794108642449956,0.002548107613110119,0.00033329286526949414,2.703094697019837e-05,5.9868121317668054e-06,1.8650526279331586e-05,0.0011119079990945593,0.0009382175227790861,0.0025917726015866863,0.002432411877338307,0.00046214311157578456,0.0008357930279118547,6.337586787318052e-06,0.0005545538995925865,0.005171459449667835,-0.00012345318831454434
r217 H2NO + NO <=> 2 HNO,2.5344004471208802e-08,1.1992256597730817e-07,1.1959726015834969e-07,9.812031774285267e-08,9.806688255301692e-08,3.4167540983292677e-07,3.1638567279115025e-08,3.25613236294433e-08,2.1214383260454028e-07,1.815239206759881e-07,7.854686862275737e-07,0.00032075356989154293,1.698691039833857e-05,0.00011012416885933787,0.00018133860170055764,0.00029397578263662714,0.0003445983700694368,0.000202172102353867,3.5628064506112896e-06,7.244274351940513e-08,6.743741694079826e-05,7.594885065760417e-06,0.0005321061291213604,0.0005373904733127848,3.966113013471745e-05,0.0013599817665682862,0.0019516196147736668,1.2845520520275923e-05,0.0013361715628447495,2.4679030842498784e-06,6.52732162548005e-05,6.780489794922845e-06,1.1827230375410572e-07,8.226206167436503e-06,0.005498270733498899,5.0361211534279e-07,1.5284033131597005e-05,5.880210106497665e-07,0.0004415195206905794,5.5187961851545255e-05,0.00041264170229463943,0.0006875882323941596,0.00011075864920093159,0.0004477399494940112,0.0007640244527969657,2.53572084825379e-07,0.0008259683720316766,0.00020151664102262745,0.0010531936453699073,0.00133108857666441,0.00017840102948819513,0.00043047819183205884,0.0025320693867172013,0.0009948442557506554,0.0025199385553645918,0.0006205264320462026,0.00017664930797959736,9.408761347013112e-06,0.001097024778661868,0.0010711186250487099,0.00042329241172111084,0.0010654070697135823,0.0010753383912581785,2.6444777051784388e-05,2.3315198348939747e-05,0.00032371326465784034,0.0003424853091983318,0.0006620387356442564,0.0002827594367921061,0.0005619123441437721,0.0004491681883174139,0.00045539133837461384,7.750579433187574e-05,0.0003039056165076659,0.0012783123289592188,0.0006207158377038046,5.623136419350145e-05,0.0005936820866002002,0.0006498127280355185,1.762418076656099e-05,8.932123006011044e-06,0.0009826734166629024,5.548649590769413e-07,1.3533904233948263e-06,1.5029081928544269e-05,1.1230202858721985e-05,8.51632503389083e-07,7.867127439295668e-06,9.342228402955175e-05,0.0028525617251896744,0.0009265259617047393,0.000810847350364662,0.0015598480895300882,0.0003879776864916802,8.894936697832326e-06,4.115344462043978e-06,0.00010977393382956409,0.001731401700160231,0.006043622766039345,0.0011865012251048327,0.0007750372692484328,0.0006589557798181513,0.000962754731610834,6.546961929688312e-06,0.0005511175807015806,0.006043622766039345,-0.00011580811254009373
r241 NO3 + NO2 <=> NO + O2 + NO2,1.4528142759674954e-07,2.8928465088811926e-08,5.814377924487791e-09,5.6925773210376124e-08,5.238639895218967e-08,3.313061201252144e-08,1.9215263686123678e-08,4.710145840510207e-09,1.843068017327142e-09,2.62626939707944e-08,1.3369038530570758e-07,0.000578889520178507,0.0001438017977213261,0.0004802521906507983,0.000732194060172104,0.00017200005006064376,0.00014162202286403607,0.0004545717792481066,3.104051769102782e-05,1.868805506808033e-08,0.0004665301922894346,0.0006182490058185053,0.0016479517639079485,0.0005662934953787572,0.000993728525578266,0.0009595174535019198,0.0002342254319855718,0.00022972647682698206,0.0013347540569211165,9.167783786215144e-05,3.7755008922613164e-05,2.342491093234051e-06,1.4292256881261135e-06,6.5629311462621885e-06,0.004306496564664298,2.1355387046013787e-08,2.6908659573663913e-06,3.0146731503150514e-07,2.6037722044261293e-05,1.1728692590041406e-05,5.61863824018559e-05,0.0007092777320840331,0.000314232198832638,0.00029710757733505066,9.12321119569675e-05,4.134616634987728e-07,0.0014195744768202541,0.0022027699482957963,0.0004460853961972863,0.00044095476693197113,0.0006479785598397622,0.0017570949103291734,0.0010444763903226133,0.0018653746810101987,0.002545178770733489,0.002252042334446075,0.00037920601175422643,0.001086386700675242,0.00013723061559055497,0.0005586504164133388,0.0009258535661862819,0.0002871468777252474,0.00116971651050037,5.865821743768437e-06,0.00010767804409073534,0.0002417996912500638,0.00039963981605965467,0.000537593329561218,9.93824854402116e-05,0.00016021287184115856,2.966909035375329e-05,0.0006496237146941769,0.0007903080404955488,0.0004963431323966458,0.0005571881810789634,0.0004813590504323005,8.80792555138731e-05,7.494444419268141e-05,0.00015124367475673466,6.011519753923994e-07,1.727298942455255e-06,0.0008507143587313072,1.7877962928873983e-06,6.66932064715751e-06,4.400722824144962e-07,5.381784462337988e-07,7.375651499252226e-07,1.2561751454622547e-05,1.6885450076505257e-07,0.004170768820403591,0.005243724713021899,0.001656638394180174,0.001755281542682098,0.0003664433913448074,2.4575043760165493e-06,1.8728107460370555e-06,2.235374133039126e-06,0.0007988034277754019,0.0016007556983350386,0.00038738672388650644,0.0006572036929353372,1.8767675263347314e-06,1.3536825550487447e-05,1.711743659292945e-06,0.000551102540394796,0.005243724713021899,-9.425208823598112e-05
r226 plog[7]@21.5atm NO + OH <=> HNO2,0.0,0.0,0.0,0.0,0.0,0.0,0.0,0.0,0.0,0.0,0.0,0.00033989189734598575,0.000261565587466044,0.0003351688962958995,0.0005441051449001696,0.00023449262269123564,0.00026526433975943123,0.0005215100781768324,5.237636616375064e-06,2.1386962458864994e-08,0.0006774748635138857,0.0006634642565727173,0.0002786878907948733,0.00028183414751848664,5.35745707684418e-05,0.00024981730573981644,0.0015513490050751211,0.00022171035396489842,0.0,0.0,0.0,0.0,0.0,0.0,0.0,0.0,0.0,0.0,2.6710753462231046e-05,0.000619268128055465,0.0004894539426149432,0.0018629200533732914,3.05469491820977e-06,0.0004301165816432106,0.0007208561672412626,1.8608028308858153e-06,0.0009157240980818995,0.0011134561227863988,0.004801771261993151,0.00025474375419463273,0.0012975612982816013,0.0012188669397209715,0.0001107392648391386,0.0008260353789597565,0.0011105650027563125,0.0019459073387156464,0.0,0.0,0.0,0.0,0.0,0.0,0.0,0.0,0.0,0.0003282465261770916,0.0006916007544860695,0.0005811038902176476,0.0006824765033463148,4.431752831472868e-05,4.962776182103509e-05,0.0008386202204618931,4.7696460956550205e-05,0.0012209991442398585,0.001684460311749871,0.0002575445945771438,8.478044060660097e-05,1.2361533842152346e-05,0.00055768754228684,0.0,0.0,0.0,0.0,0.0,0.0,0.0,0.0,0.0,0.0,0.005301686062835047,0.0015519751652583542,0.0012595738061028092,0.0014779882089614087,0.0005583660014515322,9.552339512557234e-06,1.110528792796176e-05,7.629912848657233e-05,0.0028092214342328534,0.0028929975864891593,0.003341537849345202,0.0007674585725962315,0.004509403069765331,0.0009072375911979403,8.952006490094417e-06,0.0005461505662727744,0.005301686062835047,9.872567297127022e-06
r166 NH + NNH <=> N2 + NH2,1.633472830106268e-06,1.905716379520226e-07,1.0995537662104511e-07,1.9479767954283162e-07,1.5056798105294264e-06,3.7652796811624025e-06,2.0984775287850993e-06,1.4798264784340207e-06,3.0216619485805363e-06,2.0007428914602667e-06,6.203771999932978e-07,0.0004619844789188622,0.00010375803767284927,0.00046069614579421694,0.0004975572158143917,0.0001495248551330294,0.0004013830104116974,0.00037325697054211253,0.001990409657746204,1.1107192071024008e-05,0.0005777394411563925,0.00044652326838397514,0.0008139412111107353,0.0011125268694007421,0.0004122314683846006,0.0003734245602942573,0.0002351300140722967,0.0002806566213897545,4.4610185421993575e-06,0.0006888634093215859,3.7558336985616625e-05,4.517372452732627e-06,3.1196127335872023e-06,2.811877090422297e-05,0.0015355834603778063,3.157690121280603e-06,9.774910648143573e-06,4.058771914761382e-06,1.7101022405962866e-05,0.0006770759642508857,0.00019898837480446114,0.0002010890721987591,0.00034745117975652345,0.0008393051292530534,5.886175245287629e-05,1.1681190262484404e-05,0.0006824723940699339,0.00046250602542891224,0.0010538653225481932,0.0019775263624206073,0.0018257509585292131,0.0004120975076057944,0.00030775446225490084,9.874687594934614e-05,0.00036976122326988855,0.002668949478589719,0.000700000969160387,0.00044023350785961005,0.000461247785234009,0.00022813374822060228,0.0008584714624358831,0.001129038982702131,0.0009028787144763763,1.5672643849524268e-05,8.172586720404167e-05,5.690631912329955e-05,0.00028335335836335,0.0001438337500530226,0.0003704552395534957,0.0006342619263908725,0.0007348826062800013,0.00021672194133998013,0.0005040079616640611,0.001266400728781692,0.0005351144892245958,0.00031363881496431514,0.0005620120206405221,0.00016520928506856737,0.0007826738503437985,2.7971774065420258e-06,9.203785149773593e-06,0.000846987351322717,9.606394189700195e-06,1.8623413583573942e-06,9.936957648725921e-06,7.606351493749097e-06,6.0153179159440255e-06,4.973528164546545e-07,0.00011069330534563073,0.003855008447992021,0.001204349356418669,0.0015291785117482598,0.0014656389635472904,0.001632887724199083,1.635388129254749e-05,1.4736511742481279e-05,0.00010337771482348889,0.0012885095853039893,0.0029784121632076637,0.0020583302931464283,0.0003274571832858139,0.001775693269684423,0.00014795401573084642,1.2643578252927069e-05,0.0005197238751862637,0.003855008447992021,5.574753617442063e-05
r170 NNH + O <=> N2 + OH,1.428212258852694e-06,5.5099444871825574e-08,1.046215409641788e-07,2.4037288923676834e-07,1.2513320482005899e-06,6.817034613347287e-07,1.3432246782253616e-06,9.317140426830177e-07,1.5350375514029417e-06,5.43163353786945e-07,9.266925938122104e-07,0.00035007779627773257,0.0003148329773779638,0.0003516779971344455,0.0002981933839521233,0.00011609588633791497,0.00017659262571241213,0.00036833959184675083,3.5180856431999573e-06,8.370733877381102e-06,0.0005397731114847008,0.0009543980774677939,6.612796566709202e-05,2.699644438548143e-05,0.0014576682875413018,0.00019923913911123908,0.0019022696838332097,0.0001363736853772651,3.889891469352468e-06,8.919603134871437e-05,2.0275971248083236e-05,0.0008271834810377083,5.981690186870888e-07,2.732889941509068e-05,0.0012299204679610772,1.0060202589118009e-06,7.797186217712049e-06,1.2911791956902457e-06,2.167008247682359e-05,0.000634366999830157,4.065366097670695e-06,0.0001161458622339881,0.000583727347369811,0.0004818676950260574,0.0014993729567202537,5.647250413044066e-06,0.0008148371068188651,0.0006630673916854148,0.00012456172919718964,0.0016010020500398178,0.0018080897013855398,0.00025651026250949406,0.001999495755345841,0.00043132105661599436,0.0005685164675431117,0.0017685409571495865,0.0007250395759436212,7.080796368602015e-05,0.0005685027247948646,0.0006963436101184251,0.0008938167906500134,0.0008466287061381108,0.0011582439029368975,6.102388097705204e-05,6.988949029367265e-05,0.00034975928993901827,0.00020170122262974113,0.00018384580748621605,0.0004901682130682771,5.6857392762450216e-05,0.00037210936211941505,0.0004744775287418371,0.0008057902660880381,0.0011955165531631318,0.0005567206531349142,0.0006955539297011083,0.00022045941058826808,0.0002097981079064927,0.0004040267361822857,1.706570343761911e-05,5.770952169469389e-07,0.0009993798310060412,3.0402704825901408e-06,6.4683455445977465e-06,1.4086183072655251e-05,1.1628348759448192e-05,2.981743398606738e-05,5.2446555472476595e-06,4.6544356020989714e-05,0.0006439403702673405,0.00016377799772391592,0.0010439532304935264,0.0025486635598533374,9.395195744737248e-05,4.1393835357253895e-06,1.5887231258275447e-07,0.00010890891745193966,0.0015638154173827515,0.004867093430991663,0.0036793452168899124,0.0024992832350652,3.754050533437408e-05,0.0007870356597322098,3.927873072766419e-06,0.00051305143223269,0.004867093430991663,-0.00011860205697468228
r225 plog[8]@46.4atm HNO2 <=> HONO,0.0,0.0,0.0,0.0,0.0,0.0,0.0,0.0,0.0,0.0,0.0,0.0,0.0,0.0,0.0,0.0,0.0,0.0,0.0,0.0,0.0005518613799737887,0.0005418354743608488,0.0002678100926070303,0.0002653809806055382,0.00011320414367701401,0.00041165656415220953,0.0019530319510354785,0.0006521126607078059,0.0,0.0,0.0,0.0,0.0,0.0,0.0,0.0,0.0,0.0,0.0,0.0,0.0,0.0,0.0,0.0,0.0,0.0,0.0,0.002328368421760321,0.0012620808835304656,0.001713672553398404,0.00387095739159287,0.00011545697910865742,0.0001274284389334651,0.0008207732046334985,0.0014641955795411342,0.0021375438224588853,0.0,0.0,0.0,0.0,0.0,0.0,0.0,0.0,0.0,0.0,0.0,0.0,0.0,0.0,0.0,0.0,0.0001319085724547896,0.0006356827321464753,0.001368641029458507,0.0009883231877038784,0.0005841989843893927,0.0013193505444552738,0.00022177211666323562,0.0,0.0,0.0,0.0,0.0,0.0,0.0,0.0,0.0,0.0,0.0,0.0,0.0,0.0,0.0,0.0,0.0,0.0,0.0027311473880102534,0.0029003280010531803,0.0075640116438135665,0.008468440094427024,0.004455138923916708,0.0008491449099574731,1.1952209071069273e-05,0.0004887251044192139,0.008468440094427024,6.709282398753046e-05
r226 plog[8]@46.4atm NO + OH <=> HNO2,0.0,0.0,0.0,0.0,0.0,0.0,0.0,0.0,0.0,0.0,0.0,0.0,0.0,0.0,0.0,0.0,0.0,0.0,0.0,0.0,0.0005804773846923708,0.0009642483261270682,7.096802909741317e-05,0.0006832661842179295,0.0002388344550479631,0.000635485641811781,0.0019780399506335008,2.108044997135312e-05,0.0,0.0,0.0,0.0,0.0,0.0,0.0,0.0,0.0,0.0,0.0,0.0,0.0,0.0,0.0,0.0,0.0,0.0,0.0,0.004743786877688574,0.00031733691430892267,0.002914484329941733,0.0005286117587571614,0.00045431996450082275,0.0019672874850300494,6.425608786933332e-07,0.0024399808372967883,0.0026914249723148575,0.0,0.0,0.0,0.0,0.0,0.0,0.0,0.0,0.0,0.0,0.0,0.0,0.0,0.0,0.0,0.0,0.0004090760149032587,0.00019746002674831092,0.0001931120056780417,0.00021935308967051183,0.001260208869717284,6.11611809275386e-05,0.00014257750718495277,0.0,0.0,0.0,0.0,0.0,0.0,0.0,0.0,0.0,0.0,0.0,0.0,0.0,0.0,0.0,0.0,0.0,0.0,3.69831158584953e-05,0.0019403148400955318,0.0022544681687524824,0.009695192321555609,0.004499658288860272,0.0011403848040429058,9.116676000907463e-06,0.00041624368300301044,0.009695192321555609,5.269179309426638e-05
r190 plog[8]@46.4atm NO + OH <=> HONO,0.0,0.0,0.0,0.0,0.0,0.0,0.0,0.0,0.0,0.0,0.0,0.0,0.0,0.0,0.0,0.0,0.0,0.0,0.0,0.0,0.0004430778358270323,0.0008589544653592301,0.00021231362215520314,0.001018651488828173,7.785108684484762e-05,0.0011830490647880762,0.0011183924581349843,0.0003953616335662885,0.0,0.0,0.0,0.0,0.0,0.0,0.0,0.0,0.0,0.0,0.0,0.0,0.0,0.0,0.0,0.0,0.0,0.0,0.0,0.0011073939045010844,0.0012327418950817143,0.0025336205545291334,6.278073047379722e-05,0.00031477684283637714,0.0024879590562569896,0.000772617071471929,0.002084973891866597,0.0017226882430383672,0.0,0.0,0.0,0.0,0.0,0.0,0.0,0.0,0.0,0.0,0.0,0.0,0.0,0.0,0.0,0.0,0.0002295061478714354,9.518791747400129e-06,0.0008413733442112954,0.00010795523295180508,0.0010748400831202848,0.0012019911783697772,0.00042853338849811387,0.0,0.0,0.0,0.0,0.0,0.0,0.0,0.0,0.0,0.0,0.0,0.0,0.0,0.0,0.0,0.0,0.0,0.0,0.0015349857105075532,0.0012505438624200577,0.001982048384071903,0.0034376532582183813,0.00014256830539093155,0.0006395612430198887,0.0009055128199672795,0.00030205572688390313,0.0034376532582183813,-5.0946069382469994e-05
r225 plog[6]@10.0atm HNO2 <=> HONO,0.0,0.0,0.0,0.0,0.0,0.0,0.0,0.0,0.0,0.0,0.0,0.0008936432512006628,4.736556584102836e-05,0.000661079433346177,7.801656374593099e-05,3.632634399057079e-06,3.244782808657904e-05,6.28569786047723e-05,6.8242791816519e-06,1.1717846219587407e-07,0.0,0.0,0.0,0.0,0.0,0.0,0.0,0.0,0.0,0.0,0.0,0.0,0.0,0.0,0.0,0.0,0.0,0.0,0.00017797054538714355,0.0006713183198989649,0.0006204331102196666,0.000593909604725536,0.0003155597677728418,0.00043377794410093257,0.0014985107793310463,3.146484625763017e-06,0.0010865219559957168,0.0,0.0,0.0,0.0,0.0,0.0,0.0,0.0,0.0,0.0,0.0,0.0,0.0,0.0,0.0,0.0,0.0,0.0,0.00022503452900151462,0.00041328276927236494,8.297882697833105e-05,7.51248683732915e-05,3.606548770122015e-05,0.0013841804006107757,0.0005398501675123394,0.0,0.0,0.0,0.0,0.0,0.0,0.0,0.0,0.0,0.0,0.0,0.0,0.0,0.0,0.0,0.0,0.0,0.0031565899982462405,0.0008290479601530411,0.0015781931521978028,0.00279604210698278,0.00032865577393321,2.0559401515932777e-06,2.7433828699850005e-06,7.36874339740409e-06,0.0,0.0,0.0,0.0,0.0,0.0,0.0,0.00017927256088757273,0.0031565899982462405,0.0001015280284888713
r190 plog[6]@10.0atm NO + OH <=> HONO,0.0,0.0,0.0,0.0,0.0,0.0,0.0,0.0,0.0,0.0,0.0,0.0007129610205570984,0.00037604585993897233,0.000509574820849767,0.0005809079376796477,0.0006067803645454609,0.00047312653269032055,0.00034631431773421217,0.0001269180805827955,2.967384153813778e-08,0.0,0.0,0.0,0.0,0.0,0.0,0.0,0.0,0.0,0.0,0.0,0.0,0.0,0.0,0.0,0.0,0.0,0.0,0.00032993594234586194,6.019940710775954e-05,0.0003023479851598022,3.925543865937775e-05,2.041177267411899e-05,0.0011045863023977553,0.0003429640005722261,1.2887642518388918e-06,9.199075333109318e-05,0.0,0.0,0.0,0.0,0.0,0.0,0.0,0.0,0.0,0.0,0.0,0.0,0.0,0.0,0.0,0.0,0.0,0.0,0.00014572365681004534,0.00016281951047776222,0.0007782150807309268,0.00015275959587837323,0.0010247622271203189,0.0011402740040975688,0.0006476475871296239,0.0,0.0,0.0,0.0,0.0,0.0,0.0,0.0,0.0,0.0,0.0,0.0,0.0,0.0,0.0,0.0,0.0,0.0010338679295223629,0.0034882590777900262,0.0009491224942873809,0.002549944628731171,0.0004941048377773455,6.957353570872046e-06,9.102758845665808e-06,3.1548821627550506e-06,0.0,0.0,0.0,0.0,0.0,0.0,0.0,0.0001789649480754985,0.0034882590777900262,-7.440950028933052e-05
r226 plog[6]@10.0atm NO + OH <=> HNO2,0.0,0.0,0.0,0.0,0.0,0.0,0.0,0.0,0.0,0.0,0.0,2.0038709645335127e-06,0.00023560726671519679,0.00089020811404534,0.0008657260382499796,0.00026130545050262184,0.00029496265062873005,0.0003223086854980074,5.18486317917424e-06,1.895072049598101e-08,0.0,0.0,0.0,0.0,0.0,0.0,0.0,0.0,0.0,0.0,0.0,0.0,0.0,0.0,0.0,0.0,0.0,0.0,0.00019453652156354497,0.0007129897412816085,0.00039998063260970884,0.0005292476603263389,0.00020982781360261385,9.430730693373313e-05,0.0007091146217343123,0.0015392185757846792,0.001832783451209835,0.0,0.0,0.0,0.0,0.0,0.0,0.0,0.0,0.0,0.0,0.0,0.0,0.0,0.0,0.0,0.0,0.0,0.0,0.0005067204139261524,0.00013439055457004418,5.0869700710872054e-05,0.00039980482243134267,0.0002005091241816971,0.001380244035188177,0.0009816871781775669,0.0,0.0,0.0,0.0,0.0,0.0,0.0,0.0,0.0,0.0,0.0,0.0,0.0,0.0,0.0,0.0,0.0,0.0011947596103841548,0.0005960900503277418,0.0007929895345883425,0.0010248984100537121,0.00034793710611503883,4.217630928628685e-06,9.438291506349878e-06,1.5159431245110729e-05,0.0,0.0,0.0,0.0,0.0,0.0,0.0,0.00016095238567197487,0.001832783451209835,-2.7088470229517527e-05
r190 plog[4]@2.2atm NO + OH <=> HONO,2.1468767596613136e-08,9.942042369488311e-07,1.8575697341177574e-07,2.3526348288319825e-08,2.60646320462281e-07,2.8830202474400964e-07,9.828958829526687e-09,3.4866784724481694e-08,3.953363656244107e-08,8.515969275960747e-08,8.794817628255605e-07,0.0,0.0,0.0,0.0,0.0,0.0,0.0,0.0,0.0,0.0,0.0,0.0,0.0,0.0,0.0,0.0,0.0,0.0013268166481308844,5.358482344205273e-05,4.140316183764997e-05,5.050169112981288e-06,3.907596120159385e-07,3.707608426610821e-05,0.003551980438455669,1.6261530090178877e-05,7.406975041641729e-07,1.9302735322648415e-06,0.0,0.0,0.0,0.0,0.0,0.0,0.0,0.0,0.0,0.0,0.0,0.0,0.0,0.0,0.0,0.0,0.0,0.0,0.000711418855272601,0.0010520605926143335,0.00025444959210264585,0.00039089464624918744,0.0003168298666544565,0.0017569537743570031,0.0011273304981388654,0.0004678626819259901,0.0013452652292854342,0.0,0.0,0.0,0.0,0.0,0.0,0.0,0.0,0.0,0.0,0.0,0.0,0.0,0.0,2.505281717692767e-05,1.4953304489723175e-05,0.0009766612712121736,5.022888861855462e-06,4.400102561699395e-06,1.4763028594727449e-05,4.550268248152597e-06,2.3173008119755292e-05,9.186591380665222e-06,1.7596795559159344e-05,0.0,0.0,0.0,0.0,0.0,0.0,0.0,0.0,0.0,0.0,0.0,0.0,0.0,0.0,0.0,0.00013035079975285075,0.003551980438455669,-4.4533815257607945e-05
r190 plog[3]@1.0atm NO + OH <=> HONO,1.7267160376496606e-07,3.9163255868274366e-08,1.2433180848254103e-07,1.1026404280330031e-08,7.105358941420848e-08,2.9374196490582255e-07,1.2776863224216963e-07,1.3152374805194e-07,8.157774408062788e-08,1.1382058191089144e-07,1.368282777053718e-07,0.0,0.0,0.0,0.0,0.0,0.0,0.0,0.0,0.0,0.0,0.0,0.0,0.0,0.0,0.0,0.0,0.0,4.4315512439521535e-06,6.010902558059838e-05,3.4991290845765736e-05,7.858007441640401e-06,1.6990054367255913e-06,2.2982725666767268e-05,0.004730292524051055,7.73480174999143e-07,5.626672654169493e-06,4.608030961600607e-06,0.0,0.0,0.0,0.0,0.0,0.0,0.0,0.0,0.0,0.0,0.0,0.0,0.0,0.0,0.0,0.0,0.0,0.0,0.0002819418800542976,0.0007236922418899777,0.0011362951195826785,0.001402609234899683,0.0006641938313473423,0.0009408993374711225,0.00047540658188385864,0.0006237127711220925,0.00037772830793506777,0.0,0.0,0.0,0.0,0.0,0.0,0.0,0.0,0.0,0.0,0.0,0.0,0.0,0.0,9.171580354512302e-06,1.502882798484203e-05,0.0009919262677889292,2.9671240941545017e-06,3.0509522188093427e-06,1.49852899476809e-05,1.2092066148558555e-05,7.831128375929859e-07,7.573850193562507e-06,8.252653269165437e-05,0.0,0.0,0.0,0.0,0.0,0.0,0.0,0.0,0.0,0.0,0.0,0.0,0.0,0.0,0.0,0.00012155058396263844,0.004730292524051055,-1.3545302748412104e-05
r225 plog[3]@1.0atm HNO2 <=> HONO,9.208369804780103e-08,6.27981075356247e-08,1.2200854369904067e-07,2.817519147537331e-09,9.339921151738282e-09,9.331360358003594e-07,3.043292450286737e-08,5.294495405262932e-09,3.118601886600981e-08,4.7818960906856436e-08,1.0096228265384262e-07,0.0,0.0,0.0,0.0,0.0,0.0,0.0,0.0,0.0,0.0,0.0,0.0,0.0,0.0,0.0,0.0,0.0,9.3784820296863e-06,2.4458265032381582e-05,8.913356775144617e-05,9.778692988050163e-06,2.747960335099173e-07,2.7578042868934027e-06,0.004564351597795363,1.7576555092048507e-06,1.1260217898875055e-07,3.684607072295424e-06,0.0,0.0,0.0,0.0,0.0,0.0,0.0,0.0,0.0,0.0,0.0,0.0,0.0,0.0,0.0,0.0,0.0,0.0,0.0011142753011878059,0.0013257921531674467,0.0009185899063613371,0.0002921651751404828,0.0002703289033494681,2.5231497805813365e-05,0.0012112755204290225,2.552160591941041e-05,4.195997003354815e-05,0.0,0.0,0.0,0.0,0.0,0.0,0.0,0.0,0.0,0.0,0.0,0.0,0.0,0.0,3.3202280370198336e-05,7.471554438666137e-06,0.0009667047782240081,3.2527495902687956e-06,1.0366551398014813e-05,1.556426450841288e-05,1.4549023237049741e-05,2.6674563006285763e-05,1.9712175520897804e-06,7.121777512631133e-06,0.0,0.0,0.0,0.0,0.0,0.0,0.0,0.0,0.0,0.0,0.0,0.0,0.0,0.0,0.0,0.00010595331483093748,0.004564351597795363,-2.5647137192794998e-06
r226 plog[4]@2.2atm NO + OH <=> HNO2,9.648923080613927e-08,6.083385185063564e-07,8.954689755274219e-08,8.623515144069557e-08,2.268116493233681e-07,5.964585111033297e-08,4.0834141429991976e-08,1.2701114011329377e-08,8.514723536031952e-08,1.0897959368749865e-07,1.2426419994703695e-07,0.0,0.0,0.0,0.0,0.0,0.0,0.0,0.0,0.0,0.0,0.0,0.0,0.0,0.0,0.0,0.0,0.0,1.2434448705106448e-05,0.0007903321091836896,4.2666907502558074e-05,1.3888306844034685e-05,5.960542286713282e-07,5.89666974462481e-06,3.464164682767785e-05,6.511834925996872e-07,1.3032581725092391e-05,4.118013952438489e-07,0.0,0.0,0.0,0.0,0.0,0.0,0.0,0.0,0.0,0.0,0.0,0.0,0.0,0.0,0.0,0.0,0.0,0.0,0.0008977120301079486,0.0005761394305789724,0.001032819332539039,0.0009254300916406193,0.0005819393268145542,0.0017418898261641186,0.0013497640404810936,0.0006204454773393743,0.0005302184777927547,0.0,0.0,0.0,0.0,0.0,0.0,0.0,0.0,0.0,0.0,0.0,0.0,0.0,0.0,7.086049579227063e-06,2.1293445790765567e-05,0.0009182250895756469,1.2058016638347581e-06,2.1191636338318678e-06,1.5897521731537063e-05,3.4996012221303667e-06,1.8414381943229657e-06,1.4300605574468558e-07,3.1524490087631513e-05,0.0,0.0,0.0,0.0,0.0,0.0,0.0,0.0,0.0,0.0,0.0,0.0,0.0,0.0,0.0,9.783927254063098e-05,0.0017418898261641186,1.8149187300996448e-05
r226 plog[3]@1.0atm NO + OH <=> HNO2,3.387344655916143e-08,7.800330338008167e-07,1.6326936845039573e-07,6.104908989390924e-08,6.486812597584564e-08,1.1112904336689203e-07,1.4800131740275028e-08,8.056518705120193e-08,1.4593715265787174e-07,1.8651054922183974e-09,9.012996240452725e-09,0.0,0.0,0.0,0.0,0.0,0.0,0.0,0.0,0.0,0.0,0.0,0.0,0.0,0.0,0.0,0.0,0.0,9.147378431762024e-06,3.3915669496520996e-05,1.7112729201788055e-05,9.62625815027345e-06,1.1467782336676567e-07,2.0888474448013033e-05,0.0034144916233344856,5.615495178280392e-07,5.4221983923665565e-06,4.505340763910566e-06,0.0,0.0,0.0,0.0,0.0,0.0,0.0,0.0,0.0,0.0,0.0,0.0,0.0,0.0,0.0,0.0,0.0,0.0,2.75607223470848e-05,0.00035624700524749625,0.0007025685304018174,0.00015547255098778573,0.0007972198612270485,0.00022320341774152458,0.0004056827803979236,0.0003505316209780728,0.0005706810940462985,0.0,0.0,0.0,0.0,0.0,0.0,0.0,0.0,0.0,0.0,0.0,0.0,0.0,0.0,6.247352808136176e-06,6.343428226131096e-08,0.0010620084826134888,5.097312166762114e-06,3.4974269649234228e-06,5.919482227000293e-07,6.447610649679867e-06,1.0417201649518516e-06,6.546443605803817e-06,8.038754954313733e-05,0.0,0.0,0.0,0.0,0.0,0.0,0.0,0.0,0.0,0.0,0.0,0.0,0.0,0.0,0.0,7.959951121767733e-05,0.0034144916233344856,-2.7228567402856417e-05
r225 plog[4]@2.2atm HNO2 <=> HONO,1.4870645875773633e-07,5.0995512532748935e-08,1.0711202420701559e-07,2.7925182629888076e-08,1.9762794043932363e-08,4.47096366004014e-07,9.197022577653734e-08,1.1405368127871108e-08,8.784591082142558e-08,4.790671840375716e-08,2.501512935429234e-07,0.0,0.0,0.0,0.0,0.0,0.0,0.0,0.0,0.0,0.0,0.0,0.0,0.0,0.0,0.0,0.0,0.0,1.6040667009678053e-05,7.387976174305878e-05,4.403999116868382e-06,6.637325432119371e-06,6.422329063187646e-07,0.00030601625284091844,0.00041599984684279235,2.0894870810783576e-05,6.243938951880011e-06,4.660332566524108e-06,0.0,0.0,0.0,0.0,0.0,0.0,0.0,0.0,0.0,0.0,0.0,0.0,0.0,0.0,0.0,0.0,0.0,0.0,0.00037033365977781054,0.0010355740965710624,0.0009091016154429486,0.00016590385634495847,8.840350790240597e-05,6.277463329208775e-05,0.0019753241284856727,5.52423862577445e-06,7.018235353252174e-05,0.0,0.0,0.0,0.0,0.0,0.0,0.0,0.0,0.0,0.0,0.0,0.0,0.0,0.0,6.797036936941398e-06,1.4247842238665428e-06,0.0009317628664829385,7.95895548783616e-07,5.939395479695043e-06,1.4108760591425482e-05,1.088571423967174e-05,3.1243481228916015e-05,5.253432701971652e-06,7.400220343109467e-05,0.0,0.0,0.0,0.0,0.0,0.0,0.0,0.0,0.0,0.0,0.0,0.0,0.0,0.0,0.0,6.367351698958017e-05,0.0019753241284856727,2.774101430268369e-05
r8 H2 + HE <=> 2 H + HE,0.0,0.0,0.0,0.0,0.0,0.0,0.0,0.0,0.0,0.0,0.0,0.0,0.0,0.0,0.0,0.0,0.0,0.0,0.0,0.0,0.0,0.0,0.0,0.0,0.0,0.0,0.0,0.0,0.0,0.0,0.0,0.0,0.0,0.0,0.0,0.0,0.0,0.0,0.0,0.0,0.0,0.0,0.0,0.0,0.0,0.0,0.0,0.0,0.0,0.0,0.0,0.0,0.0,0.0,0.0,0.0,0.0,0.0,0.0,0.0,0.0,0.0,0.0,0.0,0.0,0.0,0.0,0.0,0.0,0.0,0.0,0.0,0.0,0.0,0.0,0.0,0.0,0.0,0.0,0.0,0.0,0.0,0.0,0.0,0.0,0.0,0.0,0.0,0.0,0.0,0.0,0.0,0.0,0.0,0.0,0.0,0.0,0.0,0.0,0.0,0.0,0.0,0.0,0.0,0.0,0.0,0.0
r226 plog[5]@4.6atm NO + OH <=> HNO2,0.0,0.0,0.0,0.0,0.0,0.0,0.0,0.0,0.0,0.0,0.0,0.0,0.0,0.0,0.0,0.0,0.0,0.0,0.0,0.0,0.0,0.0,0.0,0.0,0.0,0.0,0.0,0.0,0.0,0.0,0.0,0.0,0.0,0.0,0.0,0.0,0.0,0.0,0.0,0.0,0.0,0.0,0.0,0.0,0.0,0.0,0.0,0.0,0.0,0.0,0.0,0.0,0.0,0.0,0.0,0.0,0.0,0.0,0.0,0.0,0.0,0.0,0.0,0.0,0.0,0.0,0.0,0.0,0.0,0.0,0.0,0.0,0.0,0.0,0.0,0.0,0.0,0.0,0.0,0.0,0.0,0.0,0.0,0.0,0.0,0.0,0.0,0.0,0.0,0.0,0.0,0.0,0.0,0.0,0.0,0.0,0.0,0.0,0.0,0.0,0.0,0.0,0.0,0.0,0.0,0.0,0.0
r225 plog[5]@4.6atm HNO2 <=> HONO,0.0,0.0,0.0,0.0,0.0,0.0,0.0,0.0,0.0,0.0,0.0,0.0,0.0,0.0,0.0,0.0,0.0,0.0,0.0,0.0,0.0,0.0,0.0,0.0,0.0,0.0,0.0,0.0,0.0,0.0,0.0,0.0,0.0,0.0,0.0,0.0,0.0,0.0,0.0,0.0,0.0,0.0,0.0,0.0,0.0,0.0,0.0,0.0,0.0,0.0,0.0,0.0,0.0,0.0,0.0,0.0,0.0,0.0,0.0,0.0,0.0,0.0,0.0,0.0,0.0,0.0,0.0,0.0,0.0,0.0,0.0,0.0,0.0,0.0,0.0,0.0,0.0,0.0,0.0,0.0,0.0,0.0,0.0,0.0,0.0,0.0,0.0,0.0,0.0,0.0,0.0,0.0,0.0,0.0,0.0,0.0,0.0,0.0,0.0,0.0,0.0,0.0,0.0,0.0,0.0,0.0,0.0
r11 2 O + HE <=> O2 + HE,0.0,0.0,0.0,0.0,0.0,0.0,0.0,0.0,0.0,0.0,0.0,0.0,0.0,0.0,0.0,0.0,0.0,0.0,0.0,0.0,0.0,0.0,0.0,0.0,0.0,0.0,0.0,0.0,0.0,0.0,0.0,0.0,0.0,0.0,0.0,0.0,0.0,0.0,0.0,0.0,0.0,0.0,0.0,0.0,0.0,0.0,0.0,0.0,0.0,0.0,0.0,0.0,0.0,0.0,0.0,0.0,0.0,0.0,0.0,0.0,0.0,0.0,0.0,0.0,0.0,0.0,0.0,0.0,0.0,0.0,0.0,0.0,0.0,0.0,0.0,0.0,0.0,0.0,0.0,0.0,0.0,0.0,0.0,0.0,0.0,0.0,0.0,0.0,0.0,0.0,0.0,0.0,0.0,0.0,0.0,0.0,0.0,0.0,0.0,0.0,0.0,0.0,0.0,0.0,0.0,0.0,0.0
r190 plog[5]@4.6atm NO + OH <=> HONO,0.0,0.0,0.0,0.0,0.0,0.0,0.0,0.0,0.0,0.0,0.0,0.0,0.0,0.0,0.0,0.0,0.0,0.0,0.0,0.0,0.0,0.0,0.0,0.0,0.0,0.0,0.0,0.0,0.0,0.0,0.0,0.0,0.0,0.0,0.0,0.0,0.0,0.0,0.0,0.0,0.0,0.0,0.0,0.0,0.0,0.0,0.0,0.0,0.0,0.0,0.0,0.0,0.0,0.0,0.0,0.0,0.0,0.0,0.0,0.0,0.0,0.0,0.0,0.0,0.0,0.0,0.0,0.0,0.0,0.0,0.0,0.0,0.0,0.0,0.0,0.0,0.0,0.0,0.0,0.0,0.0,0.0,0.0,0.0,0.0,0.0,0.0,0.0,0.0,0.0,0.0,0.0,0.0,0.0,0.0,0.0,0.0,0.0,0.0,0.0,0.0,0.0,0.0,0.0,0.0,0.0,0.0
